step,sim_time,dt,advance_wall_time,reaction_wall_time,cumulative_wall_time
0,0.0,1e-08,1.24980908,0.914249488,1.24980908
1,1e-08,1.1e-08,0.969649922,0.6860594369999999,2.219459002
2,2.1e-08,1.21e-08,0.997699534,0.712389785,3.217158536
3,3.31e-08,1.331e-08,0.996457887,0.713393854,4.2136164229999995
4,4.641e-08,1.4641e-08,0.999707511,0.716422198,5.213323934
5,6.1051e-08,1.61051e-08,1.009564504,0.719542745,6.222888438
6,7.71561e-08,1.771561e-08,1.002635019,0.718715142,7.2255234569999995
7,9.487171e-08,1.9487171e-08,1.006011162,0.723524261,8.231534619
8,1.14358881e-07,2.14358881e-08,1.006712048,0.723612549,9.238246667
9,1.357947691e-07,2.357947691e-08,1.011082032,0.725084165,10.249328699
10,1.59374246e-07,2.59374246e-08,0.987993812,0.703717383,11.237322510999999
11,1.853116706e-07,2.853116706e-08,0.986352212,0.7030661119999999,12.223674722999998
12,2.138428377e-07,3.138428377e-08,0.988755417,0.705530785,13.212430139999999
13,2.452271214e-07,3.452271214e-08,0.991311897,0.707631966,14.203742036999998
14,2.797498336e-07,3.797498336e-08,0.992755109,0.709511409,15.196497145999999
15,3.177248169e-07,4.177248169e-08,0.998779162,0.711705239,16.195276308
16,3.594972986e-07,4.594972986e-08,0.998531503,0.713328134,17.193807811
17,4.054470285e-07,5.054470285e-08,0.99148014,0.707256291,18.185287951
18,4.559917313e-07,5.559917313e-08,0.987555431,0.70498183,19.172843382
19,5.115909045e-07,6.115909045e-08,0.996187279,0.713636943,20.169030661
20,5.727499949e-07,6.727499949e-08,0.957420955,0.673601976,21.126451616
21,6.400249944e-07,7.400249944e-08,0.956626924,0.672555692,22.083078540000002
22,7.140274939e-07,8.140274939e-08,0.953329422,0.670616004,23.036407962000002
23,7.954302433e-07,8.954302433e-08,0.966231317,0.677570455,24.002639279
24,8.849732676e-07,9.849732676e-08,0.959003176,0.673830044,24.961642455
25,9.834705943e-07,1.083470594e-07,0.961856655,0.676251852,25.923499109999998
26,1.091817654e-06,1.191817654e-07,0.965040188,0.678706514,26.888539297999998
27,1.210999419e-06,1.310999419e-07,0.972723946,0.685189758,27.861263243999996
28,1.342099361e-06,1.442099361e-07,0.972938715,0.686671499,28.834201958999998
29,1.486309297e-06,1.586309297e-07,0.976321809,0.691163647,29.810523768
30,1.644940227e-06,1.744940227e-07,0.958230247,0.672229251,30.768754015
31,1.81943425e-06,1.91943425e-07,0.965024396,0.678923382,31.733778411
32,2.011377675e-06,2.111377675e-07,0.977329023,0.691283444,32.711107434
33,2.222515442e-06,2.322515442e-07,0.988872399,0.700348258,33.699979833
34,2.454766986e-06,2.554766986e-07,0.989555106,0.7035283299999999,34.689534939
35,2.710243685e-06,2.810243685e-07,0.993486199,0.707159179,35.683021138
36,2.991268053e-06,3.091268053e-07,0.998169262,0.713176738,36.6811904
37,3.300394859e-06,3.400394859e-07,1.007549847,0.720937476,37.688740247
38,3.640434344e-06,3.740434344e-07,1.012793458,0.725518732,38.701533704999996
39,4.014477779e-06,4.114477779e-07,1.016753245,0.731085526,39.71828694999999
40,4.425925557e-06,4.525925557e-07,1.005435104,0.7079447649999999,40.72372205399999
41,4.878518112e-06,4.978518112e-07,1.008090118,0.710772358,41.73181217199999
42,5.376369924e-06,5.476369924e-07,1.016236477,0.71771736,42.74804864899999
43,5.924006916e-06,6.024006916e-07,1.021738512,0.723455661,43.76978716099999
44,6.526407608e-06,6.626407608e-07,1.024377181,0.725659753,44.79416434199999
45,7.189048369e-06,7.289048369e-07,1.029287072,0.7289642940000001,45.82345141399999
46,7.917953205e-06,8.017953205e-07,1.040985013,0.733575011,46.86443642699999
47,8.719748526e-06,8.819748526e-07,1.043177487,0.736156941,47.90761391399999
48,9.601723378e-06,9.701723378e-07,1.047401274,0.7414714419999999,48.95501518799999
49,1.057189572e-05,1.067189572e-06,1.050644829,0.744813586,50.00566001699999
50,1.163908529e-05,1.173908529e-06,0.993028582,0.687448914,50.99868859899999
51,1.281299382e-05,1.291299382e-06,0.997822967,0.691301732,51.99651156599999
52,1.41042932e-05,1.42042932e-06,0.999892561,0.6933295509999999,52.99640412699999
53,1.552472252e-05,1.562472252e-06,1.002079449,0.6944741249999999,53.99848357599999
54,1.708719477e-05,1.718719477e-06,1.004506356,0.6981176499999999,55.00298993199999
55,1.880591425e-05,1.890591425e-06,1.011631167,0.703868089,56.01462109899999
56,2.069650567e-05,2.079650567e-06,1.01845695,0.711325888,57.03307804899999
57,2.277615624e-05,2.287615624e-06,1.027497849,0.719563061,58.06057589799999
58,2.506377186e-05,2.516377186e-06,1.033631115,0.72753315,59.09420701299999
59,2.758014905e-05,2.768014905e-06,1.047341509,0.7386864559999999,60.14154852199999
60,3.034816395e-05,3.044816395e-06,0.986883735,0.680167564,61.128432256999986
61,3.339298035e-05,3.349298035e-06,1.006412253,0.69553629,62.134844509999986
62,3.674227838e-05,3.684227838e-06,1.01084617,0.699869565,63.14569067999999
63,4.042650622e-05,4.052650622e-06,1.019499538,0.710616755,64.16519021799999
64,4.447915685e-05,4.457915685e-06,1.030251715,0.721580404,65.195441933
65,4.893707253e-05,4.903707253e-06,0.926457497,0.610803237,66.12189943
66,5.384077978e-05,5.394077978e-06,0.931033687,0.617286295,67.052933117
67,5.923485776e-05,5.933485776e-06,0.937548421,0.624817323,67.990481538
68,6.516834354e-05,6.526834354e-06,0.947018869,0.6342927819999999,68.937500407
69,7.169517789e-05,7.179517789e-06,0.955192522,0.642511645,69.892692929
70,7.887469568e-05,7.897469568e-06,0.924436995,0.610559996,70.817129924
71,8.677216525e-05,8.687216525e-06,0.936990379,0.6225794899999999,71.754120303
72,9.545938177e-05,9.555938177e-06,0.947148035,0.633130765,72.70126833799999
73,0.00010501532,1.0511532e-05,0.959654773,0.644708389,73.66092311099999
74,0.0001155268519,1.156268519e-05,0.974495665,0.660185266,74.635418776
75,0.0001270895371,1.271895371e-05,0.996602672,0.67610963,75.63202144799999
76,0.0001398084909,1.399084909e-05,1.016828864,0.6936567650000001,76.648850312
77,0.0001537993399,1.538993399e-05,1.048516918,0.727041786,77.69736723
78,0.0001691892739,1.692892739e-05,1.07729949,0.751801275,78.77466672
79,0.0001861182013,1.862182013e-05,1.11451445,0.789115096,79.88918117
80,0.0002047400215,2.048400215e-05,0.989608955,0.6641359769999999,80.878790125
81,0.0002252240236,2.253240236e-05,1.034640644,0.705177578,81.913430769
82,0.000247756426,2.47856426e-05,1.105081493,0.76450003,83.018512262
83,0.0002725420686,1.771612833e-05,1.096333241,0.759358373,84.114845503
84,0.0002902581969,1.631455609e-05,1.107527188,0.777605396,85.222372691
85,0.000306572753,1.79460117e-05,1.144284498,0.814580072,86.36665718900001
86,0.0003245187647,1.20478292e-05,1.110090799,0.785822934,87.47674798800001
87,0.0003365665939,1.325261212e-05,1.111928325,0.786754441,88.58867631300001
88,0.000349819206,1.405787877e-05,1.121103521,0.796029237,89.709779834
89,0.0003638770848,1.546366665e-05,1.144684892,0.818724287,90.854464726
90,0.0003793407514,1.235723472e-05,0.978186059,0.6481985619999999,91.832650785
91,0.0003916979862,1.359295819e-05,0.968379167,0.646145475,92.801029952
92,0.0004052909444,1.412958003e-05,0.967953558,0.645139449,93.76898351
93,0.0004194205244,1.554253804e-05,0.97764272,0.651492505,94.74662623
94,0.0004349630624,1.558337345e-05,0.977891807,0.650964984,95.72451803700001
95,0.0004505464359,1.71417108e-05,0.983005078,0.655497187,96.70752311500001
96,0.0004676881467,1.590894673e-05,0.978941122,0.6522837850000001,97.68646423700001
97,0.0004835970934,8.201453297e-06,0.933089592,0.616351353,98.61955382900001
98,0.0004917985467,8.201453297e-06,0.918878044,0.603319921,99.53843187300001
99,0.0005,9.021598627e-06,0.93218039,0.608647859,100.470612263
100,0.0005090215986,9.92375849e-06,0.937280435,0.614412403,101.40789269800001
101,0.0005189453571,1.091613434e-05,0.937664987,0.615210135,102.34555768500002
102,0.0005298614915,1.200774777e-05,0.942895243,0.61965892,103.28845292800001
103,0.0005418692392,1.320852255e-05,0.948480823,0.623398042,104.23693375100001
104,0.0005550777618,1.45293748e-05,0.957157633,0.630503958,105.194091384
105,0.0005696071366,1.598231229e-05,0.962015287,0.636629698,106.156106671
106,0.0005855894489,1.758054351e-05,0.969611279,0.642357875,107.12571795000001
107,0.0006031699924,1.933859787e-05,0.980261135,0.645554414,108.10597908500002
108,0.0006225085902,1.93200384e-05,0.974011804,0.646676479,109.07999088900002
109,0.0006418286286,2.125204224e-05,0.977334117,0.650549622,110.05732500600001
110,0.0006630806709,2.337724646e-05,0.960687181,0.6246344,111.01801218700001
111,0.0006864579173,1.776357023e-05,0.943313947,0.614976761,111.96132613400002
112,0.0007042214876,1.953992725e-05,0.942151611,0.614892142,112.90347774500002
113,0.0007237614148,1.814566716e-05,0.943533392,0.615834801,113.84701113700002
114,0.000741907082,1.796214294e-05,0.935885885,0.609591695,114.78289702200003
115,0.0007598692249,1.975835723e-05,1.072097005,0.740056021,115.85499402700003
116,0.0007796275822,2.173419295e-05,0.993868081,0.6713129280000001,116.84886210800003
117,0.0008013617751,2.390761225e-05,1.009366933,0.677859631,117.85822904100003
118,0.0008252693874,2.246882795e-05,1.006808058,0.678662341,118.86503709900003
119,0.0008477382153,2.471571074e-05,1.023722214,0.689635894,119.88875931300004
120,0.000872453926,2.516238827e-05,0.993178904,0.6710535950000001,120.88193821700004
121,0.0008976163143,2.76786271e-05,0.985022676,0.667815045,121.86696089300004
122,0.0009252949414,3.044648981e-05,0.988429727,0.668034598,122.85539062000004
123,0.0009557414312,2.212928438e-05,0.966743613,0.645683676,123.82213423300004
124,0.0009778707156,1.106464219e-05,0.909883913,0.6024845990000001,124.73201814600004
125,0.0009889353578,1.106464219e-05,0.996431543,0.682770536,125.72844968900004
126,0.001,1.217110641e-05,1.008182655,0.6931722730000001,126.73663234400004
127,0.001012171106,1.338821705e-05,1.011446654,0.698510459,127.74807899800004
128,0.001025559323,1.472703876e-05,1.016931211,0.704264547,128.76501020900005
129,0.001040286362,1.619974263e-05,1.020221264,0.706451119,129.78523147300007
130,0.001056486105,1.78197169e-05,1.012663043,0.69128353,130.79789451600007
131,0.001074305822,1.960168859e-05,1.028139641,0.702233184,131.82603415700007
132,0.00109390751,2.156185744e-05,1.030412471,0.708922301,132.85644662800007
133,0.001115469368,2.371804319e-05,1.040414714,0.7179715980000001,133.89686134200008
134,0.001139187411,2.608984751e-05,1.047780285,0.7267960259999999,134.94464162700007
135,0.001165277258,2.80056582e-05,1.07017824,0.735353284,136.01481986700006
136,0.001193282917,3.080622402e-05,1.078036957,0.747748293,137.09285682400005
137,0.001224089141,3.388684642e-05,1.085526652,0.753019777,138.17838347600005
138,0.001257975987,3.727553107e-05,1.096208586,0.758081446,139.27459206200004
139,0.001295251518,4.100308417e-05,1.104744351,0.767234449,140.37933641300003
140,0.001336254602,4.510339259e-05,0.996940409,0.680602666,141.37627682200002
141,0.001381357995,2.528935074e-05,0.954567691,0.65204928,142.33084451300002
142,0.001406647346,2.51100638e-05,0.947928715,0.644383361,143.278773228
143,0.001431757409,2.493911552e-05,0.942343005,0.638637495,144.221116233
144,0.001456696525,2.16517375e-05,0.928847268,0.626876676,145.149963501
145,0.001478348263,2.16517375e-05,0.93715871,0.609379235,146.087122211
146,0.0015,2.381691125e-05,0.944239299,0.612714778,147.03136151
147,0.001523816911,2.619860237e-05,0.94179037,0.61667855,147.97315188000002
148,0.001550015514,2.881846261e-05,0.95350495,0.6215733750000001,148.92665683
149,0.001578833976,3.170030887e-05,0.959028698,0.6254905390000001,149.885685528
150,0.001610534285,3.42434125e-05,0.900266541,0.587630286,150.78595206900002
151,0.001644777698,3.766775375e-05,0.896071749,0.587686717,151.682023818
152,0.001682445451,4.143452912e-05,0.917038947,0.597362326,152.599062765
153,0.00172387998,4.557798203e-05,0.942194459,0.6208534109999999,153.54125722400002
154,0.001769457963,2.876590832e-05,0.913836162,0.605832291,154.45509338600002
155,0.001798223871,3.110197579e-05,1.024020127,0.734797689,155.47911351300002
156,0.001829325847,2.31999822e-05,0.878462553,0.596081451,156.357576066
157,0.001852525829,1.982980342e-05,0.879588989,0.596160908,157.23716505500002
158,0.001872355632,1.529662245e-05,0.873834801,0.593186003,158.110999856
159,0.001887652255,1.260209915e-05,0.874598427,0.593109764,158.985598283
160,0.001900254354,1.054023463e-05,0.827179566,0.545023808,159.812777849
161,0.001910794588,9.619072296e-06,0.827470377,0.5539732079999999,160.640248226
162,0.001920413661,9.361995092e-06,0.834722731,0.5598045629999999,161.474970957
163,0.001929775656,9.340617827e-06,0.845094332,0.566302327,162.320065289
164,0.001939116274,9.368822661e-06,0.851352807,0.577283247,163.17141809600002
165,0.001948485096,9.576730439e-06,0.856928035,0.586412183,164.02834613100003
166,0.001958061827,9.979629558e-06,0.862739257,0.596552243,164.89108538800002
167,0.001968041456,1.038328254e-05,0.869852614,0.602466155,165.76093800200002
168,0.001978424739,1.068270028e-05,0.874446465,0.607280922,166.63538446700002
169,0.001989107439,1.089256083e-05,0.877422386,0.610085581,167.51280685300003
170,0.002,1.134013883e-05,0.917665806,0.634129779,168.43047265900003
171,0.002011340139,1.145001761e-05,0.872154054,0.5929531,169.30262671300002
172,0.002022790156,1.142869628e-05,0.867499002,0.59280743,170.170125715
173,0.002034218853,1.152298898e-05,0.874857858,0.597313822,171.04498357300002
174,0.002045741842,1.15009887e-05,0.877132657,0.5985983619999999,171.92211623000003
175,0.00205724283,1.128881712e-05,0.904032236,0.627990747,172.82614846600003
176,0.002068531648,1.100351703e-05,0.900013704,0.62742459,173.72616217000004
177,0.002079535165,1.079013655e-05,0.897628433,0.6288996609999999,174.62379060300003
178,0.002090325301,1.055284701e-05,0.903033606,0.631151822,175.52682420900004
179,0.002100878148,1.009914494e-05,0.9036691,0.6319726649999999,176.43049330900004
180,0.002110977293,9.54618e-06,0.882984036,0.610911208,177.31347734500005
181,0.002120523473,9.009133294e-06,0.882059831,0.6124765050000001,178.19553717600004
182,0.002129532606,8.44869212e-06,0.881861406,0.6120831760000001,179.07739858200006
183,0.002137981298,7.834063234e-06,0.88681253,0.614232868,179.96421111200004
184,0.002145815362,7.177448411e-06,0.889087394,0.617697622,180.85329850600004
185,0.00215299281,6.484869555e-06,0.943008423,0.660934983,181.79630692900005
186,0.00215947768,5.589473263e-06,0.932991084,0.6563478620000001,182.72929801300006
187,0.002165067153,3.466946824e-06,0.896877791,0.628168281,183.62617580400007
188,0.0021685341,3.787954998e-06,0.925418096,0.656141027,184.55159390000006
189,0.002172322055,2.758349025e-06,0.910741229,0.646466286,185.46233512900005
190,0.002175080404,1.600794281e-06,0.811936288,0.55244682,186.27427141700005
191,0.002176681198,1.626730762e-06,0.821340261,0.560076807,187.09561167800004
192,0.002178307929,1.210897133e-06,0.797527011,0.538704172,187.89313868900004
193,0.002179518826,1.331986846e-06,0.796698574,0.539021663,188.68983726300004
194,0.002180850813,1.465185531e-06,0.797124913,0.5386870420000001,189.48696217600005
195,0.002182315998,1.611704084e-06,0.820810189,0.558956625,190.30777236500006
196,0.002183927702,1.03963386e-06,0.802566222,0.54299034,191.11033858700006
197,0.002184967336,1.143597246e-06,0.810114035,0.552046338,191.92045262200006
198,0.002186110934,8.679310884e-07,0.795670014,0.53798245,192.71612263600005
199,0.002186978865,9.547241972e-07,0.804831659,0.5430884659999999,193.52095429500005
200,0.002187933589,1.050196617e-06,0.7987934,0.538198201,194.31974769500005
201,0.002188983785,1.155216279e-06,0.797227869,0.5392101380000001,195.11697556400006
202,0.002190139002,1.270737907e-06,0.804787958,0.543778301,195.92176352200005
203,0.00219140974,1.397811697e-06,0.820724021,0.5609420359999999,196.74248754300004
204,0.002192807551,1.294599376e-06,0.822542701,0.561827163,197.56503024400004
205,0.002194102151,9.860045493e-07,0.834223073,0.557194551,198.39925331700005
206,0.002195088155,9.753065919e-07,0.827993443,0.555504099,199.22724676000004
207,0.002196063462,1.072837251e-06,0.839831145,0.567926913,200.06707790500005
208,0.002197136299,1.116696515e-06,0.835401547,0.562088897,200.90247945200005
209,0.002198252996,1.228366166e-06,0.844123394,0.571875197,201.74660284600006
210,0.002199481362,1.24433141e-06,0.842058228,0.570647381,202.58866107400007
211,0.002200725693,1.342392211e-06,0.845257093,0.5741138,203.43391816700006
212,0.002202068085,1.476631432e-06,0.850279025,0.578195935,204.28419719200005
213,0.002203544717,1.624294575e-06,0.863906074,0.5884340779999999,205.14810326600005
214,0.002205169011,1.386930485e-06,0.867841253,0.591976997,206.01594451900004
215,0.002206555942,1.240921469e-06,0.858033249,0.585444562,206.87397776800003
216,0.002207796863,1.365013616e-06,0.85862536,0.5867056150000001,207.73260312800002
217,0.002209161877,1.501514977e-06,0.86410871,0.5919631160000001,208.59671183800003
218,0.002210663392,1.084780414e-06,0.840639833,0.569492723,209.43735167100004
219,0.002211748172,1.193258455e-06,0.834264248,0.5624937999999999,210.27161591900006
220,0.002212941431,1.3125843e-06,0.850828657,0.566250773,211.12244457600005
221,0.002214254015,1.443842731e-06,0.85087863,0.571412026,211.97332320600006
222,0.002215697858,1.403332961e-06,0.852685722,0.574139931,212.82600892800005
223,0.002217101191,1.307391576e-06,0.850948737,0.571424604,213.67695766500006
224,0.002218408582,1.438130734e-06,0.851761917,0.5718086849999999,214.52871958200006
225,0.002219846713,1.411462648e-06,0.85247265,0.5720389079999999,215.38119223200007
226,0.002221258176,1.552608913e-06,0.85940645,0.578219187,216.24059868200007
227,0.002222810785,1.681525856e-06,0.875991057,0.593176857,217.11658973900006
228,0.002224492311,1.48926375e-06,0.871768301,0.589010187,217.98835804000007
229,0.002225981574,1.548639821e-06,0.864191517,0.581955401,218.85254955700006
230,0.002227530214,1.547277776e-06,0.849797439,0.569233914,219.70234699600007
231,0.002229077492,1.702005554e-06,0.85585234,0.57298382,220.5581993360001
232,0.002230779497,1.741341085e-06,0.858230055,0.578055021,221.4164293910001
233,0.002232520839,1.44529537e-06,0.84983005,0.569725402,222.2662594410001
234,0.002233966134,1.589824907e-06,0.842283367,0.561058948,223.1085428080001
235,0.002235555959,1.748807397e-06,0.851182817,0.567953624,223.9597256250001
236,0.002237304766,1.923688137e-06,0.863212979,0.580387073,224.8229386040001
237,0.002239228454,1.362057338e-06,0.839711033,0.560476864,225.66264963700007
238,0.002240590512,1.498263072e-06,0.849177832,0.566819437,226.51182746900008
239,0.002242088775,1.648089379e-06,0.851662901,0.571275531,227.36349037000008
240,0.002243736864,1.812898317e-06,0.853876799,0.5727982359999999,228.21736716900008
241,0.002245549762,1.575872837e-06,0.84972747,0.5695824030000001,229.0670946390001
242,0.002247125635,1.455378705e-06,0.855404752,0.572035625,229.9224993910001
243,0.002248581014,1.453619939e-06,0.839361254,0.559458797,230.7618606450001
244,0.002250034634,1.598981933e-06,0.843753872,0.563682927,231.6056145170001
245,0.002251633616,1.758880126e-06,0.8535135,0.5708095950000001,232.4591280170001
246,0.002253392496,1.574885797e-06,0.850836287,0.5707751059999999,233.3099643040001
247,0.002254967382,1.594642249e-06,0.856931256,0.574319858,234.16689556000009
248,0.002256562024,1.571434013e-06,0.846396033,0.566261218,235.01329159300008
249,0.002258133458,1.728577415e-06,0.85096852,0.571879726,235.86426011300009
250,0.002259862035,1.768797998e-06,0.859162714,0.574986636,236.7234228270001
251,0.002261630833,1.616260283e-06,0.856767445,0.57709407,237.5801902720001
252,0.002263247094,1.777886311e-06,0.869718444,0.588491805,238.4499087160001
253,0.00226502498,1.955674942e-06,0.873914619,0.5915863210000001,239.3238233350001
254,0.002266980655,1.903879118e-06,0.864188457,0.583785282,240.1880117920001
255,0.002268884534,2.09426703e-06,0.871915315,0.590508716,241.0599271070001
256,0.002270978801,1.580922827e-06,0.861440739,0.578649506,241.9213678460001
257,0.002272559724,1.561099658e-06,0.851327216,0.571489617,242.77269506200008
258,0.002274120824,1.717209623e-06,0.868219983,0.580464239,243.64091504500007
259,0.002275838033,1.888930586e-06,0.854369841,0.5741086820000001,244.49528488600006
260,0.002277726964,1.843855033e-06,0.861284407,0.5790527320000001,245.35656929300006
261,0.002279570819,1.703519689e-06,0.8549563,0.571857119,246.21152559300006
262,0.002281274339,1.813031367e-06,0.86427608,0.583405376,247.07580167300006
263,0.00228308737,1.994334504e-06,0.862363527,0.580033442,247.93816520000007
264,0.002285081704,2.193767955e-06,0.870423133,0.587176288,248.80858833300007
265,0.002287275472,2.265140359e-06,0.88158497,0.59920006,249.69017330300008
266,0.002289540613,2.134570783e-06,0.879250333,0.597324762,250.56942363600007
267,0.002291675184,1.719377068e-06,0.852559365,0.5713235910000001,251.42198300100006
268,0.002293394561,1.766721593e-06,0.841648723,0.559371098,252.26363172400005
269,0.002295161282,1.943393752e-06,0.841355401,0.5584500910000001,253.10498712500004
270,0.002297104676,2.137733127e-06,0.856072713,0.5713257,253.96105983800004
271,0.002299242409,1.749888563e-06,0.85673819,0.573707949,254.81779802800003
272,0.002300992298,1.884495205e-06,0.855443829,0.574412243,255.67324185700002
273,0.002302876793,1.975151589e-06,0.857357967,0.575645336,256.53059982400003
274,0.002304851944,2.172666748e-06,0.844874987,0.563433413,257.37547481100006
275,0.002307024611,2.389933423e-06,0.842177,0.552078634,258.21765181100005
276,0.002309414545,2.540897237e-06,0.846636831,0.560893537,259.06428864200007
277,0.002311955442,2.794986961e-06,0.853147668,0.566265907,259.9174363100001
278,0.002314750429,2.157845372e-06,0.832895896,0.5466674,260.7503322060001
279,0.002316908274,1.866031536e-06,0.815666755,0.530195916,261.5659989610001
280,0.002318774306,1.586868505e-06,0.864842187,0.555306322,262.4308411480001
281,0.002320361174,1.72172941e-06,0.862802043,0.55765973,263.2936431910001
282,0.002322082904,1.893902351e-06,0.861494942,0.55945372,264.1551381330001
283,0.002323976806,2.083292586e-06,0.859366448,0.5581201419999999,265.0145045810001
284,0.002326060099,2.291621844e-06,0.867294112,0.560569404,265.8817986930001
285,0.00232835172,2.520784029e-06,0.870977663,0.564128341,266.75277635600014
286,0.002330872504,2.613196296e-06,0.875333055,0.568074841,267.62810941100014
287,0.002333485701,1.849792888e-06,0.869714996,0.565063046,268.49782440700017
288,0.002335335494,1.913002462e-06,0.864843837,0.560163336,269.3626682440002
289,0.002337248496,1.525763895e-06,0.860980538,0.559496935,270.22364878200017
290,0.00233877426,1.678340285e-06,0.85951621,0.557902781,271.08316499200015
291,0.0023404526,1.846174313e-06,0.857623003,0.5557405799999999,271.94078799500016
292,0.002342298775,2.030791744e-06,0.861416307,0.557221265,272.8022043020002
293,0.002344329566,2.233870919e-06,0.864293083,0.5613383380000001,273.6664973850002
294,0.002346563437,2.457258011e-06,0.866662563,0.561019364,274.53315994800016
295,0.002349020695,2.702983812e-06,0.873126369,0.566625971,275.40628631700014
296,0.002351723679,2.973282193e-06,0.877324875,0.571857389,276.28361119200014
297,0.002354696961,1.799825562e-06,0.864283192,0.5593186889999999,277.14789438400015
298,0.002356496787,1.704882753e-06,0.869550574,0.5645850960000001,278.01744495800017
299,0.00235820167,1.875371029e-06,0.863496857,0.5606338559999999,278.88094181500014
300,0.002360077041,2.062908132e-06,0.862498039,0.557882965,279.74343985400014
301,0.002362139949,2.269198945e-06,0.862705499,0.5586765389999999,280.60614535300016
302,0.002364409148,2.496118839e-06,0.866896518,0.561622168,281.47304187100013
303,0.002366905266,2.745730723e-06,0.868715379,0.563484533,282.3417572500001
304,0.002369650997,3.020303795e-06,0.875310838,0.5690899389999999,283.21706808800013
305,0.002372671301,2.535279334e-06,0.87271616,0.566354954,284.0897842480001
306,0.00237520658,2.47447679e-06,0.870484908,0.564632672,284.9602691560001
307,0.002377681057,2.469656643e-06,0.873478963,0.567688302,285.8337481190001
308,0.002380150714,2.716622308e-06,0.87593242,0.569339788,286.70968053900015
309,0.002382867336,2.591789516e-06,0.868244897,0.56396439,287.57792543600016
310,0.002385459126,2.789465636e-06,0.861266253,0.5673196810000001,288.43919168900015
311,0.002388248591,3.068412199e-06,0.861049071,0.569576467,289.3002407600002
312,0.002391317003,3.375253419e-06,0.864835727,0.573347661,290.1650764870002
313,0.002394692257,3.18126946e-06,0.86479269,0.573070552,291.0298691770002
314,0.002397873526,2.138770706e-06,0.851208974,0.5622028809999999,291.88107815100017
315,0.002400012297,1.860734512e-06,0.859736424,0.56979707,292.7408145750002
316,0.002401873032,2.046807963e-06,0.85280879,0.5651850540000001,293.59362336500016
317,0.002403919839,2.25148876e-06,0.846102159,0.558549629,294.43972552400015
318,0.002406171328,2.476637636e-06,0.849034212,0.561604183,295.28875973600015
319,0.002408647966,2.724301399e-06,0.85402331,0.564122706,296.14278304600015
320,0.002411372267,2.996731539e-06,0.858048185,0.567120364,297.0008312310001
321,0.002414368999,3.296404693e-06,0.86075998,0.5705712540000001,297.86159121100013
322,0.002417665404,2.756321314e-06,0.856178023,0.56528339,298.7177692340001
323,0.002420421725,2.2183975e-06,0.84647642,0.558235037,299.5642456540001
324,0.002422640122,2.056330725e-06,0.844808546,0.5579970219999999,300.4090542000001
325,0.002424696453,2.261963797e-06,0.846645428,0.558864318,301.2556996280001
326,0.002426958417,2.488160177e-06,0.853957965,0.566142896,302.1096575930001
327,0.002429446577,2.736976195e-06,0.853536344,0.5643819480000001,302.96319393700014
328,0.002432183553,3.010673814e-06,0.854475227,0.565380378,303.81766916400016
329,0.002435194227,3.311741196e-06,0.856444967,0.567662491,304.6741141310002
330,0.002438505968,3.642915315e-06,0.868874473,0.571412763,305.5429886040002
331,0.002442148884,3.512068117e-06,0.862265259,0.571907246,306.4052538630002
332,0.002445660952,2.295268332e-06,0.853750175,0.563922578,307.2590040380002
333,0.00244795622,2.516169431e-06,0.857076652,0.569318913,308.1160806900002
334,0.002450472389,2.767786374e-06,0.858683608,0.570955603,308.9747642980002
335,0.002453240176,3.044565012e-06,0.85643038,0.567289099,309.8311946780002
336,0.002456284741,3.349021513e-06,0.858739826,0.569127543,310.6899345040002
337,0.002459633762,3.683923664e-06,0.858625427,0.572307954,311.54855993100017
338,0.002463317686,4.052316031e-06,0.871209945,0.574639592,312.41976987600015
339,0.002467370002,2.851428829e-06,0.86055416,0.57054984,313.28032403600014
340,0.002470221431,2.85058686e-06,0.894034971,0.584294866,314.17435900700013
341,0.002473072018,2.769952667e-06,0.878451974,0.576160682,315.0528109810001
342,0.00247584197,3.046947933e-06,0.880919818,0.575205698,315.9337307990001
343,0.002478888918,3.351642727e-06,0.887979194,0.581708364,316.8217099930001
344,0.002482240561,3.686806999e-06,0.895748664,0.5880962110000001,317.7174586570001
345,0.002485927368,4.055487699e-06,0.901304601,0.58833281,318.6187632580001
346,0.002489982856,4.461036469e-06,0.90992536,0.59664651,319.5286886180001
347,0.002494443892,2.778053894e-06,0.88293826,0.5777375010000001,320.4116268780001
348,0.002497221946,2.778053894e-06,0.883005734,0.576098052,321.2946326120001
349,0.0025,3.055859284e-06,0.877513102,0.571830423,322.1721457140001
350,0.002503055859,3.361445212e-06,0.886544091,0.5793368160000001,323.05868980500014
351,0.002506417304,2.805810378e-06,0.880427172,0.5769198019999999,323.93911697700014
352,0.002509223115,3.086391415e-06,0.888278287,0.582143251,324.82739526400013
353,0.002512309506,3.395030557e-06,0.888855614,0.579865152,325.71625087800015
354,0.002515704537,2.846771637e-06,0.886214396,0.581515079,326.60246527400017
355,0.002518551308,3.1314488e-06,0.884679487,0.578816545,327.4871447610002
356,0.002521682757,3.44459368e-06,0.884250235,0.5784262769999999,328.3713949960002
357,0.002525127351,3.789053048e-06,0.88534075,0.5828377819999999,329.25673574600023
358,0.002528916404,4.167958353e-06,0.900034419,0.586177441,330.15677016500024
359,0.002533084362,4.302759207e-06,0.902247379,0.58899613,331.05901754400026
360,0.002537387122,4.403388799e-06,0.907590836,0.5941863000000001,331.96660838000025
361,0.00254179051,3.273096754e-06,0.882832471,0.578417142,332.8494408510002
362,0.002545063607,3.600406429e-06,0.888815322,0.582029495,333.73825617300025
363,0.002548664014,3.960447072e-06,0.898374987,0.586158576,334.63663116000026
364,0.002552624461,4.356491779e-06,0.906939874,0.590476259,335.54357103400025
365,0.002556980952,4.792140957e-06,0.907476723,0.594144676,336.45104775700025
366,0.002561773093,5.271355053e-06,0.913969524,0.600435725,337.36501728100023
367,0.002567044448,5.798490558e-06,0.92033472,0.6040564319999999,338.28535200100026
368,0.002572842939,5.743914821e-06,0.915910061,0.6019633369999999,339.20126206200024
369,0.002578586854,4.548300679e-06,0.905113472,0.592074617,340.1063755340002
370,0.002583135154,3.600157604e-06,0.882784182,0.578934438,340.98915971600024
371,0.002586735312,3.960173364e-06,0.89819061,0.584727226,341.8873503260002
372,0.002590695485,3.260591959e-06,0.881970692,0.5762621349999999,342.7693210180002
373,0.002593956077,2.724297823e-06,0.873938758,0.570154991,343.6432597760002
374,0.002596680375,2.533434677e-06,0.874866153,0.573343006,344.51812592900023
375,0.00259921381,2.786778145e-06,0.86894715,0.563765777,345.38707307900023
376,0.002602000588,3.065455959e-06,0.867417484,0.564447382,346.2544905630002
377,0.002605066044,3.372001555e-06,0.866254993,0.5639344639999999,347.1207455560002
378,0.002608438046,3.70920171e-06,0.870167023,0.565382904,347.9909125790002
379,0.002612147247,4.080121881e-06,0.88792935,0.574896286,348.8788419290002
380,0.002616227369,3.043283886e-06,0.876231024,0.569297043,349.7550729530002
381,0.002619270653,3.159292081e-06,0.882473842,0.5742234820000001,350.6375467950002
382,0.002622429945,3.304567488e-06,0.881177778,0.577170959,351.5187245730002
383,0.002625734513,3.635024236e-06,0.892145827,0.5845968020000001,352.4108704000002
384,0.002629369537,3.561926149e-06,0.898261684,0.589349503,353.30913208400017
385,0.002632931463,3.918118764e-06,0.902894422,0.588711509,354.21202650600014
386,0.002636849582,4.30993064e-06,0.906721433,0.5922335679999999,355.1187479390001
387,0.002641159512,4.740923704e-06,0.919882911,0.605073813,356.0386308500001
388,0.002645900436,4.643587591e-06,0.919016215,0.605255214,356.9576470650001
389,0.002650544024,5.10794635e-06,0.933316676,0.617515504,357.8909637410001
390,0.00265565197,5.618740985e-06,0.943415796,0.622470763,358.83437953700013
391,0.002661270711,6.180615084e-06,0.946452861,0.624852278,359.78083239800014
392,0.002667451326,5.003688222e-06,0.924787558,0.6107919740000001,360.70561995600013
393,0.002672455014,4.110157916e-06,0.928002008,0.61276262,361.63362196400016
394,0.002676565172,4.204484284e-06,0.922929977,0.609220229,362.5565519410002
395,0.002680769657,4.208574231e-06,0.921210576,0.606710711,363.4777625170002
396,0.002684978231,2.642973004e-06,0.882515949,0.580740222,364.3602784660002
397,0.002687621204,2.907270304e-06,0.883408115,0.578779786,365.2436865810002
398,0.002690528474,2.735774096e-06,0.87407086,0.5712901189999999,366.1177574410002
399,0.002693264248,3.009351505e-06,0.878939842,0.570861992,366.99669728300023
400,0.0026962736,3.310286656e-06,0.877930849,0.5752535599999999,367.8746281320002
401,0.002699583886,3.641315321e-06,0.878580656,0.57693979,368.7532087880002
402,0.002703225202,4.005446854e-06,0.880778111,0.579517317,369.6339868990002
403,0.002707230649,4.405991539e-06,0.899997347,0.587265712,370.5339842460002
404,0.00271163664,4.670621828e-06,0.909899304,0.596555548,371.44388355000024
405,0.002716307262,5.137684011e-06,1.214084926,0.8459984540000001,372.65796847600024
406,0.002721444946,5.651452412e-06,1.230618327,0.866071585,373.88858680300024
407,0.002727096398,4.998386885e-06,1.218926599,0.8554581450000001,375.1075134020002
408,0.002732094785,5.387628706e-06,1.233167689,0.869431603,376.34068109100025
409,0.002737482414,5.926391576e-06,1.241255711,0.875914581,377.58193680200026
410,0.002743408805,5.604589421e-06,1.234741917,0.870665687,378.81667871900027
411,0.002749013395,5.244401227e-06,1.227552915,0.864993911,380.04423163400025
412,0.002754257796,4.505441574e-06,1.21604064,0.8529547479999999,381.2602722740003
413,0.002758763238,4.280564804e-06,1.193036695,0.8292481469999999,382.45330896900026
414,0.002763043802,3.82383711e-06,1.177400897,0.820868231,383.63070986600025
415,0.00276686764,4.206220821e-06,1.187681646,0.825428993,384.81839151200023
416,0.00277107386,4.626842903e-06,1.202676481,0.839795952,386.02106799300026
417,0.002775700703,5.089527193e-06,1.210252953,0.846840622,387.23132094600027
418,0.002780790231,5.598479913e-06,1.22269915,0.85635739,388.45402009600025
419,0.00278638871,4.382248631e-06,1.203508061,0.840238796,389.65752815700023
420,0.002790770959,4.820473494e-06,1.216447873,0.8520210420000001,390.8739760300002
421,0.002795591433,5.302520843e-06,1.223706023,0.8594765390000001,392.0976820530002
422,0.002800893953,3.545318124e-06,1.172530278,0.81983883,393.2702123310002
423,0.002804439272,3.899849936e-06,1.175841605,0.8199701100000001,394.4460539360002
424,0.002808339121,3.88914949e-06,1.169606168,0.8164323920000001,395.6156601040002
425,0.002812228271,4.278064439e-06,1.17803731,0.817257895,396.7936974140002
426,0.002816506335,4.705870883e-06,1.180608348,0.82004274,397.9743057620002
427,0.002821212206,5.176457972e-06,1.187205598,0.827227253,399.1615113600002
428,0.002826388664,5.694103769e-06,1.203311086,0.83955415,400.3648224460002
429,0.002832082768,5.628669648e-06,1.213415509,0.8497796310000001,401.5782379550002
430,0.002837711438,6.191536612e-06,1.252498702,0.876749718,402.8307366570002
431,0.002843902974,6.810690274e-06,1.262314525,0.8991840289999999,404.09305118200024
432,0.002850713665,5.642137976e-06,1.235588165,0.871519081,405.32863934700026
433,0.002856355803,5.552970475e-06,1.23856849,0.8755413400000001,406.56720783700024
434,0.002861908773,6.108267522e-06,1.253882764,0.889793881,407.82109060100026
435,0.002868017041,5.756395115e-06,1.229932456,0.878998846,409.05102305700024
436,0.002873773436,5.494745688e-06,1.215754221,0.8689478690000001,410.26677727800023
437,0.002879268181,5.484630171e-06,1.223273861,0.876679244,411.49005113900023
438,0.002884752811,3.954417323e-06,1.188513036,0.841666458,412.67856417500025
439,0.002888707229,3.632456929e-06,1.154504096,0.813720015,413.83306827100023
440,0.002892339686,3.995702622e-06,1.146909367,0.8105563920000001,414.9799776380002
441,0.002896335388,4.395272884e-06,1.165442276,0.817751197,416.14541991400023
442,0.002900730661,4.834800172e-06,1.180466038,0.8339131289999999,417.32588595200025
443,0.002905565461,5.31828019e-06,1.192515596,0.8462790520000001,418.51840154800027
444,0.002910883742,5.125057834e-06,1.200106976,0.853295774,419.71850852400024
445,0.002916008799,4.784049495e-06,1.21619656,0.857809794,420.93470508400026
446,0.002920792849,5.262454445e-06,1.231471671,0.878628071,422.16617675500027
447,0.002926055303,5.39491864e-06,1.224528731,0.870317761,423.3907054860003
448,0.002931450222,5.934410504e-06,1.249227462,0.887651462,424.6399329480003
449,0.002937384633,6.527851554e-06,1.259569362,0.898051226,425.8995023100003
450,0.002943912484,7.180636709e-06,1.278371171,0.9164983689999999,427.1778734810003
451,0.002951093121,4.571024849e-06,1.217653388,0.864734524,428.39552686900026
452,0.002955664146,5.028127333e-06,1.205958397,0.8533897,429.6014852660003
453,0.002960692273,5.530940067e-06,1.217907772,0.863454994,430.81939303800027
454,0.002966223213,6.084034073e-06,1.222044885,0.868891657,432.0414379230003
455,0.002972307247,6.692437481e-06,1.000105519,0.624457477,433.04154344200026
456,0.002978999685,3.828536031e-06,0.969826267,0.609986752,434.01136970900023
457,0.002982828221,3.285653446e-06,0.96137755,0.60672331,434.97274725900024
458,0.002986113874,3.614218791e-06,0.960817745,0.607345402,435.93356500400023
459,0.002989728093,3.97564067e-06,0.961397753,0.609095707,436.89496275700026
460,0.002993703734,3.148133236e-06,0.949127255,0.610333943,437.84409001200027
461,0.002996851867,3.148133236e-06,0.942456088,0.608965411,438.78654610000024
462,0.003,3.46294656e-06,0.946249461,0.6089827699999999,439.7327955610002
463,0.003003462947,3.809241216e-06,0.948686842,0.6121887340000001,440.6814824030002
464,0.003007272188,4.190165337e-06,0.94883088,0.612095265,441.6303132830002
465,0.003011462353,4.609181871e-06,0.960119157,0.615608772,442.5904324400002
466,0.003016071535,5.070100058e-06,0.965462042,0.622216164,443.5558944820002
467,0.003021141635,5.577110064e-06,0.969340795,0.623235551,444.5252352770002
468,0.003026718745,3.911921631e-06,0.954857133,0.6166281419999999,445.4800924100002
469,0.003030630667,3.728106761e-06,0.956185326,0.6178106999999999,446.43627773600025
470,0.003034358773,4.100917437e-06,0.954006412,0.617127419,447.39028414800026
471,0.003038459691,4.51100918e-06,0.965941505,0.619820745,448.35622565300025
472,0.0030429707,4.962110098e-06,0.982314236,0.633411692,449.33853988900023
473,0.00304793281,5.069702442e-06,0.98012753,0.636349975,450.31866741900023
474,0.003053002513,5.56967206e-06,0.976704126,0.630229289,451.29537154500025
475,0.003058572185,4.822629179e-06,0.967353771,0.6231810259999999,452.2627253160002
476,0.003063394814,5.036381893e-06,0.970621534,0.621606399,453.2333468500002
477,0.003068431196,4.539187881e-06,0.969564719,0.622767922,454.2029115690002
478,0.003072970384,4.802821328e-06,0.971347805,0.624120274,455.1742593740002
479,0.003077773205,4.750745923e-06,0.970058558,0.62331242,456.1443179320002
480,0.003082523951,5.225820515e-06,1.116091697,0.730164212,457.2604096290002
481,0.003087749771,5.748402567e-06,1.114845772,0.733744477,458.37525540100023
482,0.003093498174,6.323242824e-06,1.133346646,0.745976356,459.50860204700024
483,0.003099821417,6.955567106e-06,1.143580318,0.755220604,460.6521823650002
484,0.003106776984,6.512597757e-06,1.135971204,0.752835417,461.7881535690002
485,0.003113289582,5.805454402e-06,1.125699047,0.743387883,462.9138526160002
486,0.003119095036,6.385999843e-06,1.136934286,0.7540940439999999,464.0507869020002
487,0.003125481036,5.02246856e-06,1.117528574,0.737360717,465.1683154760002
488,0.003130503504,5.261138527e-06,1.114636756,0.73187544,466.2829522320002
489,0.003135764643,4.8705212e-06,1.110982119,0.730085171,467.3939343510002
490,0.003140635164,4.765667277e-06,1.113160301,0.7328213210000001,468.5070946520002
491,0.003145400831,4.626990788e-06,1.101858522,0.722230556,469.6089531740002
492,0.003150027822,5.089689867e-06,1.103875738,0.724127352,470.7128289120002
493,0.003155117512,5.598658854e-06,1.105258022,0.72449204,471.8180869340002
494,0.003160716171,6.158524739e-06,1.11278546,0.732186132,472.9308723940002
495,0.003166874696,6.774377213e-06,1.118066483,0.73685193,474.0489388770002
496,0.003173649073,7.451814935e-06,1.141681033,0.74639912,475.1906199100002
497,0.003181100888,6.805490217e-06,1.149791229,0.758955347,476.3404111390002
498,0.003187906378,7.154221601e-06,1.157708237,0.766336717,477.4981193760002
499,0.0031950606,6.391120582e-06,1.148154775,0.758931473,478.6462741510002
500,0.00320145172,4.552209721e-06,1.11183242,0.7369980899999999,479.7581065710002
501,0.00320600393,3.951261514e-06,1.0849212,0.714735637,480.8430277710002
502,0.003209955192,4.346387665e-06,1.10417287,0.724125853,481.9472006410002
503,0.003214301579,4.639270218e-06,1.101957063,0.720252382,483.0491577040002
504,0.003218940849,5.103197239e-06,1.107869144,0.7231942570000001,484.1570268480002
505,0.003224044047,5.613516963e-06,1.114986344,0.7344308589999999,485.2720131920002
506,0.003229657564,6.17486866e-06,1.115341952,0.7365026619999999,486.3873551440002
507,0.003235832432,6.792355526e-06,1.128364124,0.746270399,487.51571926800017
508,0.003242624788,7.471591078e-06,1.153792803,0.763993654,488.66951207100016
509,0.003250096379,4.831994747e-06,1.120632164,0.739330559,489.7901442350002
510,0.003254928374,4.330440158e-06,1.096908456,0.712372993,490.8870526910002
511,0.003259258814,3.811752786e-06,1.073291983,0.706289571,491.96034467400017
512,0.003263070567,4.192928065e-06,1.080692587,0.709562354,493.04103726100016
513,0.003267263495,4.612220871e-06,1.096628187,0.716318051,494.1376654480002
514,0.003271875716,5.073442958e-06,1.101042133,0.721920949,495.2387075810002
515,0.003276949158,5.534648835e-06,1.112849953,0.72921486,496.3515575340002
516,0.003282483807,6.088113719e-06,1.119673318,0.736483706,497.47123085200025
517,0.003288571921,6.696925091e-06,1.125837714,0.742595491,498.59706856600025
518,0.003295268846,7.3666176e-06,1.128994329,0.751869086,499.72606289500027
519,0.003302635464,8.10327936e-06,1.157929528,0.768988193,500.8839924230003
520,0.003310738743,5.223502819e-06,1.123356931,0.745339198,502.00734935400027
521,0.003315962246,5.448595246e-06,1.114159576,0.736220866,503.1215089300003
522,0.003321410841,4.819944804e-06,1.109082086,0.732625144,504.2305910160003
523,0.003326230786,4.41225893e-06,1.099003322,0.723392513,505.3295943380003
524,0.003330643045,4.728063801e-06,1.103367803,0.725766613,506.4329621410003
525,0.003335371109,5.200870181e-06,1.10996384,0.733088172,507.5429259810003
526,0.003340571979,5.720957199e-06,1.121652637,0.7407260179999999,508.6645786180003
527,0.003346292936,6.293052919e-06,1.132308013,0.749178336,509.7968866310003
528,0.003352585989,6.922358211e-06,1.136805843,0.754587405,510.9336924740003
529,0.003359508347,7.614594032e-06,1.151985248,0.764757005,512.0856777220002
530,0.003367122941,8.376053435e-06,1.166116484,0.776015149,513.2517942060002
531,0.003375498995,6.109075215e-06,1.135181484,0.757912822,514.3869756900002
532,0.00338160807,5.490681653e-06,1.121960285,0.744274596,515.5089359750002
533,0.003387098752,5.490781024e-06,1.120699572,0.743200513,516.6296355470002
534,0.003392589533,5.060555289e-06,1.113260298,0.7351341389999999,517.7428958450002
535,0.003397650088,4.856307905e-06,1.110178275,0.7315627309999999,518.8530741200002
536,0.003402506396,4.158130124e-06,1.089641955,0.719981526,519.9427160750002
537,0.003406664526,4.40437402e-06,1.098024726,0.720494871,521.0407408010002
538,0.0034110689,4.844811422e-06,1.106211527,0.728516689,522.1469523280002
539,0.003415913711,5.329292564e-06,1.109211904,0.7319284429999999,523.2561642320002
540,0.003421243004,5.86222182e-06,1.121197221,0.7523675510000001,524.3773614530002
541,0.003427105226,6.448444002e-06,1.126078821,0.761968519,525.5034402740001
542,0.00343355367,7.093288403e-06,1.145332212,0.769954751,526.6487724860001
543,0.003440646958,7.3889382e-06,1.14895228,0.7743081789999999,527.7977247660001
544,0.003448035896,6.597374661e-06,1.141665275,0.776162807,528.9393900410001
545,0.003454633271,6.323135813e-06,1.131279414,0.765069676,530.0706694550001
546,0.003460956407,5.299120081e-06,1.115893523,0.75026551,531.1865629780001
547,0.003466255527,4.798131864e-06,1.105590457,0.7410937550000001,532.292153435
548,0.003471053659,5.27794505e-06,1.110950135,0.7458389599999999,533.4031035700001
549,0.003476331604,5.423633484e-06,1.116605911,0.745274651,534.5197094810001
550,0.003481755237,5.965996832e-06,1.11920375,0.752313067,535.6389132310001
551,0.003487721234,6.139382964e-06,1.117588451,0.754347291,536.756501682
552,0.003493860617,6.139382964e-06,1.117995478,0.755532804,537.87449716
553,0.0035,6.753321261e-06,1.127651854,0.761982399,539.002149014
554,0.003506753321,5.805792797e-06,1.121364967,0.754425371,540.123513981
555,0.003512559114,5.409213491e-06,1.108411306,0.745943308,541.231925287
556,0.003517968328,5.95013484e-06,1.118371453,0.7533474099999999,542.35029674
557,0.003523918462,6.303655133e-06,1.124741445,0.759480211,543.475038185
558,0.003530222118,5.294626779e-06,1.114173207,0.748692192,544.589211392
559,0.003535516744,5.425471315e-06,1.114099222,0.747454424,545.7033106140001
560,0.003540942216,5.438622898e-06,1.156244727,0.747662406,546.859555341
561,0.003546380839,5.530509497e-06,1.149972052,0.7484040949999999,548.009527393
562,0.003551911348,6.083560446e-06,1.150306484,0.753903843,549.159833877
563,0.003557994908,6.691916491e-06,1.159602941,0.761655985,550.319436818
564,0.003564686825,7.36110814e-06,1.181479121,0.775656449,551.500915939
565,0.003572047933,7.954715557e-06,1.19160111,0.783976723,552.692517049
566,0.003580002649,8.750187113e-06,1.200284968,0.790799579,553.892802017
567,0.003588752836,7.608332463e-06,1.191170711,0.7849584000000001,555.083972728
568,0.003596361168,4.629028142e-06,1.140971345,0.743450635,556.2249440730001
569,0.003600990196,5.091930956e-06,1.137795083,0.739509016,557.3627391560001
570,0.003606082127,5.159440753e-06,1.145332683,0.744143095,558.5080718390001
571,0.003611241568,5.424179728e-06,1.14647307,0.74487346,559.654544909
572,0.003616665748,5.966597701e-06,1.153557951,0.7552249689999999,560.8081028600001
573,0.003622632345,6.563257471e-06,1.155560371,0.758249829,561.963663231
574,0.003629195603,7.219583218e-06,1.16902617,0.765393823,563.1326894010001
575,0.003636415186,7.827943065e-06,1.185189803,0.77801946,564.3178792040001
576,0.003644243129,8.610737372e-06,1.195015542,0.7888266420000001,565.512894746
577,0.003652853867,8.952394658e-06,1.205366805,0.795950763,566.7182615510001
578,0.003661806261,9.847634124e-06,1.220473582,0.807884971,567.938735133
579,0.003671653895,6.329027494e-06,1.167637882,0.769654622,569.106373015
580,0.003677982923,6.90246877e-06,1.179178891,0.773261207,570.285551906
581,0.003684885392,7.592715647e-06,1.189013238,0.780686246,571.474565144
582,0.003692478107,8.351987211e-06,1.200563964,0.7893674509999999,572.6751291080001
583,0.003700830095,9.187185932e-06,1.214421922,0.803380861,573.8895510300001
584,0.00371001728,1.010590453e-05,1.220057851,0.810207003,575.1096088810001
585,0.003720123185,8.931595554e-06,1.213879355,0.802436373,576.3234882360001
586,0.003729054781,7.264298159e-06,1.18447894,0.7778408800000001,577.5079671760001
587,0.003736319079,4.271007298e-06,1.13289641,0.743487019,578.640863586
588,0.003740590086,4.698108028e-06,1.13771773,0.7403622679999999,579.778581316
589,0.003745288194,5.167918831e-06,1.143996572,0.7455698,580.922577888
590,0.003750456113,5.684710714e-06,1.153076126,0.751148044,582.075654014
591,0.003756140824,6.253181786e-06,1.162647844,0.763125191,583.238301858
592,0.003762394005,6.878499964e-06,1.166919312,0.7676363429999999,584.40522117
593,0.003769272505,7.566349961e-06,1.184228065,0.7766392259999999,585.589449235
594,0.003776838855,7.258880516e-06,1.183243726,0.774878434,586.772692961
595,0.003784097736,7.984768568e-06,1.189378006,0.7829101119999999,587.9620709669999
596,0.003792082504,8.339237612e-06,1.201273039,0.793981818,589.1633440059999
597,0.003800421742,9.173161374e-06,1.219384057,0.8069993019999999,590.3827280629998
598,0.003809594903,5.591528937e-06,1.169803589,0.770787313,591.5525316519999
599,0.003815186432,5.628855689e-06,1.164864658,0.766576664,592.7173963099999
600,0.003820815288,6.191741258e-06,1.219406578,0.79373123,593.9368028879999
601,0.003827007029,6.810915384e-06,1.225334967,0.799257954,595.1621378549999
602,0.003833817945,6.711320582e-06,1.219939247,0.801994624,596.3820771019998
603,0.003840529265,7.38245264e-06,1.238099292,0.8113118450000001,597.6201763939998
604,0.003847911718,6.565762822e-06,1.223538698,0.800206525,598.8437150919998
605,0.003854477481,6.05615812e-06,1.203742206,0.789919056,600.0474572979998
606,0.003860533639,6.661773932e-06,1.217716318,0.798599887,601.2651736159999
607,0.003867195413,6.22770521e-06,1.213982079,0.797419717,602.4791556949998
608,0.003873423118,4.668739681e-06,1.193506218,0.77661824,603.6726619129998
609,0.003878091858,5.135613649e-06,1.193783718,0.775129435,604.8664456309998
610,0.003883227471,5.649175014e-06,1.198502703,0.7770363140000001,606.0649483339998
611,0.003888876646,6.214092515e-06,1.205844317,0.784519583,607.2707926509999
612,0.003895090739,6.835501767e-06,1.201634782,0.7890800099999999,608.4724274329999
613,0.003901926241,7.519051943e-06,1.226555763,0.7987365989999999,609.6989831959999
614,0.003909445292,7.781222393e-06,1.228572802,0.801655177,610.9275559979999
615,0.003917226515,8.559344633e-06,1.24194264,0.8145199249999999,612.1694986379999
616,0.00392578586,9.415279096e-06,1.265456338,0.830302009,613.434954976
617,0.003935201139,1.035680701e-05,1.275908218,0.841927262,614.710863194
618,0.003945557946,6.767821594e-06,1.225851035,0.798446333,615.936714229
619,0.003952325767,5.337606229e-06,1.188836431,0.7706199579999999,617.12555066
620,0.003957663373,5.061877578e-06,1.19648223,0.7775290349999999,618.3220328900001
621,0.003962725251,5.568065335e-06,1.199521446,0.78169893,619.521554336
622,0.003968293316,5.612690666e-06,1.204207572,0.785493023,620.725761908
623,0.003973906007,6.173959733e-06,1.208129639,0.790892106,621.933891547
624,0.003980079967,5.031486499e-06,1.193039518,0.775385566,623.126931065
625,0.003985111453,5.456021406e-06,1.261197573,0.823756061,624.388128638
626,0.003990567475,4.716262668e-06,1.20434067,0.7921066830000001,625.592469308
627,0.003995283737,4.716262668e-06,1.198151193,0.786456298,626.7906205009999
628,0.004,5.187888935e-06,1.220236189,0.79428933,628.01085669
629,0.004005187889,5.323886316e-06,1.222210151,0.796676354,629.233066841
630,0.004010511775,4.306135704e-06,1.194057477,0.7790208249999999,630.427124318
631,0.004014817911,3.662458572e-06,1.181751401,0.766529115,631.608875719
632,0.00401848037,3.918738368e-06,1.183013603,0.767506962,632.791889322
633,0.004022399108,4.310612205e-06,1.189306676,0.770556353,633.981195998
634,0.00402670972,4.741673426e-06,1.203105685,0.779885332,635.184301683
635,0.004031451394,5.215840768e-06,1.209336286,0.786893751,636.393637969
636,0.004036667234,5.737424845e-06,1.218737415,0.794703465,637.612375384
637,0.004042404659,4.732064251e-06,1.197761347,0.7824127569999999,638.810136731
638,0.004047136723,4.922514802e-06,1.212611608,0.786513868,640.0227483389999
639,0.004052059238,5.414766282e-06,1.212942428,0.7906110150000001,641.2356907669999
640,0.004057474004,5.95624291e-06,1.213323483,0.7857686429999999,642.4490142499999
641,0.004063430247,6.551867201e-06,1.236528503,0.800256436,643.6855427529999
642,0.004069982115,7.207053921e-06,1.244319901,0.806118508,644.929862654
643,0.004077189169,5.477229482e-06,1.209020822,0.783730956,646.1388834759999
644,0.004082666398,3.415551544e-06,1.158487092,0.7473691680000001,647.2973705679999
645,0.00408608195,3.334034989e-06,1.154849792,0.7440609460000001,648.45222036
646,0.004089415985,3.493675698e-06,1.158392148,0.745379036,649.6106125079999
647,0.00409290966,3.843043268e-06,1.169042155,0.756012777,650.779654663
648,0.004096752703,4.227347595e-06,1.176947511,0.763226685,651.956602174
649,0.004100980051,4.650082354e-06,1.1811657,0.76564642,653.1377678739999
650,0.004105630133,4.783882125e-06,1.178832503,0.7644546919999999,654.3166003769999
651,0.004110414016,5.262270338e-06,1.193120765,0.769845381,655.5097211419999
652,0.004115676286,5.788497371e-06,1.199086799,0.777943735,656.7088079409999
653,0.004121464783,6.367347108e-06,1.212268219,0.787211689,657.9210761599999
654,0.00412783213,7.004081819e-06,1.224329838,0.796196732,659.1454059979999
655,0.004134836212,6.284992116e-06,1.21889847,0.791774493,660.3643044679999
656,0.004141121204,3.864534388e-06,1.174913477,0.763021654,661.5392179449999
657,0.004144985739,4.250987826e-06,1.176438258,0.760352287,662.7156562029999
658,0.004149236727,3.769995581e-06,1.170059162,0.754167457,663.8857153649999
659,0.004153006722,4.146995139e-06,1.171335513,0.755268147,665.0570508779999
660,0.004157153717,4.561694653e-06,1.179441964,0.763113544,666.236492842
661,0.004161715412,5.017864118e-06,1.189856463,0.77005969,667.4263493049999
662,0.004166733276,5.242217101e-06,1.199236001,0.7743668290000001,668.625585306
663,0.004171975493,5.766438811e-06,1.204911453,0.780533013,669.830496759
664,0.004177741932,6.343082693e-06,1.211947524,0.78631005,671.042444283
665,0.004184085015,6.977390962e-06,1.221266049,0.797367648,672.263710332
666,0.004191062406,7.675130058e-06,1.242146173,0.803334839,673.505856505
667,0.004198737536,6.621093583e-06,1.229381217,0.7999755559999999,674.735237722
668,0.004205358629,4.239972231e-06,1.189842677,0.7717812230000001,675.925080399
669,0.004209598601,4.663969454e-06,1.181868875,0.765052603,677.1069492739999
670,0.004214262571,3.937525744e-06,1.165515608,0.748132842,678.2724648819999
671,0.004218200097,4.331278319e-06,1.170452974,0.754985842,679.4429178559999
672,0.004222531375,4.76440615e-06,1.173022895,0.755815709,680.6159407509999
673,0.004227295781,5.240846766e-06,1.191737077,0.7662685920000001,681.8076778279999
674,0.004232536628,5.026931089e-06,1.186488668,0.763933282,682.9941664959999
675,0.004237563559,5.529624198e-06,1.191673609,0.767845819,684.1858401049999
676,0.004243093183,6.082586618e-06,1.202754287,0.778121514,685.3885943919998
677,0.00424917577,6.69084528e-06,1.212586502,0.784205839,686.6011808939999
678,0.004255866615,7.359929808e-06,1.22434762,0.7946523240000001,687.8255285139999
679,0.004263226545,6.729676421e-06,1.228088692,0.790565849,689.0536172059999
680,0.004269956221,4.152509264e-06,1.182406743,0.765580599,690.2360239489999
681,0.004274108731,2.979482992e-06,1.145376751,0.734764896,691.3814006999999
682,0.004277088214,3.17028563e-06,1.144526813,0.732969936,692.5259275129998
683,0.004280258499,3.412690143e-06,1.145797734,0.7351809,693.6717252469998
684,0.004283671189,3.753959157e-06,1.154347187,0.741720454,694.8260724339998
685,0.004287425148,4.129355073e-06,1.162916712,0.751607276,695.9889891459998
686,0.004291554504,4.54229058e-06,1.17458545,0.758588381,697.1635745959998
687,0.004296096794,4.410765761e-06,1.171598642,0.756155031,698.3351732379998
688,0.00430050756,4.851842338e-06,1.179022212,0.762547165,699.5141954499998
689,0.004305359402,5.337026571e-06,1.197053489,0.772224665,700.7112489389998
690,0.004310696429,5.870729228e-06,1.199774434,0.773441702,701.9110233729998
691,0.004316567158,6.457802151e-06,1.212531035,0.7844487929999999,703.1235544079998
692,0.00432302496,7.103582366e-06,1.229311555,0.790880238,704.3528659629998
693,0.004330128543,6.597882499e-06,1.227579673,0.792994953,705.5804456359998
694,0.004336726425,4.234393664e-06,1.180442563,0.763561952,706.7608881989999
695,0.004340960819,4.626150526e-06,1.384721462,0.913451475,708.1456096609999
696,0.004345586969,3.921032603e-06,1.35683955,0.89505519,709.5024492109999
697,0.004349508002,4.313135863e-06,1.358518663,0.8951969209999999,710.8609678739999
698,0.004353821138,4.744449449e-06,1.368987351,0.906267765,712.2299552249999
699,0.004358565587,5.211528971e-06,1.401705755,0.9282709229999999,713.6316609799999
700,0.004363777116,5.732681868e-06,1.41255682,0.93081999,715.0442177999998
701,0.004369509798,5.881603794e-06,1.391338468,0.917853011,716.4355562679998
702,0.004375391402,6.469764173e-06,1.405083471,0.928153689,717.8406397389998
703,0.004381861166,7.11674059e-06,1.412844144,0.935719235,719.2534838829998
704,0.004388977907,7.828414649e-06,1.437636251,0.949036918,720.6911201339998
705,0.004396806321,6.930246179e-06,1.431196018,0.9469066500000001,722.1223161519998
706,0.004403736567,3.766958719e-06,1.352713029,0.890165101,723.4750291809999
707,0.004407503526,3.709981188e-06,1.343209146,0.880162321,724.8182383269999
708,0.004411213507,3.775917158e-06,1.341343409,0.878667295,726.159581736
709,0.004414989424,4.153508874e-06,1.345061615,0.882499609,727.5046433509999
710,0.004419142933,4.568859761e-06,1.358197038,0.89543097,728.8628403889999
711,0.004423711793,4.726208662e-06,1.36852628,0.9053334829999999,730.2313666689998
712,0.004428438002,4.277427528e-06,1.356799214,0.8940884179999999,731.5881658829999
713,0.004432715429,4.705170281e-06,1.355228102,0.891271369,732.9433939849998
714,0.0044374206,5.175687309e-06,1.37602896,0.901868584,734.3194229449998
715,0.004442596287,5.69325604e-06,1.379661699,0.904700608,735.6990846439999
716,0.004448289543,6.262581644e-06,1.380968705,0.90947263,737.0800533489999
717,0.004454552125,6.888839809e-06,1.415957578,0.9310341719999999,738.4960109269998
718,0.004461440964,6.122384198e-06,1.4210875,0.9366900810000001,739.9170984269998
719,0.004467563349,3.800814112e-06,1.351435045,0.889125775,741.2685334719998
720,0.004471364163,3.446444972e-06,1.331449349,0.871727631,742.5999828209998
721,0.004474810608,3.791089469e-06,1.353087582,0.8916601120000001,743.9530704029997
722,0.004478601697,4.170198416e-06,1.361524614,0.900011012,745.3145950169998
723,0.004482771896,4.587218257e-06,1.365955982,0.904426973,746.6805509989997
724,0.004487359114,4.8928697e-06,1.38540769,0.920872533,748.0659586889997
725,0.004492251983,3.874008258e-06,1.348738574,0.872962513,749.4146972629997
726,0.004496125992,3.874008258e-06,1.333071609,0.867114063,750.7477688719996
727,0.0045,4.261409083e-06,1.339237838,0.868392712,752.0870067099996
728,0.004504261409,4.687549992e-06,1.345290983,0.877326606,753.4322976929997
729,0.004508948959,5.156304991e-06,1.36134004,0.881669316,754.7936377329996
730,0.004514105264,5.67193549e-06,1.380546668,0.898635879,756.1741844009996
731,0.0045197772,6.239129039e-06,1.407578611,0.925686754,757.5817630119996
732,0.004526016329,5.928278054e-06,1.422227142,0.940015861,759.0039901539996
733,0.004531944607,3.926819247e-06,1.375282308,0.906736863,760.3792724619996
734,0.004535871426,3.640410091e-06,1.359852476,0.8905456030000001,761.7391249379996
735,0.004539511836,4.0044511e-06,1.362189621,0.8964951430000001,763.1013145589995
736,0.004543516287,4.40489621e-06,1.378095624,0.907901124,764.4794101829996
737,0.004547921183,4.845385831e-06,1.393892601,0.921174241,765.8733027839995
738,0.004552766569,4.883812216e-06,1.39964014,0.918182668,767.2729429239995
739,0.004557650381,5.372193438e-06,1.413679004,0.927624993,768.6866219279995
740,0.004563022575,5.909412781e-06,1.412661844,0.9274868359999999,770.0992837719995
741,0.004568931988,6.50035406e-06,1.428284474,0.94288163,771.5275682459994
742,0.004575432342,7.150389466e-06,1.432446653,0.9504150920000001,772.9600148989995
743,0.004582582731,7.306013333e-06,1.465956099,0.968639289,774.4259709979995
744,0.004589888744,6.35046207e-06,1.465232913,0.974874856,775.8912039109995
745,0.004596239206,3.819394903e-06,1.412698913,0.9124816179999999,777.3039028239995
746,0.004600058601,3.495154273e-06,1.382368424,0.896147009,778.6862712479995
747,0.004603553756,3.513575118e-06,1.371098166,0.881290632,780.0573694139995
748,0.004607067331,3.86493263e-06,1.385318087,0.8965533219999999,781.4426875009995
749,0.004610932263,4.251425893e-06,1.406567667,0.914742072,782.8492551679994
750,0.004615183689,4.676568482e-06,1.407595659,0.916023984,784.2568508269994
751,0.004619860258,5.144225331e-06,1.42463413,0.916457895,785.6814849569994
752,0.004625004483,5.658647864e-06,1.427138665,0.920473852,787.1086236219994
753,0.004630663131,6.22451265e-06,1.436652951,0.934915919,788.5452765729995
754,0.004636887644,6.846963915e-06,1.441917519,0.939746048,789.9871940919994
755,0.004643734608,7.531660307e-06,1.494739211,0.97339381,791.4819333029994
756,0.004651266268,5.967263497e-06,1.473753279,0.967382948,792.9556865819994
757,0.004657233531,3.691611688e-06,1.406570011,0.913324609,794.3622565929994
758,0.004660925143,3.192904316e-06,1.364008703,0.8781284410000001,795.7262652959994
759,0.004664118047,3.512194748e-06,1.365192622,0.878258106,797.0914579179994
760,0.004667630242,3.863414223e-06,1.38096462,0.892885945,798.4724225379994
761,0.004671493656,4.249755645e-06,1.38749234,0.896624078,799.8599148779994
762,0.004675743412,4.67473121e-06,1.404546961,0.9113870310000001,801.2644618389994
763,0.004680418143,5.142204331e-06,1.416819621,0.913881017,802.6812814599994
764,0.004685560348,5.656424764e-06,1.424613471,0.922107044,804.1058949309994
765,0.004691216772,6.22206724e-06,1.428957117,0.92797486,805.5348520479994
766,0.00469743884,6.844273964e-06,1.441461122,0.9377629510000001,806.9763131699993
767,0.004704283113,7.397682934e-06,1.482235663,0.9667975710000001,808.4585488329993
768,0.004711680796,4.922984679e-06,1.427620115,0.9344175939999999,809.8861689479993
769,0.004716603781,3.545227237e-06,1.386870863,0.895233878,811.2730398109993
770,0.004720149008,3.584016516e-06,1.376337304,0.886208289,812.6493771149993
771,0.004723733025,3.942418167e-06,1.382303894,0.8946270000000001,814.0316810089993
772,0.004727675443,3.874006e-06,1.37555219,0.887691682,815.4072331989993
773,0.004731549449,4.2614066e-06,1.396022742,0.90371705,816.8032559409993
774,0.004735810856,4.68754726e-06,1.399225313,0.906918448,818.2024812539993
775,0.004740498403,5.156301986e-06,1.55565685,1.019721927,819.7581381039993
776,0.004745654705,5.671932185e-06,1.557191565,1.0276073970000001,821.3153296689993
777,0.004751326637,6.239125403e-06,1.566921559,1.043167901,822.8822512279993
778,0.004757565762,6.863037944e-06,1.58738936,1.05945936,824.4696405879993
779,0.0047644288,7.065663502e-06,1.615938323,1.075987292,826.0855789109993
780,0.004771494464,6.227871867e-06,1.602698785,1.0711089010000001,827.6882776959993
781,0.004777722336,3.995991756e-06,1.535059973,1.0146971169999999,829.2233376689993
782,0.004781718328,4.348793369e-06,1.529201286,1.011082745,830.7525389549993
783,0.004786067121,4.409119168e-06,1.526858653,1.010191389,832.2793976079993
784,0.00479047624,3.454193113e-06,1.501458705,0.982451108,833.7808563129993
785,0.004793930433,3.799612424e-06,1.494999162,0.97598768,835.2758554749993
786,0.004797730046,4.179573667e-06,1.506974085,0.988814634,836.7828295599993
787,0.004801909619,4.597531034e-06,1.514737664,0.9974825680000001,838.2975672239993
788,0.00480650715,5.057284137e-06,1.52766024,1.008542287,839.8252274639993
789,0.004811564434,5.563012551e-06,1.549630307,1.02462342,841.3748577709994
790,0.004817127447,6.119313806e-06,1.579753574,1.0482924699999998,842.9546113449994
791,0.004823246761,6.37205959e-06,1.595168791,1.064774966,844.5497801359994
792,0.00482961882,7.009265549e-06,1.646019684,1.100005454,846.1957998199994
793,0.004836628086,6.944653866e-06,1.6470496,1.105418253,847.8428494199993
794,0.00484357274,5.113296867e-06,1.575306976,1.056494265,849.4181563959993
795,0.004848686037,3.568038872e-06,1.605622669,1.046919041,851.0237790649993
796,0.004852254076,3.4708631e-06,1.587995087,1.03672715,852.6117741519993
797,0.004855724939,3.715585424e-06,1.594371576,1.0357806909999998,854.2061457279992
798,0.004859440524,4.087143967e-06,1.595887199,1.041486709,855.8020329269992
799,0.004863527668,4.495858364e-06,1.607465302,1.053260483,857.4094982289993
800,0.004868023526,4.9454442e-06,1.620724131,1.069215735,859.0302223599992
801,0.004872968971,5.43998862e-06,1.647010584,1.0817141700000001,860.6772329439992
802,0.004878408959,5.983987482e-06,1.674322742,1.108057165,862.3515556859992
803,0.004884392947,4.757366166e-06,1.629461289,1.078230456,863.9810169749992
804,0.004889150313,4.801348222e-06,1.634998006,1.073028952,865.6160149809992
805,0.004893951661,5.281483044e-06,1.656416727,1.0910721639999998,867.2724317079992
806,0.004899233144,5.21009533e-06,1.662536654,1.096288852,868.9349683619992
807,0.004904443239,4.815257584e-06,1.650020064,1.096448372,870.5849884259992
808,0.004909258497,4.388932527e-06,1.640647056,1.083809944,872.2256354819992
809,0.00491364743,4.82782578e-06,1.647592365,1.092123186,873.8732278469993
810,0.004918475255,5.310608358e-06,1.675231056,1.09993577,875.5484589029993
811,0.004923785864,5.841669194e-06,1.676231831,1.1081851770000002,877.2246907339993
812,0.004929627533,6.425836113e-06,1.686225651,1.123135123,878.9109163849993
813,0.004936053369,7.068419725e-06,1.718499867,1.140096336,880.6294162519993
814,0.004943121789,5.059777754e-06,1.659444261,1.106159759,882.2888605129992
815,0.004948181566,4.89288625e-06,1.627398114,1.079603356,883.9162586269993
816,0.004953074453,5.382174875e-06,1.65931773,1.091567489,885.5755763569992
817,0.004958456628,5.303916301e-06,1.670111549,1.102978125,887.2456879059993
818,0.004963760544,4.449796898e-06,1.635861323,1.080291702,888.8815492289992
819,0.004968210341,4.404489862e-06,1.63552593,1.080415177,890.5170751589992
820,0.004972614831,4.844938849e-06,1.650373563,1.113534493,892.1674487219992
821,0.00497745977,5.28305877e-06,1.655598492,1.111779756,893.8230472139992
822,0.004982742828,5.811364647e-06,1.668030773,1.130246364,895.4910779869992
823,0.004988554193,5.722903528e-06,1.650472921,1.114532182,897.1415509079992
824,0.004994277096,5.722903528e-06,1.653706873,1.114571449,898.7952577809992
825,0.005,4.697120519e-06,1.619322786,1.0963313060000002,900.4145805669992
826,0.005004697121,5.166832571e-06,1.644815248,1.1061236490000002,902.0593958149992
827,0.005009863953,5.683515828e-06,1.655908579,1.118634752,903.7153043939992
828,0.005015547469,6.048933627e-06,1.671808302,1.132364849,905.3871126959992
829,0.005021596403,4.011527275e-06,1.614144027,1.087379094,907.0012567229992
830,0.00502560793,4.366426857e-06,1.631199339,1.103053587,908.6324560619992
831,0.005029974357,3.841853871e-06,1.593154999,1.065362457,910.2256110609992
832,0.005033816211,3.964815611e-06,1.590162715,1.061814065,911.8157737759992
833,0.005037781026,4.361297173e-06,1.598942814,1.067635035,913.4147165899992
834,0.005042142323,4.79742689e-06,1.607362846,1.079147793,915.0220794359992
835,0.00504693975,5.277169579e-06,1.613918919,1.091488282,916.6359983549992
836,0.00505221692,5.804886537e-06,1.647000124,1.1080667709999998,918.2829984789992
837,0.005058021806,4.599078437e-06,1.606359421,1.0846826969999999,919.8893578999991
838,0.005062620885,4.715638165e-06,1.60167828,1.081477203,921.4910361799991
839,0.005067336523,5.187201981e-06,1.625948797,1.09918637,923.1169849769991
840,0.005072523725,5.705922179e-06,1.865260284,1.2089923150000002,924.9822452609991
841,0.005078229647,5.274577359e-06,1.858104405,1.206620832,926.840349665999
842,0.005083504224,4.447147454e-06,1.814673685,1.175748319,928.655023350999
843,0.005087951372,4.159613462e-06,1.794688689,1.160152199,930.4497120399991
844,0.005092110985,4.575574808e-06,1.812506161,1.17404027,932.2622182009991
845,0.00509668656,5.033132289e-06,1.823294199,1.184395989,934.0855123999991
846,0.005101719692,5.536445517e-06,1.849534711,1.196573754,935.9350471109991
847,0.005107256138,6.090090069e-06,1.870578734,1.22047272,937.8056258449991
848,0.005113346228,6.699099076e-06,1.905595886,1.2410689879999999,939.7112217309991
849,0.005120045327,7.369008984e-06,1.936961201,1.2711498140000002,941.6481829319991
850,0.005127414336,8.105909882e-06,1.969730222,1.296346636,943.6179131539991
851,0.005135520246,7.048936264e-06,1.954883974,1.284714027,945.5727971279991
852,0.005142569182,5.143801274e-06,1.855461851,1.2164695280000002,947.4282589789991
853,0.005147712984,3.810328636e-06,1.806694958,1.1686021320000002,949.2349539369991
854,0.005151523312,4.1913615e-06,1.802344797,1.1658525480000002,951.0372987339991
855,0.005155714674,4.171947074e-06,1.799749971,1.1617175469999999,952.8370487049991
856,0.005159886621,4.589141781e-06,1.812713548,1.173023284,954.6497622529992
857,0.005164475763,5.048055959e-06,1.824657153,1.186243087,956.4744194059991
858,0.005169523818,5.552861555e-06,1.861116574,1.208565932,958.3355359799991
859,0.00517507668,4.326799316e-06,1.817830087,1.184409448,960.1533660669991
860,0.005179403479,4.592762299e-06,1.802074109,1.16849275,961.9554401759991
861,0.005183996242,5.044642642e-06,1.825069543,1.186118235,963.7805097189992
862,0.005189040884,5.549106906e-06,1.853467824,1.197254607,965.6339775429991
863,0.005194589991,6.104017597e-06,1.888864694,1.231270806,967.522842236999
864,0.005200694009,5.833912241e-06,1.878285311,1.226209809,969.4011275479991
865,0.005206527921,3.680873255e-06,1.796799189,1.1586661280000001,971.1979267369991
866,0.005210208794,3.708506723e-06,1.801285723,1.1623495259999999,972.9992124599991
867,0.005213917301,3.849380911e-06,1.78632252,1.1451651749999998,974.785534979999
868,0.005217766682,4.234319002e-06,1.794969183,1.157396519,976.5805041629991
869,0.005222001001,4.657750903e-06,1.814368473,1.17818443,978.394872635999
870,0.005226658752,5.123525993e-06,1.864851825,1.221763675,980.259724460999
871,0.005231782278,4.131633405e-06,1.822657379,1.188694539,982.082381839999
872,0.005235913911,3.8622424e-06,1.797544427,1.16509222,983.8799262669991
873,0.005239776154,4.24846664e-06,1.804041151,1.172803411,985.683967417999
874,0.00524402462,4.673313304e-06,1.8158198,1.176108714,987.499787217999
875,0.005248697934,5.140644634e-06,1.832209059,1.1930980359999999,989.331996276999
876,0.005253838578,5.654709097e-06,1.882086878,1.223713303,991.214083154999
877,0.005259493287,5.589588959e-06,1.893135579,1.241114273,993.107218733999
878,0.005265082876,4.801025611e-06,1.861097755,1.221781642,994.968316488999
879,0.005269883902,4.44642471e-06,1.841778951,1.205487636,996.810095439999
880,0.005274330327,4.545999503e-06,1.824809934,1.18675238,998.634905373999
881,0.005278876326,5.000599454e-06,1.843815532,1.206101078,1000.478720905999
882,0.005283876926,5.215277779e-06,1.89885975,1.2452421729999998,1002.377580655999
883,0.005289092203,5.139290877e-06,1.858119599,1.21898324,1004.2357002549991
884,0.005294231494,5.028307342e-06,1.843606062,1.2067745520000002,1006.0793063169991
885,0.005299259802,5.531138076e-06,1.873364587,1.217372954,1007.9526709039991
886,0.00530479094,6.084251884e-06,1.893426148,1.235803757,1009.8460970519991
887,0.005310875192,6.692677072e-06,1.913566018,1.255611618,1011.7596630699991
888,0.005317567869,6.362200581e-06,1.922551694,1.257961002,1013.6822147639991
889,0.005323930069,4.016272798e-06,1.830723175,1.1974734640000002,1015.5129379389991
890,0.005327946342,4.417900078e-06,1.745555591,1.1647675450000001,1017.2584935299991
891,0.005332364242,3.709418515e-06,1.708114297,1.138271569,1018.966607826999
892,0.005336073661,4.080360366e-06,1.710803586,1.14096389,1020.677411412999
893,0.005340154021,4.488396403e-06,1.719795689,1.157192842,1022.397207101999
894,0.005344642417,4.937236043e-06,1.738644921,1.168006237,1024.135852022999
895,0.005349579653,5.430959648e-06,1.7636094,1.181400805,1025.899461422999
896,0.005355010613,5.974055613e-06,1.782717859,1.1957534170000002,1027.682179281999
897,0.005360984669,6.571461174e-06,1.811644837,1.224339408,1029.4938241189989
898,0.00536755613,7.228607291e-06,1.819221486,1.230464274,1031.313045604999
899,0.005374784737,7.318354319e-06,1.846033114,1.248548735,1033.159078718999
900,0.005382103091,6.485400916e-06,1.870060755,1.262810096,1035.0291394739988
901,0.005388588492,4.18315557e-06,1.762963178,1.1924762850000001,1036.792102651999
902,0.005392771648,3.806538748e-06,1.729466903,1.164084748,1038.521569554999
903,0.005396578187,4.187192623e-06,1.735019193,1.168959712,1040.2565887479989
904,0.005400765379,4.605911886e-06,1.746740925,1.176615441,1042.003329672999
905,0.005405371291,5.066503074e-06,1.768552597,1.199196305,1043.771882269999
906,0.005410437794,5.573153382e-06,1.807428621,1.2179074010000002,1045.579310890999
907,0.005416010948,6.13046872e-06,1.821611885,1.232153775,1047.400922775999
908,0.005422141416,6.743515592e-06,1.831284911,1.2425519550000002,1049.2322076869991
909,0.005428884932,7.417867151e-06,1.860183301,1.262930113,1051.0923909879991
910,0.005436302799,6.696330389e-06,1.862874316,1.264687227,1052.955265303999
911,0.005442999129,4.416430532e-06,1.775826036,1.206813764,1054.731091339999
912,0.00544741556,3.266468576e-06,1.72351808,1.1547460859999998,1056.454609419999
913,0.005450682029,3.274366377e-06,1.712181903,1.148918382,1058.1667913229992
914,0.005453956395,3.601803015e-06,1.709902927,1.147100746,1059.8766942499992
915,0.005457558198,3.961983316e-06,1.7602627,1.148885567,1061.6369569499993
916,0.005461520181,4.168649453e-06,1.773070508,1.164554856,1063.4100274579994
917,0.005465688831,4.401357168e-06,1.769446579,1.1634150779999999,1065.1794740369994
918,0.005470090188,4.841492885e-06,1.789982793,1.18202407,1066.9694568299994
919,0.005474931681,5.325642173e-06,1.813278513,1.193903616,1068.7827353429993
920,0.005480257323,5.858206391e-06,1.838123773,1.2168813219999999,1070.6208591159993
921,0.005486115529,6.44402703e-06,1.860274414,1.2363983219999999,1072.4811335299994
922,0.005492559556,3.720221814e-06,1.754674299,1.153340252,1074.2358078289994
923,0.005496279778,3.720221814e-06,1.75878405,1.153177115,1075.9945918789995
924,0.0055,3.393197627e-06,1.745804707,1.144419109,1077.7403965859994
925,0.005503393198,3.73251739e-06,1.785233969,1.1754028490000001,1079.5256305549995
926,0.005507125715,3.239518837e-06,1.749289544,1.144538561,1081.2749200989995
927,0.005510365234,3.563470721e-06,1.746034897,1.144190557,1083.0209549959995
928,0.005513928705,3.919817793e-06,1.763299586,1.162891352,1084.7842545819994
929,0.005517848522,4.311799572e-06,1.792982593,1.18546448,1086.5772371749995
930,0.005522160322,4.710801998e-06,1.797300425,1.185693911,1088.3745375999995
931,0.005526871124,5.181882198e-06,1.842849679,1.217167773,1090.2173872789995
932,0.005532053006,5.700070417e-06,1.844283492,1.222885402,1092.0616707709994
933,0.005537753077,6.270077459e-06,1.871504422,1.247364475,1093.9331751929994
934,0.005544023154,6.897085205e-06,1.914698807,1.278510555,1095.8478739999994
935,0.005550920239,4.771468267e-06,1.784975123,1.164152858,1097.6328491229995
936,0.005555691707,4.264527507e-06,1.771365981,1.154042618,1099.4042151039994
937,0.005559956235,3.725799269e-06,1.755712444,1.134958194,1101.1599275479994
938,0.005563682034,3.237348083e-06,1.715091083,1.1046010370000001,1102.8750186309994
939,0.005566919382,3.561082892e-06,1.732947816,1.1146514010000002,1104.6079664469994
940,0.005570480465,3.902859866e-06,1.75023936,1.130351305,1106.3582058069994
941,0.005574383325,4.293145852e-06,1.767225171,1.1469683499999999,1108.1254309779995
942,0.005578676471,4.722460438e-06,1.780079363,1.159039565,1109.9055103409994
943,0.005583398931,5.194706482e-06,1.808569115,1.173725859,1111.7140794559994
944,0.005588593638,5.71417713e-06,1.830626341,1.195440703,1113.5447057969993
945,0.005594307815,6.285594843e-06,1.843267205,1.211022056,1115.3879730019994
946,0.00560059341,6.229519905e-06,1.841813981,1.2100347980000001,1117.2297869829995
947,0.00560682293,6.852471896e-06,1.894462049,1.24374779,1119.1242490319994
948,0.005613675402,6.475068263e-06,1.886806569,1.238712885,1121.0110556009995
949,0.00562015047,4.484109677e-06,1.794283951,1.172693534,1122.8053395519994
950,0.00562463458,3.705217677e-06,1.749772015,1.128078476,1124.5551115669994
951,0.005628339797,3.238336096e-06,1.712273682,1.0989950990000001,1126.2673852489993
952,0.005631578133,3.562169706e-06,1.720372814,1.100357854,1127.9877580629993
953,0.005635140303,3.918386676e-06,1.736193138,1.116061148,1129.7239512009994
954,0.00563905869,4.310225344e-06,1.74951538,1.1284649820000001,1131.4734665809995
955,0.005643368915,4.741247879e-06,1.757398915,1.14170923,1133.2308654959995
956,0.005648110163,5.215372666e-06,1.785013495,1.169028379,1135.0158789909995
957,0.005653325536,5.736909933e-06,1.808862653,1.175774541,1136.8247416439995
958,0.005659062446,5.949703695e-06,1.829860379,1.194996745,1138.6546020229994
959,0.005665012149,5.733627985e-06,1.838995981,1.203081528,1140.4935980039993
960,0.005670745777,5.365329308e-06,1.837784191,1.2038573399999999,1142.3313821949994
961,0.005676111107,3.761965327e-06,1.765942047,1.14754039,1144.0973242419993
962,0.005679873072,3.796990706e-06,1.755131671,1.135398012,1145.8524559129994
963,0.005683670063,4.176689776e-06,1.777528226,1.1537333680000001,1147.6299841389994
964,0.005687846752,4.594358754e-06,1.781931893,1.16038902,1149.4119160319995
965,0.005692441111,5.053794629e-06,1.801754756,1.181761067,1151.2136707879995
966,0.005697494906,5.559174092e-06,1.82836093,1.192974923,1153.0420317179994
967,0.00570305408,6.115091501e-06,1.85587919,1.2174577580000001,1154.8979109079994
968,0.005709169171,6.720086698e-06,1.879246331,1.2429697700000002,1156.7771572389995
969,0.005715889258,7.392095368e-06,1.930368297,1.279932764,1158.7075255359996
970,0.005723281353,8.038477898e-06,1.947121248,1.2945763860000001,1160.6546467839996
971,0.005731319831,7.91759962e-06,1.95295627,1.295352321,1162.6076030539996
972,0.005739237431,5.860801082e-06,1.884189755,1.243506008,1164.4917928089997
973,0.005745098232,3.529624149e-06,1.766968043,1.145768677,1166.2587608519996
974,0.005748627856,3.113193561e-06,1.713140017,1.099863365,1167.9719008689995
975,0.00575174105,3.424512917e-06,1.712396888,1.099994202,1169.6842977569995
976,0.005755165563,3.766964208e-06,1.724016304,1.108250141,1171.4083140609996
977,0.005758932527,4.143660629e-06,1.737146335,1.123360136,1173.1454603959996
978,0.005763076187,4.558026692e-06,1.767448221,1.1458416150000001,1174.9129086169996
979,0.005767634214,4.34117762e-06,1.777035916,1.153762631,1176.6899445329996
980,0.005771975392,4.775295382e-06,1.778225623,1.160635735,1178.4681701559996
981,0.005776750687,5.25282492e-06,1.793115424,1.170279292,1180.2612855799996
982,0.005782003512,5.778107412e-06,1.831419079,1.1910446769999998,1182.0927046589995
983,0.005787781619,6.355918153e-06,1.865363904,1.2148846070000001,1183.9580685629996
984,0.005794137538,5.87649161e-06,1.870703482,1.218266007,1185.8287720449996
985,0.005800014029,5.591798721e-06,1.835802583,1.199448577,1187.6645746279996
986,0.005805605828,5.644924917e-06,1.834297505,1.198075909,1189.4988721329996
987,0.005811250753,5.342425385e-06,1.803829099,1.18639837,1191.3027012319997
988,0.005816593178,5.876667924e-06,1.846811369,1.200938169,1193.1495126009997
989,0.005822469846,5.246561537e-06,1.798651857,1.187977901,1194.9481644579998
990,0.005827716408,5.77121769e-06,1.818210984,1.163010179,1196.7663754419998
991,0.005833487625,5.767019567e-06,1.819412911,1.1645599020000001,1198.5857883529998
992,0.005839254645,6.343721523e-06,1.832364098,1.178803911,1200.4181524509997
993,0.005845598367,6.807000093e-06,1.856101002,1.190248091,1202.2742534529998
994,0.005852405367,5.734451843e-06,1.810838984,1.167519946,1204.0850924369997
995,0.005858139818,4.418889821e-06,1.776134113,1.1294024299999998,1205.8612265499996
996,0.005862558708,3.960143595e-06,1.741447122,1.10571806,1207.6026736719996
997,0.005866518852,4.050978328e-06,1.748193712,1.1014261300000001,1209.3508673839997
998,0.00587056983,4.098381189e-06,1.756543447,1.10654852,1211.1074108309997
999,0.005874668211,4.508219308e-06,1.763418272,1.122043876,1212.8708291029998
1000,0.005879176431,4.855626956e-06,1.798436487,1.1438170840000002,1214.6692655899997
1001,0.005884032058,4.912431978e-06,1.775790462,1.1257383600000002,1216.4450560519997
1002,0.00588894449,5.403675175e-06,1.802966618,1.146469144,1218.2480226699997
1003,0.005894348165,5.944042693e-06,1.806340535,1.156141727,1220.0543632049996
1004,0.005900292207,6.538446962e-06,1.825022262,1.175341516,1221.8793854669996
1005,0.005906830654,6.157748639e-06,1.818823364,1.175678956,1223.6982088309996
1006,0.005912988403,4.308268799e-06,1.767567877,1.121886274,1225.4657767079996
1007,0.005917296672,3.10857016e-06,1.697127773,1.0728505799999999,1227.1629044809995
1008,0.005920405242,3.383086953e-06,1.713390399,1.082654395,1228.8762948799995
1009,0.005923788329,3.316752888e-06,1.699074203,1.072182659,1230.5753690829995
1010,0.005927105082,3.648428176e-06,1.726096698,1.124130546,1232.3014657809995
1011,0.00593075351,4.013270994e-06,1.758481248,1.144229734,1234.0599470289994
1012,0.005934766781,4.121017688e-06,1.767357056,1.1499943990000001,1235.8273040849995
1013,0.005938887799,4.49765492e-06,1.772523075,1.157542364,1237.5998271599994
1014,0.005943385454,4.947420412e-06,1.78367875,1.168503835,1239.3835059099995
1015,0.005948332874,5.442162453e-06,1.799467772,1.179100757,1241.1829736819996
1016,0.005953775037,5.986378699e-06,1.818075087,1.198808344,1243.0010487689995
1017,0.005959761415,6.585016568e-06,1.851516794,1.222839618,1244.8525655629994
1018,0.005966346432,5.957973322e-06,1.839982509,1.2271534320000002,1246.6925480719995
1019,0.005972304405,4.929780234e-06,1.81652832,1.2003457260000001,1248.5090763919995
1020,0.005977234185,4.471520776e-06,1.764127607,1.107413723,1250.2732039989996
1021,0.005981705706,4.042608721e-06,1.722851457,1.085183295,1251.9960554559996
1022,0.005985748315,4.446869593e-06,1.739502611,1.08744171,1253.7355580669996
1023,0.005990195184,4.800930396e-06,1.753684064,1.099962035,1255.4892421309996
1024,0.005994996115,5.00388515e-06,1.758985986,1.104359395,1257.2482281169996
1025,0.006,5.504273665e-06,1.771793844,1.117719853,1259.0200219609997
1026,0.006005504274,6.054701031e-06,1.786837877,1.128221861,1260.8068598379996
1027,0.006011558975,6.660171135e-06,1.798705957,1.1453680849999999,1262.6055657949996
1028,0.006018219146,7.326188248e-06,1.831297802,1.1647046319999999,1264.4368635969997
1029,0.006025545334,6.220383192e-06,1.826768655,1.1641340640000002,1266.2636322519998
1030,0.006031765717,4.244186021e-06,1.840746686,1.191123695,1268.1043789379999
1031,0.006036009903,4.359888238e-06,1.820014156,1.178322174,1269.924393094
1032,0.006040369792,3.77212713e-06,1.781198044,1.158340796,1271.7055911379998
1033,0.006044141919,4.149339843e-06,1.804985017,1.163170083,1273.5105761549999
1034,0.006048291259,4.209912519e-06,1.812373589,1.169155178,1275.3229497439997
1035,0.006052501171,4.489407564e-06,2.132437586,1.3762255319999999,1277.4553873299997
1036,0.006056990579,4.93834832e-06,2.145007616,1.393072352,1279.6003949459996
1037,0.006061928927,5.432183152e-06,2.158750159,1.410723441,1281.7591451049996
1038,0.00606736111,5.975401468e-06,2.185088109,1.437204204,1283.9442332139995
1039,0.006073336512,6.572941614e-06,2.235590029,1.468739354,1286.1798232429994
1040,0.006079909453,6.85875658e-06,2.274307068,1.510325367,1288.4541303109995
1041,0.00608676821,5.597208961e-06,2.232140847,1.484672728,1290.6862711579995
1042,0.006092365419,4.095743199e-06,2.154527007,1.4216860850000002,1292.8407981649996
1043,0.006096461162,4.183149747e-06,2.134176173,1.4015169200000002,1294.9749743379996
1044,0.006100644312,4.144067946e-06,2.122633136,1.3960000670000001,1297.0976074739997
1045,0.00610478838,4.558474741e-06,1.906944548,1.247908746,1299.0045520219996
1046,0.006109346854,5.014322215e-06,1.926888324,1.2693001879999999,1300.9314403459996
1047,0.006114361177,5.515754437e-06,1.945639471,1.287071021,1302.8770798169996
1048,0.006119876931,6.06732988e-06,1.975648113,1.319553234,1304.8527279299997
1049,0.006125944261,6.674062868e-06,1.997335088,1.333714731,1306.8500630179997
1050,0.006132618324,6.791372191e-06,2.018065621,1.352969328,1308.8681286389997
1051,0.006139409696,6.488777455e-06,2.018931944,1.355639233,1310.8870605829998
1052,0.006145898473,5.187844496e-06,1.972553082,1.3228895920000001,1312.8596136649999
1053,0.006151086318,3.391845994e-06,1.856545214,1.229942359,1314.716158879
1054,0.006154478164,3.530872082e-06,1.870897307,1.24031287,1316.587056186
1055,0.006158009036,3.295081115e-06,1.885495416,1.20034257,1318.4725516019998
1056,0.006161304117,3.624589226e-06,1.902887902,1.213190755,1320.3754395039998
1057,0.006164928706,3.987048149e-06,1.914374841,1.226398034,1322.2898143449997
1058,0.006168915754,4.385752964e-06,1.932875857,1.2457260419999998,1324.2226902019997
1059,0.006173301507,4.82432826e-06,1.940852668,1.2592142499999999,1326.1635428699997
1060,0.006178125836,5.306761086e-06,1.979476449,1.274337251,1328.1430193189997
1061,0.006183432597,5.287731698e-06,1.981548498,1.278751988,1330.1245678169996
1062,0.006188720328,5.816504868e-06,2.011985237,1.308178357,1332.1365530539997
1063,0.006194536833,5.522936916e-06,2.013228913,1.302963559,1334.1497819669996
1064,0.00620005977,3.748357162e-06,1.928119036,1.23979231,1336.0779010029996
1065,0.006203808127,3.286946956e-06,1.888145606,1.200675497,1337.9660466089997
1066,0.006207095074,3.573520098e-06,1.897460881,1.2107807030000002,1339.8635074899996
1067,0.006210668594,3.272722903e-06,1.887726724,1.200416738,1341.7512342139996
1068,0.006213941317,3.599995193e-06,1.889700075,1.203558866,1343.6409342889997
1069,0.006217541313,3.959994712e-06,1.907962436,1.217638728,1345.5488967249996
1070,0.006221501307,4.355994183e-06,1.925933499,1.237982418,1347.4748302239996
1071,0.006225857301,4.791593602e-06,1.936308858,1.253751613,1349.4111390819996
1072,0.006230648895,5.270752962e-06,1.980466697,1.27741097,1351.3916057789997
1073,0.006235919648,5.280034916e-06,1.990792427,1.2875785739999999,1353.3823982059998
1074,0.006241199683,5.474938458e-06,1.992664912,1.291109155,1355.3750631179998
1075,0.006246674621,6.022432304e-06,1.88308974,1.210760292,1357.258152858
1076,0.006252697054,4.193647002e-06,1.811741901,1.16494521,1359.069894759
1077,0.006256890701,3.658024069e-06,1.771812757,1.127824801,1360.8417075159998
1078,0.006260548725,3.654252272e-06,1.759449284,1.1178484100000001,1362.6011568
1079,0.006264202977,3.764891125e-06,1.754866575,1.111872119,1364.356023375
1080,0.006267967868,4.141380237e-06,1.768692076,1.1242551760000001,1366.124715451
1081,0.006272109248,4.555518261e-06,1.777730079,1.1344506220000001,1367.90244553
1082,0.006276664767,5.011070087e-06,1.789356677,1.1449319930000001,1369.691802207
1083,0.006281675837,5.512177096e-06,1.830319211,1.171153312,1371.5221214179999
1084,0.006287188014,6.063394806e-06,1.854330289,1.196199252,1373.376451707
1085,0.006293251409,6.669734286e-06,1.873608399,1.210147551,1375.2500601059999
1086,0.006299921143,6.16050355e-06,1.856090472,1.194085928,1377.1061505779999
1087,0.006306081646,5.454542351e-06,1.837567289,1.173501602,1378.9437178669998
1088,0.006311536189,4.639664347e-06,1.793540298,1.14929047,1380.7372581649997
1089,0.006316175853,4.309338431e-06,1.771324341,1.128750143,1382.5085825059998
1090,0.006320485192,4.712069399e-06,1.783074264,1.1370789430000001,1384.29165677
1091,0.006325197261,5.183276338e-06,1.793045371,1.148236123,1386.084702141
1092,0.006330380537,5.701603972e-06,1.829518625,1.172698747,1387.914220766
1093,0.006336082141,4.501587011e-06,1.783761058,1.137703305,1389.697981824
1094,0.006340583728,4.58447894e-06,1.77290261,1.12859801,1391.470884434
1095,0.006345168207,4.500776758e-06,1.765526252,1.119899025,1393.236410686
1096,0.006349668984,4.950854434e-06,1.782022621,1.13061751,1395.018433307
1097,0.006354619838,5.445939877e-06,1.808011786,1.1439089820000001,1396.8264450929998
1098,0.006360065778,5.536069769e-06,1.817566711,1.1535027800000002,1398.6440118039998
1099,0.006365601848,4.607807272e-06,1.776777051,1.1324008559999998,1400.4207888549997
1100,0.006370209655,3.741279708e-06,1.735853304,1.091232991,1402.1566421589998
1101,0.006373950935,4.008961985e-06,1.732454026,1.087811711,1403.8890961849997
1102,0.006377959897,4.400560262e-06,1.751759332,1.108723167,1405.6408555169996
1103,0.006382360457,4.308752875e-06,1.751026221,1.1074476629999999,1407.3918817379997
1104,0.00638666921,4.739628162e-06,1.770760625,1.125586118,1409.1626423629998
1105,0.006391408838,4.815413993e-06,1.795097848,1.132791213,1410.9577402109999
1106,0.006396224252,4.652302729e-06,1.774833521,1.1226868419999998,1412.7325737319998
1107,0.006400876555,5.117533002e-06,1.801176687,1.142320434,1414.5337504189997
1108,0.006405994088,5.629286302e-06,1.832435133,1.1584987070000001,1416.3661855519997
1109,0.006411623374,6.192214933e-06,1.845158568,1.173018743,1418.2113441199997
1110,0.006417815589,5.727552921e-06,1.860317039,1.191933477,1420.0716611589996
1111,0.006423543142,4.063154912e-06,1.795354806,1.142116252,1421.8670159649996
1112,0.006427606297,4.428505999e-06,1.806248758,1.152801727,1423.6732647229996
1113,0.006432034803,3.622256058e-06,1.764706644,1.114600872,1425.4379713669996
1114,0.006435657059,3.984481664e-06,1.761095242,1.113282269,1427.1990666089996
1115,0.006439641541,4.38292983e-06,1.785940094,1.131857439,1428.9850067029995
1116,0.006444024471,4.821222813e-06,1.798876993,1.145367882,1430.7838836959995
1117,0.006448845694,5.040116247e-06,1.804576271,1.15135355,1432.5884599669996
1118,0.00645388581,5.544127871e-06,1.837256832,1.163403437,1434.4257167989997
1119,0.006459429938,6.098540658e-06,1.856654847,1.183379947,1436.2823716459998
1120,0.006465528478,6.708394724e-06,1.787017402,1.121944113,1438.0693890479997
1121,0.006472236873,6.906104987e-06,1.803507179,1.133611878,1439.8728962269997
1122,0.006479142978,4.974119893e-06,1.743020246,1.10143217,1441.6159164729997
1123,0.006484117098,3.600346447e-06,1.682750234,1.047589876,1443.2986667069997
1124,0.006487717444,3.960381092e-06,1.6715375,1.037232936,1444.9702042069998
1125,0.006491677825,4.022047456e-06,1.845333074,1.1928748050000002,1446.815537281
1126,0.006495699873,4.300127121e-06,1.846272111,1.203955645,1448.661809392
1127,0.0065,4.072455145e-06,1.841067407,1.200077449,1450.502876799
1128,0.006504072455,4.442425217e-06,1.840921847,1.198957596,1452.3437986459999
1129,0.00650851488,4.886667739e-06,1.863228357,1.216083068,1454.207027003
1130,0.006513401548,5.375334513e-06,1.878974774,1.222433924,1456.0860017769999
1131,0.006518776883,5.912867964e-06,1.893576649,1.238133839,1457.9795784259998
1132,0.006524689751,6.50415476e-06,1.924936028,1.268116407,1459.9045144539998
1133,0.006531193905,6.379171608e-06,1.966243209,1.295187915,1461.8707576629997
1134,0.006537573077,4.754758819e-06,1.90679126,1.2604370569999999,1463.7775489229998
1135,0.006542327836,3.571985357e-06,1.824594656,1.182703966,1465.6021435789999
1136,0.006545899821,3.616563481e-06,1.811446964,1.170372954,1467.4135905429998
1137,0.006549516385,3.978219829e-06,1.821592047,1.1821067959999998,1469.2351825899998
1138,0.006553494604,4.201211381e-06,1.834875215,1.194083432,1471.0700578049998
1139,0.006557695816,4.313279954e-06,1.837941081,1.19623803,1472.9079988859999
1140,0.006562009096,4.74460795e-06,1.846154011,1.204525348,1474.7541528969998
1141,0.006566753704,5.219068745e-06,1.878570923,1.222739709,1476.63272382
1142,0.006571972772,5.740975619e-06,1.896250788,1.2410271499999999,1478.528974608
1143,0.006577713748,6.315073181e-06,1.919646624,1.262837125,1480.448621232
1144,0.006584028821,6.372825226e-06,1.938662247,1.282885248,1482.387283479
1145,0.006590401646,5.554070725e-06,1.928424363,1.271754171,1484.315707842
1146,0.006595955717,4.481232423e-06,1.8739043,1.232855732,1486.189612142
1147,0.00660043695,4.525049839e-06,1.864417233,1.22304393,1488.054029375
1148,0.006604961999,3.891672823e-06,1.834320961,1.193487458,1489.888350336
1149,0.006608853672,3.761264619e-06,1.815429616,1.179755632,1491.703779952
1150,0.006612614937,4.137391081e-06,1.824795059,1.1826831389999999,1493.5285750110002
1151,0.006616752328,4.551130189e-06,1.852375011,1.211239086,1495.3809500220002
1152,0.006621303458,5.006243208e-06,1.861120529,1.21908356,1497.242070551
1153,0.006626309701,5.506867529e-06,1.897921293,1.240537386,1499.1399918440002
1154,0.006631816569,6.057554282e-06,1.921005563,1.2632827830000002,1501.0609974070003
1155,0.006637874123,4.846085132e-06,1.874472651,1.232803565,1502.9354700580002
1156,0.006642720208,4.50131545e-06,1.840542064,1.20679245,1504.776012122
1157,0.006647221524,4.573228316e-06,1.855578342,1.213687575,1506.631590464
1158,0.006651794752,3.464337339e-06,1.809578135,1.175767749,1508.441168599
1159,0.006655259089,3.776879308e-06,1.821973227,1.182578155,1510.263141826
1160,0.006659035969,4.154567239e-06,1.853179768,1.2108654909999998,1512.116321594
1161,0.006663190536,3.902618996e-06,1.849124165,1.205109319,1513.965445759
1162,0.006667093155,4.292880895e-06,1.85478346,1.2099071929999998,1515.8202292189999
1163,0.006671386036,4.722168985e-06,1.866582644,1.223299809,1517.6868118629998
1164,0.006676108205,5.194385883e-06,1.893978075,1.236889479,1519.5807899379997
1165,0.006681302591,5.713824471e-06,1.9167425,1.260489936,1521.4975324379998
1166,0.006687016415,6.285206919e-06,1.941721906,1.284541425,1523.439254344
1167,0.006693301622,6.91372761e-06,1.996214015,1.324010345,1525.435468359
1168,0.00670021535,7.039637174e-06,2.014416244,1.340835964,1527.4498846029999
1169,0.006707254987,6.646147403e-06,2.014950997,1.335232714,1529.4648355999998
1170,0.006713901134,4.568430666e-06,1.821253701,1.151436512,1531.2860893009997
1171,0.006718469565,4.129194261e-06,1.782540301,1.119765833,1533.0686296019996
1172,0.006722598759,4.510684598e-06,1.779246848,1.117579909,1534.8478764499996
1173,0.006727109444,4.961753058e-06,1.7959372,1.134955613,1536.6438136499996
1174,0.006732071197,5.457928364e-06,1.833121563,1.1575307129999999,1538.4769352129997
1175,0.006737529125,6.003721201e-06,1.852986502,1.177909032,1540.3299217149997
1176,0.006743532846,4.56483148e-06,1.809728202,1.149779604,1542.1396499169998
1177,0.006748097678,4.73803604e-06,1.797244527,1.137540819,1543.9368944439998
1178,0.006752835714,5.211839644e-06,1.832472656,1.157751484,1545.7693670999997
1179,0.006758047554,5.351069409e-06,1.865602836,1.185330774,1547.6349699359998
1180,0.006763398623,5.035369248e-06,1.856706454,1.1759361130000001,1549.4916763899998
1181,0.006768433992,4.565618762e-06,1.827275424,1.1677029060000002,1551.3189518139998
1182,0.006772999611,4.850099127e-06,1.859723433,1.180686921,1553.1786752469998
1183,0.00677784971,4.556407421e-06,1.830069396,1.1675201290000001,1555.0087446429998
1184,0.006782406118,5.012048163e-06,1.859590376,1.186409673,1556.8683350189997
1185,0.006787418166,5.51325298e-06,1.894633362,1.219647606,1558.7629683809996
1186,0.006792931419,4.373420397e-06,1.836213029,1.176063595,1560.5991814099996
1187,0.006797304839,4.810762437e-06,1.853333266,1.1786534180000001,1562.4525146759995
1188,0.006802115602,5.291838681e-06,1.881375979,1.200850704,1564.3338906549995
1189,0.00680740744,5.821022549e-06,1.893288174,1.2142366290000002,1566.2271788289995
1190,0.006813228463,4.379025789e-06,1.832769337,1.173558988,1568.0599481659995
1191,0.006817607489,3.524878187e-06,1.788543253,1.128964425,1569.8484914189994
1192,0.006821132367,3.337251562e-06,1.755775261,1.102404533,1571.6042666799995
1193,0.006824469618,3.670976719e-06,1.766312695,1.108063656,1573.3705793749994
1194,0.006828140595,4.038074391e-06,1.790528535,1.1208243279999999,1575.1611079099994
1195,0.006832178669,4.44188183e-06,1.862876393,1.167117772,1577.0239843029995
1196,0.006836620551,4.473715264e-06,1.867979578,1.177197073,1578.8919638809994
1197,0.006841094267,4.226252157e-06,1.853067918,1.160959088,1580.7450317989994
1198,0.006845320519,3.91447194e-06,1.825693047,1.138906076,1582.5707248459994
1199,0.006849234991,4.305919133e-06,1.833239294,1.1453708439999999,1584.4039641399993
1200,0.00685354091,4.736511047e-06,1.850521798,1.159496094,1586.2544859379993
1201,0.006858277421,5.210162152e-06,1.883621132,1.1759241980000001,1588.1381070699993
1202,0.006863487583,5.155315489e-06,1.883167486,1.175222137,1590.0212745559993
1203,0.006868642898,4.903068487e-06,1.87304977,1.1837256250000001,1591.8943243259994
1204,0.006873545967,5.156354185e-06,1.909535327,1.199198218,1593.8038596529993
1205,0.006878702321,5.15207893e-06,1.90674045,1.197572845,1595.7106001029993
1206,0.0068838544,4.635989401e-06,1.87264499,1.1818637029999999,1597.5832450929993
1207,0.006888490389,5.099588341e-06,1.885309006,1.193273041,1599.4685540989992
1208,0.006893589978,4.696147713e-06,1.865709848,1.174534052,1601.3342639469993
1209,0.006898286126,4.328995128e-06,1.836021832,1.145415017,1603.1702857789992
1210,0.006902615121,4.761894641e-06,1.842389245,1.154558418,1605.0126750239992
1211,0.006907377015,5.238084105e-06,1.878956768,1.169600692,1606.8916317919993
1212,0.006912615099,5.761892515e-06,1.901077732,1.193743355,1608.7927095239993
1213,0.006918376992,5.524005459e-06,1.90272208,1.196311935,1610.6954316039994
1214,0.006923900997,5.251046802e-06,1.903032732,1.199583603,1612.5984643359993
1215,0.006929152044,4.189623177e-06,1.962927111,1.251903469,1614.5613914469993
1216,0.006933341667,3.405979058e-06,1.901502087,1.1985032599999998,1616.4628935339992
1217,0.006936747646,3.746576964e-06,1.891971362,1.195522978,1618.3548648959993
1218,0.006940494223,4.121234661e-06,1.919880129,1.219476207,1620.2747450249992
1219,0.006944615458,3.866835063e-06,1.906853886,1.2048434229999998,1622.1815989109991
1220,0.006948482293,4.253518569e-06,1.916566325,1.2122273620000001,1624.0981652359992
1221,0.006952735812,4.678870426e-06,1.927745722,1.2261366790000001,1626.0259109579993
1222,0.006957414682,5.146757469e-06,1.947130899,1.2398360620000002,1627.9730418569993
1223,0.00696256144,5.661433216e-06,1.97986547,1.259072573,1629.9529073269994
1224,0.006968222873,6.227576537e-06,2.008638416,1.288565856,1631.9615457429993
1225,0.006974450449,5.631075055e-06,2.022862879,1.300521674,1633.9844086219994
1226,0.006980081524,4.66340433e-06,1.970645081,1.265985068,1635.9550537029993
1227,0.006984744929,4.246334559e-06,1.954530463,1.248872725,1637.9095841659994
1228,0.006988991263,4.511641139e-06,1.945511306,1.240551862,1639.8550954719994
1229,0.006993502904,3.2485478e-06,1.885095445,1.186487329,1641.7401909169994
1230,0.006996751452,3.2485478e-06,1.869128263,1.174497867,1643.6093191799994
1231,0.007,3.573402581e-06,1.878756607,1.1767126380000001,1645.4880757869994
1232,0.007003573403,3.930742839e-06,1.892148312,1.190501186,1647.3802240989994
1233,0.007007504145,4.323817122e-06,1.909947374,1.208760661,1649.2901714729994
1234,0.007011827963,4.756198835e-06,1.919968708,1.220118332,1651.2101401809994
1235,0.007016584161,5.231818718e-06,1.960183271,1.240804947,1653.1703234519994
1236,0.00702181598,5.75500059e-06,2.005552363,1.281297191,1655.1758758149995
1237,0.007027570981,5.86820083e-06,2.003645024,1.28682502,1657.1795208389995
1238,0.007033439182,5.078223165e-06,1.991544121,1.274839117,1659.1710649599995
1239,0.007038517405,4.162111241e-06,1.944795424,1.241589704,1661.1158603839995
1240,0.007042679516,3.692415085e-06,1.904416155,1.203514371,1663.0202765389995
1241,0.007046371931,4.061656594e-06,1.910816958,1.212086741,1664.9310934969994
1242,0.007050433588,3.865920606e-06,1.905802427,1.20513214,1666.8368959239995
1243,0.007054299508,4.250327197e-06,1.916911108,1.216249508,1668.7538070319995
1244,0.007058549835,4.675359917e-06,1.936362599,1.236202947,1670.6901696309994
1245,0.007063225195,5.142895909e-06,1.84720038,1.1194832749999999,1672.5373700109994
1246,0.007068368091,5.6571855e-06,1.844614435,1.1251680780000002,1674.3819844459995
1247,0.007074025277,6.22290405e-06,1.864965188,1.145010782,1676.2469496339995
1248,0.007080248181,4.957663108e-06,1.846895524,1.1234131280000001,1678.0938451579996
1249,0.007085205844,4.181206454e-06,1.811876466,1.107249956,1679.9057216239996
1250,0.00708938705,3.631777343e-06,2.54367191,1.647702355,1682.4493935339997
1251,0.007093018828,3.994955078e-06,2.565618243,1.6692224750000002,1685.0150117769997
1252,0.007097013783,4.262105744e-06,2.573154793,1.678619509,1687.5881665699997
1253,0.007101275889,3.502114068e-06,2.543810353,1.648475061,1690.1319769229997
1254,0.007104778003,3.852325475e-06,2.551767176,1.655968718,1692.6837440989998
1255,0.007108630328,4.237558023e-06,2.009819348,1.210924228,1694.6935634469999
1256,0.007112867886,4.661313825e-06,2.018855635,1.23425003,1696.7124190819998
1257,0.0071175292,5.127445208e-06,2.038498728,1.2501663010000001,1698.7509178099997
1258,0.007122656645,5.640189728e-06,2.073954322,1.274226762,1700.8248721319997
1259,0.007128296835,5.512200569e-06,2.080459379,1.28054757,1702.9053315109998
1260,0.007133809035,6.063420626e-06,2.578473738,1.709784993,1705.4838052489997
1261,0.007139872456,5.453560714e-06,2.554833914,1.7005949509999998,1708.0386391629997
1262,0.007145326017,4.798864098e-06,2.5436756,1.68839578,1710.5823147629997
1263,0.007150124881,5.127862378e-06,2.546816289,1.687868209,1713.1291310519996
1264,0.007155252743,4.507546852e-06,2.534964163,1.677448981,1715.6640952149996
1265,0.00715976029,4.627654362e-06,2.520787389,1.66524194,1718.1848826039995
1266,0.007164387944,5.090419798e-06,2.519795367,1.6699212669999999,1720.7046779709995
1267,0.007169478364,5.599461778e-06,2.54313918,1.691452316,1723.2478171509995
1268,0.007175077826,6.159407955e-06,2.572731799,1.72145517,1725.8205489499994
1269,0.007181237234,4.605698414e-06,2.514488796,1.668923808,1728.3350377459994
1270,0.007185842932,4.74663688e-06,2.50313256,1.669413462,1730.8381703059995
1271,0.007190589569,5.221300568e-06,2.518790591,1.696471324,1733.3569608969995
1272,0.00719581087,4.916957834e-06,2.528958416,1.696852364,1735.8859193129995
1273,0.007200727828,4.849347734e-06,2.527717486,1.696591176,1738.4136367989995
1274,0.007205577175,4.417541101e-06,2.480530835,1.675532579,1740.8941676339996
1275,0.007209994716,4.434066534e-06,2.480050283,1.671167034,1743.3742179169997
1276,0.007214428783,4.877473187e-06,2.524250497,1.696031113,1745.8984684139996
1277,0.007219306256,5.365220506e-06,2.534041266,1.709987716,1748.4325096799996
1278,0.007224671477,5.901742556e-06,2.581911756,1.740041144,1751.0144214359996
1279,0.007230573219,4.646310133e-06,2.532164319,1.702117108,1753.5465857549996
1280,0.007235219529,5.110941146e-06,2.526199435,1.695998363,1756.0727851899996
1281,0.007240330471,5.273830039e-06,2.540370906,1.708947926,1758.6131560959996
1282,0.007245604301,5.548457321e-06,2.553266885,1.722460818,1761.1664229809996
1283,0.007251152758,5.387549072e-06,2.55899254,1.729162912,1763.7254155209996
1284,0.007256540307,5.10520885e-06,2.535897424,1.713966182,1766.2613129449996
1285,0.007261645516,4.817491089e-06,2.597732044,1.789798749,1768.8590449889996
1286,0.007266463007,5.299240198e-06,2.603875886,1.805342071,1771.4629208749996
1287,0.007271762247,5.829164218e-06,2.647622906,1.848516596,1774.1105437809995
1288,0.007277591411,5.232852918e-06,2.622377135,1.828542042,1776.7329209159996
1289,0.007282824264,5.39658006e-06,2.616111421,1.825662605,1779.3490323369995
1290,0.007288220844,5.936238066e-06,2.656879704,1.858256907,1782.0059120409994
1291,0.007294157082,6.529861873e-06,2.692850702,1.877990448,1784.6987627429994
1292,0.007300686944,6.173607412e-06,2.689761828,1.8741009480000002,1787.3885245709994
1293,0.007306860552,4.770367961e-06,2.625127078,1.8267854309999998,1790.0136516489995
1294,0.00731163092,4.963509507e-06,2.613883911,1.812115492,1792.6275355599994
1295,0.007316594429,4.789413273e-06,2.084491818,1.297274066,1794.7120273779994
1296,0.007321383842,4.138469186e-06,2.041384056,1.261907718,1796.7534114339994
1297,0.007325522312,4.552316104e-06,2.048329515,1.2677396490000001,1798.8017409489994
1298,0.007330074628,5.007547714e-06,2.080926751,1.284619995,1800.8826676999995
1299,0.007335082175,5.508302486e-06,2.10287187,1.300415218,1802.9855395699994
1300,0.007340590478,6.059132735e-06,2.565383495,1.7660860550000002,1805.5509230649996
1301,0.007346649611,6.665046008e-06,2.590048005,1.784000962,1808.1409710699995
1302,0.007353314657,6.649328567e-06,2.602411306,1.797004689,1810.7433823759995
1303,0.007359963985,5.812518579e-06,2.556191044,1.7758369950000001,1813.2995734199994
1304,0.007365776504,4.067597819e-06,2.482369386,1.709776788,1815.7819428059995
1305,0.007369844102,4.31583162e-06,2.542311344,1.6775241410000001,1818.3242541499994
1306,0.007374159933,4.747414782e-06,2.573064335,1.702552262,1820.8973184849995
1307,0.007378907348,4.50408708e-06,2.538678574,1.686297438,1823.4359970589994
1308,0.007383411435,4.758892256e-06,2.558458994,1.680263929,1825.9944560529993
1309,0.007388170327,5.234781481e-06,2.585320197,1.710018817,1828.5797762499994
1310,0.007393405109,5.758259629e-06,2.521498752,1.653298074,1831.1012750019995
1311,0.007399163368,6.334085592e-06,2.5293515,1.674273992,1833.6306265019996
1312,0.007405497454,5.820550729e-06,2.544613701,1.6787033500000001,1836.1752402029995
1313,0.007411318005,5.188101572e-06,2.507348568,1.659677619,1838.6825887709995
1314,0.007416506106,4.77777041e-06,2.482273852,1.644118868,1841.1648626229994
1315,0.007421283877,4.664865051e-06,2.459171086,1.6294853310000001,1843.6240337089994
1316,0.007425948742,5.131351556e-06,2.494385161,1.64752404,1846.1184188699995
1317,0.007431080093,5.644486712e-06,2.514667782,1.660655393,1848.6330866519995
1318,0.00743672458,6.208935383e-06,2.535674044,1.681778411,1851.1687606959995
1319,0.007442933515,6.829828922e-06,2.552976151,1.697518595,1853.7217368469994
1320,0.007449763344,7.512811814e-06,2.59502398,1.72236276,1856.3167608269994
1321,0.007457276156,6.542856533e-06,2.583670054,1.718564094,1858.9004308809995
1322,0.007463819013,4.523840662e-06,2.475950214,1.6487220649999998,1861.3763810949995
1323,0.007468342853,4.634495971e-06,2.460536975,1.630333758,1863.8369180699995
1324,0.007472977349,4.382977109e-06,2.445195316,1.615238084,1866.2821133859995
1325,0.007477360326,4.813319472e-06,2.4583265,1.627999849,1868.7404398859996
1326,0.007482173646,5.294651419e-06,2.50511254,1.650847498,1871.2455524259997
1327,0.007487468297,5.824116561e-06,2.529839393,1.670269425,1873.7753918189997
1328,0.007493292414,3.353793036e-06,2.393670875,1.570603672,1876.1690626939996
1329,0.007496646207,3.353793036e-06,2.355523037,1.533719347,1878.5245857309997
1330,0.0075,3.68917234e-06,2.47845711,1.605155408,1881.0030428409996
1331,0.007503689172,4.058089574e-06,2.482260076,1.63303937,1883.4853029169997
1332,0.007507747262,4.463898531e-06,2.513754181,1.665373912,1885.9990570979996
1333,0.00751221116,4.787411614e-06,2.569510862,1.701325575,1888.5685679599997
1334,0.007516998572,5.133284925e-06,2.592525327,1.7254626690000001,1891.1610932869996
1335,0.007522131857,5.570345981e-06,2.130934244,1.305567789,1893.2920275309996
1336,0.007527702203,4.335305897e-06,2.048602807,1.259740774,1895.3406303379995
1337,0.007532037509,4.768836487e-06,2.059203345,1.269627405,1897.3998336829995
1338,0.007536806345,4.8633703e-06,2.080722692,1.265332809,1899.4805563749997
1339,0.007541669716,5.349707329e-06,2.095108725,1.279657056,1901.5756650999997
1340,0.007547019423,5.884678062e-06,2.101882056,1.295097312,1903.6775471559997
1341,0.007552904101,6.473145869e-06,2.131547508,1.3257281710000002,1905.8090946639998
1342,0.007559377247,7.015967525e-06,2.181406623,1.359912821,1907.9905012869997
1343,0.007566393214,6.071574749e-06,2.157362727,1.334056392,1910.1478640139997
1344,0.007572464789,4.751345439e-06,2.080325479,1.292276718,1912.2281894929997
1345,0.007577216135,4.449681631e-06,2.577702714,1.69583202,1914.8058922069997
1346,0.007581665816,4.221079503e-06,2.519405282,1.667785487,1917.3252974889997
1347,0.007585886896,4.626514364e-06,2.547657614,1.67151587,1919.8729551029996
1348,0.00759051341,5.089165801e-06,2.558401969,1.6897654709999999,1922.4313570719996
1349,0.007595602576,5.598082381e-06,2.586516002,1.717497466,1925.0178730739997
1350,0.007601200658,6.157890619e-06,2.617165298,1.7467961029999999,1927.6350383719996
1351,0.007607358549,6.705086263e-06,2.669755062,1.786814026,1930.3047934339995
1352,0.007614063635,6.353517345e-06,2.668347671,1.780835874,1932.9731411049995
1353,0.007620417153,5.676229964e-06,2.637096153,1.753582979,1935.6102372579994
1354,0.007626093382,4.555272686e-06,2.563937911,1.712643417,1938.1741751689995
1355,0.007630648655,4.440459829e-06,2.542663135,1.687697092,1940.7168383039996
1356,0.007635089115,4.884505812e-06,2.585664241,1.707052725,1943.3025025449995
1357,0.007639973621,5.372956393e-06,2.608199938,1.729962433,1945.9107024829996
1358,0.007645346577,5.910252032e-06,2.626530289,1.7513474050000002,1948.5372327719995
1359,0.007651256829,6.501277236e-06,2.675283918,1.790549134,1951.2125166899996
1360,0.007657758106,5.983009203e-06,2.581461506,1.66333844,1953.7939781959997
1361,0.007663741116,5.872971554e-06,2.543879738,1.650342245,1956.3378579339997
1362,0.007669614087,5.976194286e-06,2.546563616,1.6512550639999999,1958.8844215499996
1363,0.007675590282,4.763058937e-06,2.489230397,1.617641318,1961.3736519469996
1364,0.00768035334,4.682747681e-06,2.471559556,1.607940069,1963.8452115029997
1365,0.007685036088,5.103520354e-06,2.51743094,1.625682251,1966.3626424429997
1366,0.007690139608,5.613872389e-06,2.53847755,1.645555317,1968.9011199929996
1367,0.007695753481,6.175259628e-06,2.586846779,1.6749333690000001,1971.4879667719997
1368,0.007701928741,6.495998587e-06,2.601410146,1.697572557,1974.0893769179997
1369,0.007708424739,6.312492125e-06,2.588798453,1.6955638830000002,1976.6781753709997
1370,0.007714737231,6.943741338e-06,2.630000761,1.7189505349999998,1979.3081761319997
1371,0.007721680973,6.205936401e-06,2.604764942,1.710632865,1981.9129410739997
1372,0.007727886909,5.076711886e-06,2.539524593,1.658975774,1984.4524656669996
1373,0.007732963621,3.767069155e-06,2.464967253,1.6020698260000001,1986.9174329199996
1374,0.00773673069,3.87205623e-06,2.446883538,1.5833658050000001,1989.3643164579996
1375,0.007740602746,4.259261853e-06,2.009295387,1.254708839,1991.3736118449997
1376,0.007744862008,4.685188038e-06,2.031775487,1.281795676,1993.4053873319997
1377,0.007749547196,5.153706842e-06,2.078706408,1.2978099630000002,1995.4840937399997
1378,0.007754700903,5.552793564e-06,2.086581853,1.3142577260000001,1997.5706755929998
1379,0.007760253697,6.10807292e-06,2.117887037,1.343333392,1999.6885626299998
1380,0.007766361769,6.718880212e-06,2.690801378,1.831859221,2002.3793640079998
1381,0.00777308065,6.590787886e-06,2.678963503,1.83147404,2005.0583275109998
1382,0.007779671438,5.166919009e-06,2.605684327,1.7844957190000001,2007.6640118379999
1383,0.007784838357,4.58946401e-06,2.543474718,1.740291703,2010.2074865559998
1384,0.007789427821,4.656344342e-06,2.53685539,1.7311743279999998,2012.7443419459998
1385,0.007794084165,5.121978776e-06,2.569942862,1.741193279,2015.314284808
1386,0.007799206144,4.529987981e-06,2.511133519,1.705486267,2017.8254183269999
1387,0.007803736132,4.39699719e-06,2.483575783,1.681754659,2020.30899411
1388,0.007808133129,4.836696908e-06,2.509053379,1.6984255140000002,2022.818047489
1389,0.007812969826,5.320366599e-06,2.551876749,1.727309894,2025.369924238
1390,0.007818290192,5.852403259e-06,2.585367193,1.756954028,2027.955291431
1391,0.007824142596,5.858220582e-06,2.623968717,1.783921023,2030.579260148
1392,0.007830000816,6.062994109e-06,2.639072939,1.8087841889999998,2033.218333087
1393,0.00783606381,6.160980635e-06,2.639076855,1.808292946,2035.857409942
1394,0.007842224791,5.80421018e-06,2.613841203,1.7879888350000002,2038.471251145
1395,0.007848029001,4.143597203e-06,2.49225716,1.692217493,2040.963508305
1396,0.007852172598,4.240343065e-06,2.45999178,1.65620328,2043.4235000850001
1397,0.007856412941,4.664377371e-06,2.482777032,1.6814911609999998,2045.9062771170002
1398,0.007861077319,5.130815108e-06,2.527676874,1.7055833599999999,2048.433953991
1399,0.007866208134,5.643896619e-06,2.56209607,1.738340861,2050.996050061
1400,0.00787185203,6.208286281e-06,2.703762809,1.755730258,2053.69981287
1401,0.007878060317,4.161574038e-06,2.580584476,1.6965042979999998,2056.280397346
1402,0.007882221891,4.577731441e-06,2.6056831,1.702910665,2058.886080446
1403,0.007886799622,4.287338992e-06,2.567994425,1.685976997,2061.454074871
1404,0.007891086961,4.716072891e-06,2.574766017,1.6933788989999998,2064.028840888
1405,0.007895803034,4.493629008e-06,2.572829839,1.6907170800000002,2066.601670727
1406,0.007900296663,4.735166425e-06,2.574661372,1.683260113,2069.176332099
1407,0.00790503183,5.208683068e-06,2.618177011,1.706791188,2071.79450911
1408,0.007910240513,5.729551374e-06,2.624048103,1.720579646,2074.418557213
1409,0.007915970064,6.302506512e-06,2.67349273,1.7499425620000002,2077.092049943
1410,0.007922272571,6.72418525e-06,2.715424744,1.7922422390000001,2079.8074746869997
1411,0.007928996756,4.642583214e-06,2.609310619,1.729085322,2082.416785306
1412,0.007933639339,5.031210124e-06,2.646745774,1.7452290229999998,2085.06353108
1413,0.007938670549,4.361499524e-06,2.594784977,1.7090316749999999,2087.658316057
1414,0.007943032049,3.786678909e-06,2.553562228,1.66893594,2090.211878285
1415,0.007946818728,4.1653468e-06,2.559392791,1.676736797,2092.7712710759997
1416,0.007950984074,4.58188148e-06,2.578103511,1.694164653,2095.3493745869996
1417,0.007955565956,5.040069627e-06,2.611503432,1.707623541,2097.9608780189997
1418,0.007960606025,5.54407659e-06,2.635126799,1.731704419,2100.5960048179995
1419,0.007966150102,6.098484249e-06,2.654191193,1.7523271569999999,2103.2501960109994
1420,0.007972248586,6.664128903e-06,2.596191054,1.6762372019999998,2105.8463870649994
1421,0.007978912715,5.72559308e-06,2.563955972,1.65815054,2108.410343036999
1422,0.007984638308,5.755100443e-06,2.551037551,1.655113283,2110.961380587999
1423,0.007990393409,4.803295642e-06,2.499457858,1.627279738,2113.460838445999
1424,0.007995196704,2.401647821e-06,2.412978093,1.5476570870000002,2115.873816538999
1425,0.007997598352,2.401647821e-06,2.377700498,1.544983759,2118.2515170369993
1426,0.008,2.641812603e-06,2.36177348,1.537433693,2120.6132905169993
1427,0.008002641813,2.905993864e-06,2.379304749,1.555569808,2122.992595265999
1428,0.008005547806,3.19659325e-06,2.40413073,1.580682011,2125.396725995999
1429,0.0080087444,3.516252575e-06,2.428357305,1.601611456,2127.8250833009993
1430,0.008012260652,3.867877832e-06,2.460742795,1.637263296,2130.2858260959993
1431,0.00801612853,4.254665616e-06,2.466267957,1.673611807,2132.7520940529994
1432,0.008020383196,4.680132177e-06,2.526533293,1.709886024,2135.278627345999
1433,0.008025063328,5.03419944e-06,2.566541787,1.747247137,2137.845169132999
1434,0.008030097527,4.406169335e-06,2.520227514,1.7165617260000001,2140.365396646999
1435,0.008034503697,3.951513063e-06,2.475031812,1.678947677,2142.840428458999
1436,0.00803845521,3.378962602e-06,2.439417498,1.642674162,2145.279845956999
1437,0.008041834172,3.716858863e-06,2.443876041,1.645139278,2147.723721997999
1438,0.008045551031,4.088544749e-06,2.461498521,1.6640782920000001,2150.185220518999
1439,0.008049639576,4.497399224e-06,2.494528166,1.696285447,2152.6797486849987
1440,0.008054136975,4.947139146e-06,2.523816802,1.6780103990000002,2155.2035654869987
1441,0.008059084114,4.216512261e-06,2.489127929,1.652560631,2157.6926934159987
1442,0.008063300627,4.638163487e-06,2.491620871,1.662447864,2160.184314286999
1443,0.00806793879,4.774560785e-06,2.512547198,1.675418135,2162.696861484999
1444,0.008072713351,5.022420306e-06,2.543585175,1.698725792,2165.2404466599987
1445,0.008077735771,5.524662337e-06,2.603117677,1.7425474300000001,2167.8435643369985
1446,0.008083260434,5.544614244e-06,2.599319975,1.737011187,2170.4428843119986
1447,0.008088805048,6.099075669e-06,2.626876032,1.765359447,2173.0697603439985
1448,0.008094904123,6.551576782e-06,2.67632288,1.790787499,2175.7460832239985
1449,0.0081014557,5.923879222e-06,2.631560082,1.774307822,2178.3776433059984
1450,0.008107379579,6.4809703e-06,2.656576246,1.7837989859999999,2181.0342195519984
1451,0.00811386055,6.512519493e-06,2.659689197,1.78056843,2183.693908748998
1452,0.008120373069,6.075211706e-06,2.620729208,1.7590704719999999,2186.314637956998
1453,0.008126448281,5.743299068e-06,2.617718928,1.757252711,2188.932356884998
1454,0.00813219158,5.342589464e-06,2.591278492,1.7303125000000001,2191.5236353769983
1455,0.008137534169,5.35316865e-06,2.586114348,1.7243024139999998,2194.1097497249984
1456,0.008142887338,5.051636898e-06,2.56407779,1.709050446,2196.6738275149983
1457,0.008147938975,5.308194839e-06,2.574691406,1.720599999,2199.2485189209983
1458,0.00815324717,4.904537449e-06,2.547155424,1.694351988,2201.795674344998
1459,0.008158151707,5.394991193e-06,2.567935556,1.707198178,2204.363609900998
1460,0.008163546698,5.934490313e-06,2.155429497,1.318117184,2206.5190393979983
1461,0.008169481189,5.508346612e-06,2.144358325,1.317000072,2208.6633977229985
1462,0.008174989535,5.817864622e-06,2.169415947,1.34397897,2210.8328136699984
1463,0.0081808074,5.563568276e-06,2.157581013,1.3320356379999998,2212.990394682998
1464,0.008186370968,5.415670207e-06,2.146152318,1.319131768,2215.1365470009982
1465,0.008191786639,5.957237228e-06,2.165893099,1.34668885,2217.3024400999984
1466,0.008197743876,6.34207081e-06,2.176560149,1.347410276,2219.4790002489985
1467,0.008204085947,6.892859227e-06,2.197273786,1.369851678,2221.6762740349986
1468,0.008210978806,6.907342311e-06,2.22106656,1.3753564960000002,2223.8973405949987
1469,0.008217886148,4.309687583e-06,2.071408047,1.27183241,2225.968748641999
1470,0.008222195836,3.945699838e-06,2.017654982,1.217286614,2227.9864036239987
1471,0.008226141536,4.159140691e-06,2.003504858,1.211268862,2229.9899084819986
1472,0.008230300676,4.57505476e-06,2.027291003,1.233926456,2232.0171994849984
1473,0.008234875731,5.032560236e-06,2.079330679,1.257965059,2234.0965301639985
1474,0.008239908291,5.019478922e-06,2.079580119,1.2523295129999998,2236.1761102829987
1475,0.00824492777,5.521426814e-06,2.099345611,1.274996087,2238.2754558939987
1476,0.008250449197,6.073569496e-06,2.115849409,1.293353648,2240.3913053029987
1477,0.008256522766,6.680926445e-06,2.16083625,1.320241885,2242.552141552999
1478,0.008263203693,7.34901909e-06,2.207343606,1.364794565,2244.759485158999
1479,0.008270552712,8.083920999e-06,2.224948992,1.383119512,2246.984434150999
1480,0.008278636633,8.131383018e-06,2.245181701,1.411632337,2249.229615851999
1481,0.008286768016,5.176192161e-06,2.112825065,1.299145706,2251.342440916999
1482,0.008291944208,5.431076488e-06,2.094141338,1.283241006,2253.436582254999
1483,0.008297375285,5.51493773e-06,2.109874553,1.28721749,2255.5464568079988
1484,0.008302890222,5.613587959e-06,2.096009021,1.277679033,2257.642465828999
1485,0.00830850381,6.174946754e-06,2.112111747,1.296668698,2259.754577575999
1486,0.008314678757,6.79244143e-06,2.12772054,1.3116556529999999,2261.882298115999
1487,0.008321471199,7.471685573e-06,2.177490932,1.3440437319999998,2264.0597890479994
1488,0.008328942884,7.289825814e-06,2.183218164,1.345804329,2266.2430072119996
1489,0.00833623271,6.248734107e-06,2.114517144,1.3081473479999999,2268.3575243559994
1490,0.008342481444,6.873607518e-06,2.144556862,1.329749164,2270.5020812179996
1491,0.008349355052,7.56096827e-06,2.172867346,1.350422741,2272.674948564
1492,0.00835691602,8.317065097e-06,2.215642651,1.373928,2274.890591215
1493,0.008365233085,9.148771606e-06,2.235586604,1.400298166,2277.126177819
1494,0.008374381856,9.889751175e-06,2.257111428,1.423294785,2279.383289247
1495,0.008384271608,9.914605233e-06,2.269555011,1.4385672010000001,2281.652844258
1496,0.008394186213,1.018196819e-05,2.280016458,1.443064221,2283.932860716
1497,0.008404368181,1.041911226e-05,2.268433494,1.439467392,2286.20129421
1498,0.008414787293,1.066574475e-05,2.285563604,1.447883452,2288.486857814
1499,0.008425453038,1.073989533e-05,2.302429029,1.4518996780000002,2290.789286843
1500,0.008436192933,1.084729813e-05,2.341330436,1.501575005,2293.130617279
1501,0.008447040232,1.103242797e-05,2.339938206,1.504691118,2295.470555485
1502,0.00845807266,1.116106519e-05,2.342512347,1.5121395290000001,2297.8130678320003
1503,0.008469233725,1.124078453e-05,2.347608719,1.519045489,2300.1606765510005
1504,0.008480474509,9.762745373e-06,2.315745283,1.48502582,2302.4764218340006
1505,0.008490237255,9.762745373e-06,2.301574765,1.471639944,2304.7779965990007
1506,0.0085,1.073901991e-05,2.331292986,1.499445747,2307.1092895850006
1507,0.00851073902,1.169475889e-05,2.365928321,1.532626682,2309.4752179060006
1508,0.008522433779,1.18044651e-05,2.373275667,1.540288813,2311.8484935730007
1509,0.008534238244,1.193117933e-05,2.373509536,1.542430621,2314.2220031090005
1510,0.008546169423,1.201798374e-05,2.415288798,1.583618436,2316.6372919070004
1511,0.008558187407,1.210005422e-05,2.410246246,1.579013743,2319.0475381530005
1512,0.008570287461,1.218034108e-05,2.402772792,1.5734407400000001,2321.4503109450006
1513,0.008582467802,1.226335413e-05,2.401027841,1.5698312630000002,2323.8513387860007
1514,0.008594731156,1.235145603e-05,2.410702408,1.57832618,2326.2620411940006
1515,0.008607082612,1.244343203e-05,2.530865498,1.6843358,2328.7929066920005
1516,0.008619526044,1.251344334e-05,2.522179967,1.6837163469999998,2331.3150866590004
1517,0.008632039488,1.257210276e-05,2.520783623,1.680600794,2333.8358702820005
1518,0.008644611591,1.263157004e-05,2.536208847,1.6961086079999999,2336.3720791290007
1519,0.008657243161,1.269276801e-05,2.512537666,1.67403471,2338.8846167950005
1520,0.008669935929,1.275644625e-05,2.558595721,1.718940487,2341.4432125160006
1521,0.008682692375,1.282411863e-05,2.555240204,1.717346144,2343.9984527200004
1522,0.008695516493,1.289610359e-05,2.556677622,1.721199997,2346.555130342
1523,0.008708412597,1.296539755e-05,2.55395322,1.7178643710000001,2349.1090835620003
1524,0.008721377995,1.301621939e-05,2.566900706,1.728153086,2351.6759842680003
1525,0.008734394214,1.306845912e-05,2.571332342,1.728960852,2354.2473166100003
1526,0.008747462673,1.312200683e-05,2.5698775,1.72888231,2356.8171941100004
1527,0.00876058468,1.317692377e-05,2.567174124,1.727831391,2359.3843682340002
1528,0.008773761604,1.323355728e-05,2.571943879,1.729642375,2361.9563121130004
1529,0.008786995161,1.329209248e-05,2.572812946,1.733881448,2364.5291250590003
1530,0.008800287253,1.335131476e-05,2.584157728,1.744804481,2367.113282787
1531,0.008813638568,1.340210097e-05,2.587718734,1.747780996,2369.7010015210003
1532,0.008827040669,1.343628418e-05,2.588910109,1.748841345,2372.2899116300005
1533,0.008840476953,1.346753588e-05,2.592937719,1.7525826530000002,2374.8828493490005
1534,0.008853944489,1.3497862e-05,2.594867471,1.754919683,2377.4777168200003
1535,0.008867442351,1.353028696e-05,2.599095695,1.757075017,2380.0768125150003
1536,0.008880972638,1.356518288e-05,2.594391211,1.757396789,2382.6712037260004
1537,0.008894537821,1.360225573e-05,2.594105415,1.7547327730000002,2385.265309141
1538,0.008908140077,1.36435641e-05,2.598845771,1.7592322230000002,2387.8641549120002
1539,0.008921783641,1.368991867e-05,2.599088901,1.759165557,2390.463243813
1540,0.00893547356,1.373578851e-05,2.609069591,1.768064908,2393.0723134040004
1541,0.008949209348,1.377327271e-05,2.606712031,1.767337633,2395.6790254350003
1542,0.008962982621,1.381183082e-05,2.607536801,1.767874334,2398.2865622360005
1543,0.008976794452,1.160277417e-05,2.543534417,1.705584835,2400.8300966530005
1544,0.008988397226,1.160277417e-05,2.520307613,1.6827131519999998,2403.3504042660006
1545,0.009,1.276305159e-05,2.555205502,1.7168897909999998,2405.9056097680004
1546,0.009012763052,1.397100704e-05,2.598693516,1.759514202,2408.5043032840003
1547,0.009026734059,1.402211234e-05,2.604194692,1.764803812,2411.1084979760003
1548,0.009040756171,1.407471616e-05,2.612675149,1.769186222,2413.7211731250004
1549,0.009054830887,1.41252595e-05,2.616399612,1.769019831,2416.3375727370003
1550,0.009068956147,1.416698122e-05,2.621917775,1.779179803,2418.9594905120002
1551,0.009083123128,1.420943329e-05,2.610598952,1.7722002319999999,2421.5700894640004
1552,0.009097332561,1.425231094e-05,2.617081926,1.776319202,2424.1871713900005
1553,0.009111584872,1.42963916e-05,2.612776964,1.773347726,2426.7999483540007
1554,0.009125881264,1.434098673e-05,2.61666405,1.7763178819999998,2429.4166124040007
1555,0.00914022225,1.438610939e-05,2.619108402,1.778504821,2432.035720806001
1556,0.00915460836,1.44318758e-05,2.621640968,1.7804966480000002,2434.657361774001
1557,0.009169040236,1.447883689e-05,2.620056358,1.777386843,2437.277418132001
1558,0.009183519072,1.452198183e-05,2.622948528,1.781917082,2439.900366660001
1559,0.009198041054,1.455914849e-05,2.623969731,1.783612758,2442.5243363910013
1560,0.009212600203,1.459670226e-05,2.629089473,1.7881996999999998,2445.1534258640013
1561,0.009227196905,1.463441728e-05,2.636863521,1.790795107,2447.7902893850014
1562,0.009241831322,1.467277183e-05,2.631261326,1.791276609,2450.4215507110016
1563,0.009256504094,1.471120889e-05,2.630877353,1.788736995,2453.0524280640016
1564,0.009271215303,1.475079908e-05,2.625684029,1.786223515,2455.6781120930013
1565,0.009285966102,1.479098577e-05,2.632447701,1.791422859,2458.310559794001
1566,0.009300757088,1.483084113e-05,2.630337443,1.7892059850000002,2460.940897237001
1567,0.009315587929,1.487241203e-05,2.627350603,1.7865696500000001,2463.5682478400013
1568,0.009330460341,1.49079869e-05,2.631776789,1.790744428,2466.2000246290013
1569,0.009345368328,1.494104115e-05,2.629301291,1.787718154,2468.8293259200013
1570,0.009360309369,1.497492684e-05,2.63898911,1.7975004810000001,2471.468315030001
1571,0.009375284296,1.501012446e-05,2.642050336,1.797333597,2474.110365366001
1572,0.00939029442,1.504503159e-05,2.639191878,1.795068642,2476.749557244001
1573,0.009405339452,1.508047397e-05,2.637888848,1.7964113789999998,2479.387446092001
1574,0.009420419926,1.511741784e-05,2.640473875,1.798415782,2482.0279199670013
1575,0.009435537344,1.515482497e-05,2.639350135,1.7984857380000001,2484.667270102001
1576,0.009450692169,1.519277955e-05,2.637904727,1.797068208,2487.3051748290013
1577,0.009465884948,1.523224714e-05,2.637250091,1.796096895,2489.9424249200015
1578,0.009481117196,9.441402247e-06,2.469609074,1.6411208959999999,2492.4120339940014
1579,0.009490558598,9.441402247e-06,2.407858676,1.579961199,2494.8198926700015
1580,0.0095,1.038554247e-05,2.446847431,1.618305156,2497.2667401010017
1581,0.009510385542,1.142409672e-05,2.486917193,1.6569751799999999,2499.7536572940016
1582,0.009521809639,1.256650639e-05,2.529213453,1.699119347,2502.2828707470017
1583,0.009534376146,1.382315703e-05,2.580199113,1.739940753,2504.863069860002
1584,0.009548199303,1.520547273e-05,2.62894661,1.788256106,2507.492016470002
1585,0.009563404775,1.5445806e-05,2.646374045,1.8035174569999999,2510.138390515002
1586,0.009578850581,1.548217831e-05,2.644415153,1.80309207,2512.782805668002
1587,0.00959433276,1.551802699e-05,2.646126626,1.8061741169999999,2515.4289322940017
1588,0.009609850787,1.555421835e-05,2.648941015,1.806300134,2518.077873309002
1589,0.009625405005,1.559195478e-05,2.649227718,1.8078054140000002,2520.727101027002
1590,0.00964099696,1.562417501e-05,2.653445622,1.81116566,2523.380546649002
1591,0.009656621135,1.565576998e-05,2.652379091,1.810960905,2526.032925740002
1592,0.009672276905,1.568802944e-05,2.650588755,1.811285646,2528.6835144950023
1593,0.009687964934,1.572037081e-05,2.650334471,1.8076284980000001,2531.3338489660023
1594,0.009703685305,1.575323231e-05,2.652751084,1.809942837,2533.9866000500024
1595,0.009719438537,1.578633496e-05,2.495051588,1.6197891979999999,2536.4816516380024
1596,0.009735224872,1.581969464e-05,2.482351149,1.61844082,2538.9640027870023
1597,0.009751044567,1.585353204e-05,2.483558757,1.619847917,2541.4475615440024
1598,0.009766898099,1.588765779e-05,2.481439868,1.6177792910000002,2543.9290014120024
1599,0.009782785757,1.592216802e-05,2.479249265,1.6174722259999998,2546.4082506770023
1600,0.009798707925,1.595702389e-05,2.484493983,1.619809282,2548.8927446600023
1601,0.009814664949,1.598723643e-05,2.498291694,1.617925007,2551.391036354002
1602,0.009830652185,1.601721419e-05,2.503533272,1.622198162,2553.894569626002
1603,0.009846669399,1.604769707e-05,2.501635521,1.6203269900000001,2556.396205147002
1604,0.009862717096,1.607890257e-05,2.505635889,1.622104935,2558.901841036002
1605,0.009878795999,1.611005558e-05,2.50864199,1.625349308,2561.410483026002
1606,0.009894906054,1.614104842e-05,2.508843355,1.625066861,2563.919326381002
1607,0.009911047103,1.617271333e-05,2.505942929,1.623287313,2566.425269310002
1608,0.009927219816,1.62054845e-05,2.506837357,1.624506551,2568.9321066670022
1609,0.009943425301,1.623785075e-05,2.503224384,1.620707916,2571.4353310510023
1610,0.009959663151,1.627047642e-05,2.504298725,1.620599728,2573.939629776002
1611,0.009975933628,1.203318605e-05,2.414542817,1.564352064,2576.354172593002
1612,0.009987966814,1.203318605e-05,2.388541037,1.537765546,2578.742713630002
