step,sim_time,dt,advance_wall_time,reaction_wall_time,cumulative_wall_time
0,0.0,1e-08,0.265493632,0.14536674700000002,0.265493632
1,1e-08,1.1e-08,0.249712398,0.152275348,0.51520603
2,2.1e-08,1.21e-08,0.247333912,0.150452664,0.762539942
3,3.31e-08,1.331e-08,0.261406401,0.16283558599999998,1.023946343
4,4.641e-08,1.4641e-08,0.249640791,0.150233291,1.273587134
5,6.1051e-08,1.61051e-08,0.249861542,0.15229288200000002,1.5234486760000001
6,7.71561e-08,1.771561e-08,0.247748786,0.150523281,1.7711974620000002
7,9.487171e-08,1.9487171e-08,0.248355206,0.150753667,2.019552668
8,1.14358881e-07,2.14358881e-08,0.250763085,0.15031389,2.270315753
9,1.357947691e-07,2.357947691e-08,0.247522659,0.150215604,2.517838412
10,1.59374246e-07,2.59374246e-08,0.249557618,0.151330487,2.76739603
11,1.853116706e-07,2.853116706e-08,0.264041165,0.150644939,3.031437195
12,2.138428377e-07,3.138428377e-08,0.255349598,0.15733729899999999,3.286786793
13,2.452271214e-07,3.452271214e-08,0.246256402,0.149181644,3.5330431950000003
14,2.797498336e-07,3.797498336e-08,0.247989274,0.15025327500000002,3.7810324690000003
15,3.177248169e-07,4.177248169e-08,0.248919857,0.151113613,4.029952326
16,3.594972986e-07,4.594972986e-08,0.252524374,0.155031793,4.2824767
17,4.054470285e-07,5.054470285e-08,0.248189945,0.15077187,4.530666645
18,4.559917313e-07,5.559917313e-08,0.251263585,0.15052974,4.78193023
19,5.115909045e-07,6.115909045e-08,0.249341688,0.151521041,5.031271918000001
20,5.727499949e-07,6.727499949e-08,0.248999718,0.15088626900000002,5.280271636000001
21,6.400249944e-07,7.400249944e-08,0.262434689,0.15007176700000002,5.542706325000001
22,7.140274939e-07,8.140274939e-08,0.248731081,0.150303733,5.791437406000001
23,7.954302433e-07,8.954302433e-08,0.248148063,0.150162899,6.039585469000001
24,8.849732676e-07,9.849732676e-08,0.265020273,0.167833022,6.3046057420000015
25,9.834705943e-07,1.083470594e-07,0.247436724,0.149855935,6.552042466000001
26,1.091817654e-06,1.191817654e-07,0.283127936,0.151137103,6.835170402000001
27,1.210999419e-06,1.310999419e-07,0.247720498,0.150362514,7.082890900000001
28,1.342099361e-06,1.442099361e-07,0.248149152,0.150082725,7.3310400520000005
29,1.486309297e-06,1.586309297e-07,0.247138782,0.14957299699999999,7.578178834000001
30,1.644940227e-06,1.744940227e-07,0.250263361,0.15168962800000002,7.828442195000001
31,1.81943425e-06,1.91943425e-07,0.250723739,0.151477061,8.079165934
32,2.011377675e-06,2.111377675e-07,0.250892564,0.152061709,8.330058498000001
33,2.222515442e-06,2.322515442e-07,0.248842047,0.150595944,8.578900545000002
34,2.454766986e-06,2.554766986e-07,0.249895022,0.151762921,8.828795567000002
35,2.710243685e-06,2.810243685e-07,0.250636082,0.151597822,9.079431649000002
36,2.991268053e-06,3.091268053e-07,0.261402541,0.163253897,9.340834190000002
37,3.300394859e-06,3.400394859e-07,0.248487395,0.15024052100000002,9.589321585000002
38,3.640434344e-06,3.740434344e-07,0.249987952,0.15107930400000003,9.839309537000002
39,4.014477779e-06,4.114477779e-07,0.249543684,0.15084067899999998,10.088853221000003
40,4.425925557e-06,4.525925557e-07,0.24972254,0.15142044100000002,10.338575761000003
41,4.878518112e-06,4.978518112e-07,0.248739686,0.150197997,10.587315447000003
42,5.376369924e-06,5.476369924e-07,0.249441079,0.150987077,10.836756526000004
43,5.924006916e-06,6.024006916e-07,0.247610293,0.149073541,11.084366819000003
44,6.526407608e-06,6.626407608e-07,0.248395692,0.150185294,11.332762511000004
45,7.189048369e-06,7.289048369e-07,0.248681408,0.1504614,11.581443919000003
46,7.917953205e-06,8.017953205e-07,0.251283607,0.153179543,11.832727526000003
47,8.719748526e-06,8.819748526e-07,0.249009028,0.15107016099999998,12.081736554000003
48,9.601723378e-06,9.701723378e-07,0.248896166,0.151222971,12.330632720000002
49,1.057189572e-05,1.067189572e-06,0.251071869,0.150874104,12.581704589000003
50,1.163908529e-05,1.173908529e-06,0.249660831,0.150668872,12.831365420000003
51,1.281299382e-05,1.291299382e-06,0.249483484,0.151195829,13.080848904000003
52,1.41042932e-05,1.42042932e-06,0.248721368,0.150462718,13.329570272000003
53,1.552472252e-05,1.562472252e-06,0.25012016,0.150678932,13.579690432000003
54,1.708719477e-05,1.718719477e-06,0.249721766,0.150981645,13.829412198000004
55,1.880591425e-05,1.890591425e-06,0.248378665,0.149729486,14.077790863000004
56,2.069650567e-05,2.079650567e-06,0.250102799,0.151324735,14.327893662000005
57,2.277615624e-05,2.287615624e-06,0.2486454,0.15088636900000002,14.576539062000004
58,2.506377186e-05,2.516377186e-06,0.248875596,0.15101858099999999,14.825414658000003
59,2.758014905e-05,2.768014905e-06,0.247059839,0.14966721,15.072474497000004
60,3.034816395e-05,3.044816395e-06,0.247800429,0.15014069600000002,15.320274926000003
61,3.339298035e-05,3.349298035e-06,0.248107162,0.14997089800000002,15.568382088000003
62,3.674227838e-05,3.684227838e-06,0.249051501,0.150237097,15.817433589000004
63,4.042650622e-05,4.052650622e-06,0.247857204,0.149812416,16.065290793000003
64,4.447915685e-05,4.457915685e-06,0.249610689,0.15163372,16.314901482000003
65,4.893707253e-05,4.903707253e-06,0.248728703,0.150035505,16.563630185000005
66,5.384077978e-05,5.394077978e-06,0.248478652,0.150214808,16.812108837000004
67,5.923485776e-05,5.933485776e-06,0.249136301,0.15169718,17.061245138000004
68,6.516834354e-05,6.526834354e-06,0.249334264,0.15145725999999998,17.310579402000005
69,7.169517789e-05,7.179517789e-06,0.248664209,0.15086902800000002,17.559243611000007
70,7.887469568e-05,7.897469568e-06,0.250099627,0.151131119,17.809343238000007
71,8.677216525e-05,8.687216525e-06,0.25099751,0.15280022199999999,18.06034074800001
72,9.545938177e-05,9.555938177e-06,0.249326627,0.15055033099999998,18.309667375000007
73,0.00010501532,1.0511532e-05,0.249351666,0.15149235,18.559019041000006
74,0.0001155268519,1.156268519e-05,0.248401683,0.150271376,18.807420724000007
75,0.0001270895371,1.271895371e-05,0.249193954,0.15123841500000001,19.056614678000006
76,0.0001398084909,1.399084909e-05,0.250250882,0.150536092,19.306865560000006
77,0.0001537993399,1.538993399e-05,0.249908947,0.15133016300000002,19.556774507000007
78,0.0001691892739,1.692892739e-05,0.250417683,0.15158466,19.807192190000006
79,0.0001861182013,1.862182013e-05,0.247530568,0.14987275700000002,20.054722758000004
80,0.0002047400215,2.048400215e-05,0.249737262,0.15076047599999998,20.304460020000004
81,0.0002252240236,2.253240236e-05,0.253240219,0.155094759,20.557700239000003
82,0.000247756426,2.47856426e-05,0.249192443,0.150373879,20.806892682
83,0.0002725420686,2.726420686e-05,0.248355061,0.150393338,21.055247743000002
84,0.0002998062754,2.999062754e-05,0.249243314,0.150499532,21.304491057000003
85,0.000329796903,3.29896903e-05,0.248530555,0.150489801,21.553021612000002
86,0.0003627865933,3.628865933e-05,0.249818805,0.15102433799999998,21.802840417000002
87,0.0003990752526,3.991752526e-05,0.248926516,0.150558068,22.051766933000003
88,0.0004389927778,4.390927778e-05,0.248233472,0.14998055300000002,22.300000405000002
89,0.0004829020556,4.830020556e-05,0.24819445,0.14989511700000002,22.548194855000002
90,0.0005312022612,5.313022612e-05,0.249800151,0.150280988,22.797995006
91,0.0005843324873,5.844324873e-05,0.248649605,0.150528926,23.046644611
92,0.000642775736,6.42875736e-05,0.248806703,0.150600751,23.295451314
93,0.0007070633096,7.071633096e-05,0.249046019,0.150388553,23.544497333000002
94,0.0007777796406,7.537998436e-05,0.249528991,0.150864008,23.794026324
95,0.000853159625,7.604703945e-05,0.247916173,0.14961284,24.041942497
96,0.0009292066644,7.679914817e-05,0.248655837,0.15057455,24.290598334000002
97,0.001006005813,7.775091235e-05,0.249570465,0.150408827,24.540168799000003
98,0.001083756725,7.890208913e-05,0.251346347,0.153139798,24.791515146000002
99,0.001162658814,8.025969101e-05,0.248943739,0.150890458,25.040458885000003
100,0.001242918505,8.1834188e-05,0.249978713,0.150225618,25.290437598000004
101,0.001324752693,8.28492148e-05,0.249060115,0.15083777199999998,25.539497713000003
102,0.001407601908,8.318931076e-05,0.252844899,0.151200569,25.792342612000002
103,0.001490791219,8.354673578e-05,0.249533408,0.150619074,26.041876020000004
104,0.001574337954,8.392341834e-05,0.249065874,0.150323177,26.290941894000003
105,0.001658261373,8.432214901e-05,0.250368935,0.150961409,26.541310829000004
106,0.001742583522,8.47449454e-05,0.250757648,0.151144306,26.792068477000004
107,0.001827328467,8.519476913e-05,0.24844692,0.149880771,27.040515397000004
108,0.001912523236,8.567360801e-05,0.249392081,0.150648273,27.289907478000003
109,0.001998196844,8.618612874e-05,0.250488193,0.151465216,27.540395671000002
110,0.002084382973,8.674244643e-05,0.250063623,0.151676098,27.790459294
111,0.002171125419,8.73662391e-05,0.251070583,0.152626277,28.041529877000002
112,0.002258491659,8.812817587e-05,0.249028915,0.150930383,28.290558792000002
113,0.002346619834,8.903386767e-05,0.248851684,0.150286015,28.539410476000004
114,0.002435653702,9.009210072e-05,0.249531437,0.150335136,28.788941913000006
115,0.002525745803,9.059246971e-05,0.250732267,0.15102333099999998,29.039674180000006
116,0.002616338273,9.09352493e-05,0.249655848,0.151073927,29.289330028000006
117,0.002707273522,9.129304343e-05,0.249077923,0.15048117,29.538407951000007
118,0.002798566565,9.166669362e-05,0.249575676,0.151148456,29.787983627000006
119,0.002890233259,9.205696321e-05,0.25165436,0.153251344,30.039637987000006
120,0.002982290222,9.246447518e-05,0.249283167,0.150558024,30.288921154000008
121,0.003074754697,9.288993055e-05,0.24889983,0.149765251,30.537820984000007
122,0.003167644628,9.333493241e-05,0.249330652,0.150375188,30.787151636000008
123,0.00326097956,9.379988795e-05,0.248835397,0.150043873,31.03598703300001
124,0.003354779448,9.428583295e-05,0.249758322,0.151614282,31.28574535500001
125,0.003449065281,9.479873118e-05,0.255013968,0.156182516,31.54075932300001
126,0.003543864012,9.534891329e-05,0.250151189,0.15089670100000002,31.79091051200001
127,0.003639212926,9.598672316e-05,0.248458068,0.149858423,32.03936858000001
128,0.003735199649,9.674521216e-05,0.249384047,0.150542379,32.28875262700001
129,0.003831944861,9.723193016e-05,0.248727043,0.150727599,32.53747967000001
130,0.003929176791,9.756204003e-05,0.248861216,0.150142306,32.78634088600001
131,0.004026738831,9.79005499e-05,0.248336158,0.150005222,33.03467704400001
132,0.004124639381,9.824855843e-05,0.249332303,0.15081159700000002,33.284009347000016
133,0.004222887939,9.860690621e-05,0.248681116,0.15029214000000002,33.532690463000016
134,0.004321494846,9.897581849e-05,0.248631232,0.15009546,33.78132169500002
135,0.004420470664,9.935770917e-05,0.24914676,0.15099690500000001,34.03046845500002
136,0.004519828373,9.975433055e-05,0.252951643,0.15078763699999997,34.28342009800002
137,0.004619582704,0.0001001669528,0.249215695,0.150899534,34.53263579300002
138,0.004719749657,0.0001005968482,0.25031694,0.151405001,34.782952733000016
139,0.004820346505,0.0001010457566,0.249284883,0.15085975000000001,35.03223761600002
140,0.004921392261,0.0001015198765,0.265965859,0.16450836400000002,35.298203475000015
141,0.005022912138,0.0001020280054,0.250201195,0.150826691,35.54840467000002
142,0.005124940143,0.0001026265954,0.24881035,0.149957958,35.79721502000002
143,0.005227566739,0.0001029882079,0.250080875,0.150932915,36.04729589500002
144,0.005330554947,0.00010329223,0.249849714,0.15095045499999998,36.29714560900002
145,0.005433847177,0.0001036021871,0.252775223,0.153667818,36.54992083200002
146,0.005537449364,0.0001039192176,0.250006475,0.150973418,36.79992730700002
147,0.005641368581,0.0001042445395,0.249811436,0.151256245,37.04973874300002
148,0.005745613121,0.0001045778231,0.248738797,0.149804461,37.29847754000002
149,0.005850190944,0.0001049221404,0.248286299,0.15024975000000002,37.54676383900002
150,0.005955113084,0.0001052788823,0.249040889,0.150400342,37.79580472800002
151,0.006060391967,0.0001056495343,0.249461224,0.15079576,38.04526595200002
152,0.006166041501,0.0001060358357,0.250398428,0.151053214,38.29566438000002
153,0.006272077337,0.0001064396487,0.250805724,0.152441002,38.54647010400002
154,0.006378516985,0.0001068643022,0.249509449,0.150419643,38.79597955300002
155,0.006485381288,0.0001073186776,0.250764856,0.15281056399999998,39.04674440900003
156,0.006592699965,0.0001077538791,0.249168659,0.150158522,39.295913068000026
157,0.006700453844,0.0001080320615,0.249159923,0.15064169,39.545072991000026
158,0.006808485906,0.0001083141809,0.248422109,0.149591625,39.79349510000003
159,0.006916800087,0.000108601413,0.249339253,0.15056815299999998,40.04283435300003
160,0.0070254015,0.0001088948936,0.24719381,0.149205859,40.29002816300003
161,0.007134296393,0.0001091941661,0.24906814,0.150445875,40.53909630300003
162,0.007243490559,0.0001095022221,0.251015008,0.15255320700000002,40.79011131100003
163,0.007352992781,0.0001098202446,0.249274143,0.150527588,41.03938545400003
164,0.007462813026,0.0001101498172,0.250066392,0.151400835,41.289451846000034
165,0.007572962843,0.0001104926742,0.24944336,0.150328497,41.538895206000035
166,0.007683455517,0.0001108505746,0.248473799,0.149858722,41.78736900500004
167,0.007794306092,0.0001112254696,0.249039453,0.15053612300000002,42.03640845800004
168,0.007905531562,0.0001116209206,0.256181547,0.157549651,42.29259000500004
169,0.008017152482,0.0001120303035,0.249004261,0.149966301,42.54159426600004
170,0.008129182786,0.0001122874694,0.252684859,0.150701583,42.79427912500004
171,0.008241470255,0.0001125474468,0.25456417,0.156980491,43.04884329500004
172,0.008354017702,0.0001128111415,0.249523458,0.150949253,43.29836675300004
173,0.008466828843,0.0001130796139,0.249381386,0.15070793,43.54774813900004
174,0.008579908457,0.0001133523434,0.248736946,0.150291814,43.79648508500004
175,0.008693260801,0.0001136320918,0.24907068,0.15047365299999999,44.045555765000046
176,0.008806892893,0.0001139201671,0.255300728,0.15702538500000002,44.30085649300005
177,0.00892081306,0.000114218161,0.248937823,0.15058507100000001,44.549794316000046
178,0.009035031221,0.0001145277502,0.248809839,0.15015102600000002,44.79860415500005
179,0.009149558971,0.0001148507483,0.249769592,0.151112576,45.04837374700005
180,0.009264409719,0.0001151889704,0.248368714,0.15026953799999998,45.29674246100005
181,0.00937959869,0.0001155442773,0.250151666,0.151453851,45.54689412700005
182,0.009495142967,0.0001159047321,0.249165014,0.15076319900000001,45.79605914100005
183,0.009611047699,0.0001161426201,0.248570363,0.150698097,46.04462950400005
184,0.009727190319,0.0001163826996,0.24973963,0.151079514,46.29436913400005
185,0.009843573019,7.821349072e-05,0.249434276,0.150284027,46.54380341000005
186,0.009921786509,7.821349072e-05,0.248721824,0.149935802,46.79252523400005
187,0.01,8.603483979e-05,0.248359295,0.15019168900000002,47.04088452900005
188,0.01008603484,9.463832377e-05,0.248955403,0.15104536600000001,47.28983993200005
189,0.01018067316,0.0001041021561,0.249581387,0.151111622,47.53942131900005
190,0.01028477532,0.0001145123718,0.251107322,0.150926218,47.79052864100005
191,0.01039928769,0.0001178311412,0.26430785,0.164785947,48.05483649100005
192,0.01051711883,0.0001181114806,0.247768086,0.149378435,48.302604577000054
193,0.01063523031,0.0001184038111,0.250496839,0.151677786,48.553101416000054
194,0.01075363412,0.0001187097233,0.250608436,0.150117426,48.803709852000054
195,0.01087234385,0.0001190309787,0.249908361,0.15136238400000002,49.05361821300006
196,0.01099137483,0.0001193668835,0.248808244,0.14988058399999998,49.30242645700006
197,0.01111074171,0.0001195845184,0.261877152,0.150681032,49.564303609000056
198,0.01123032623,0.0001198058728,0.248252612,0.149780205,49.81255622100006
199,0.0113501321,0.0001200295112,0.248122339,0.149909955,50.060678560000056
200,0.01147016161,0.0001202553106,0.249360125,0.150727502,50.31003868500006
201,0.01159041692,0.0001204847362,0.249431463,0.151024703,50.55947014800006
202,0.01171090166,0.0001207192471,0.249399233,0.150462127,50.80886938100006
203,0.01183162091,0.0001209602451,0.249587317,0.150890555,51.05845669800006
204,0.01195258115,0.0001212092,0.249393002,0.149828772,51.307849700000055
205,0.01207379035,0.0001214677949,0.249950031,0.15110868300000002,51.55779973100005
206,0.01219525815,0.0001217375718,0.251991515,0.153692206,51.80979124600005
207,0.01231699572,0.0001220201675,0.256264639,0.157927063,52.066055885000054
208,0.01243901589,0.0001223173057,0.248695556,0.150584818,52.314751441000055
209,0.01256133319,0.0001225802868,0.249845331,0.15142802100000002,52.56459677200006
210,0.01268391348,0.000122781296,0.249115592,0.150812525,52.81371236400006
211,0.01280669477,0.0001229853591,0.249277071,0.15038568,53.06298943500006
212,0.01292968013,0.0001231916631,0.248918049,0.15045918600000002,53.31190748400006
213,0.0130528718,0.0001233994912,0.249658773,0.15125244799999998,53.56156625700006
214,0.01317627129,0.000123610988,0.249291124,0.151040523,53.81085738100006
215,0.01329988228,0.0001238274461,0.249670797,0.151198374,54.06052817800006
216,0.01342370972,0.0001240501862,0.255263289,0.15679700400000002,54.31579146700006
217,0.01354775991,0.0001242807286,0.248865026,0.150407913,54.56465649300006
218,0.01367204064,0.0001245205635,0.248478871,0.15001334500000002,54.81313536400006
219,0.0137965612,0.0001247712194,0.249098733,0.15152566099999998,55.06223409700006
220,0.01392133242,0.0001250342539,0.248161043,0.149429129,55.31039514000006
221,0.01404636667,0.0001253114904,0.249182352,0.150797398,55.55957749200006
222,0.01417167816,0.0001255026026,0.248764111,0.150825464,55.80834160300006
223,0.01429718077,0.0001256883974,0.250000432,0.15134506199999997,56.05834203500006
224,0.01442286916,0.0001258758318,0.247477563,0.149305254,56.305819598000056
225,0.014548745,0.000126064176,0.253166858,0.154806491,56.558986456000056
226,0.01467480917,0.0001262552313,0.248356361,0.150038925,56.807342817000055
227,0.0148010644,0.0001264500557,0.248912106,0.150491327,57.056254923000054
228,0.01492751446,0.0001266498906,0.247559203,0.149688358,57.303814126000056
229,0.01505416435,0.0001268561006,0.249573595,0.150526333,57.55338772100006
230,0.01518102045,0.00012707012,0.249052468,0.15051759799999997,57.80244018900006
231,0.01530809057,0.0001272933553,0.24919455,0.15059874699999998,58.05163473900006
232,0.01543538392,0.0001275272586,0.248588776,0.149886813,58.300223515000056
233,0.01556291118,0.0001277733292,0.249755135,0.15170383599999998,58.54997865000006
234,0.01569068451,0.000127982871,0.249646458,0.151168004,58.79962510800006
235,0.01581866738,0.00012814874,0.247960019,0.149726896,59.047585127000055
236,0.01594681612,0.0001283187518,0.255076931,0.15621243499999998,59.30266205800005
237,0.01607513488,0.0001284893336,0.249743222,0.15120683499999998,59.55240528000005
238,0.01620362421,0.0001286618684,0.248345779,0.150355597,59.80075105900005
239,0.01633228608,0.0001288372111,0.249215086,0.150805747,60.04996614500005
240,0.01646112329,0.0001290165361,0.247695732,0.149614932,60.297661877000046
241,0.01659013982,0.0001292010799,0.249045013,0.150410636,60.546706890000046
242,0.0167193409,0.0001293922084,0.247825554,0.149701074,60.79453244400005
243,0.01684873311,0.0001295912279,0.248718173,0.15096372,61.04325061700005
244,0.01697832434,0.0001297994947,0.247639972,0.149383952,61.29089058900005
245,0.01710812384,0.000130018391,0.248299798,0.15042897900000002,61.53919038700005
246,0.01723814223,0.0001302327896,0.24786936,0.150021737,61.78705974700005
247,0.01736837502,0.0001303802465,0.248317395,0.150785145,62.03537714200005
248,0.01749875526,0.0001305328141,0.247907808,0.149803454,62.28328495000005
249,0.01762928808,0.0001306862043,0.249977786,0.151601087,62.533262736000054
250,0.01775997428,0.0001308410526,0.248359728,0.149870749,62.78162246400005
251,0.01789081533,0.0001309980349,0.249725538,0.151378799,63.03134800200005
252,0.01802181337,0.0001311582346,0.24801051,0.149043291,63.27935851200005
253,0.0181529716,0.0001313227804,0.249165102,0.15089498,63.52852361400005
254,0.01828429438,0.0001314929305,0.247319855,0.149037266,63.77584346900005
255,0.01841578731,0.0001316698912,0.252294488,0.15383044299999998,64.02813795700006
256,0.01854745721,0.0001318549155,0.251046108,0.151123041,64.27918406500005
257,0.01867931212,0.0001320492788,0.2485328,0.15021220400000002,64.52771686500006
258,0.0188113614,0.0001322543916,0.247702391,0.14940820300000002,64.77541925600006
259,0.01894361579,0.0001323891455,0.249418415,0.150502783,65.02483767100006
260,0.01907600494,0.0001325236756,0.251838729,0.149631958,65.27667640000006
261,0.01920852861,0.0001326605026,0.249561845,0.151313057,65.52623824500006
262,0.01934118912,0.0001327984655,0.246675884,0.149265062,65.77291412900006
263,0.01947398758,0.000132938022,0.248171996,0.150448804,66.02108612500005
264,0.0196069256,0.0001330801459,0.247078243,0.149205115,66.26816436800006
265,0.01974000575,0.0001299971257,0.249429947,0.15129014400000002,66.51759431500005
266,0.01987000287,0.0001299971257,0.247465214,0.149543705,66.76505952900006
267,0.02,0.0001335242484,0.248432933,0.15046051300000002,67.01349246200006
268,0.02013352425,0.0001336873183,0.249554667,0.151018427,67.26304712900006
269,0.02026721157,0.0001338585813,0.251456563,0.152622483,67.51450369200006
270,0.02040107015,0.0001340392787,0.247926567,0.14944997999999998,67.76243025900006
271,0.02053510943,0.0001341732913,0.248752738,0.150670479,68.01118299700005
272,0.02066928272,0.0001342902668,0.247689109,0.149242003,68.25887210600006
273,0.02080357298,0.0001344107638,0.249393138,0.15028287699999998,68.50826524400006
274,0.02093798375,0.0001345322172,0.248878462,0.150098784,68.75714370600005
275,0.02107251597,0.0001346548488,0.248810356,0.15073003499999998,69.00595406200006
276,0.02120717081,0.0001347794839,0.248636104,0.15061965,69.25459016600006
277,0.0213419503,0.0001349071265,0.248813606,0.150881512,69.50340377200006
278,0.02147685743,0.0001350387851,0.247753424,0.149331307,69.75115719600005
279,0.02161189621,0.0001351754942,0.247981708,0.14998862899999998,69.99913890400005
280,0.0217470717,0.000135318318,0.248077754,0.14957469699999998,70.24721665800004
281,0.02188239002,0.0001354683478,0.248607688,0.150294281,70.49582434600005
282,0.02201785837,0.0001356267038,0.254531533,0.157168882,70.75035587900005
283,0.02215348507,0.000135750891,0.248258797,0.14989606900000002,70.99861467600006
284,0.02228923596,0.0001358515891,0.249720128,0.15092716299999998,71.24833480400007
285,0.02242508755,0.0001359559789,0.252074171,0.152913355,71.50040897500007
286,0.02256104353,0.0001360612256,0.248030859,0.149260757,71.74843983400007
287,0.02269710476,0.000136167404,0.248953094,0.150960126,71.99739292800007
288,0.02283327216,0.0001362751299,0.24726809,0.148671113,72.24466101800007
289,0.02296954729,0.000136385378,0.249138003,0.150699639,72.49379902100007
290,0.02310593267,0.0001364990436,0.24857705,0.149747571,72.74237607100007
291,0.02324243171,0.000136617077,0.249186279,0.150299971,72.99156235000007
292,0.02337904879,0.0001367404555,0.247889596,0.149267203,73.23945194600006
293,0.02351578925,0.0001368701553,0.250733614,0.151805505,73.49018556000006
294,0.0236526594,0.0001370071834,0.249547906,0.151235078,73.73973346600006
295,0.02378966659,0.0001371187223,0.247713293,0.149886338,73.98744675900006
296,0.02392678531,0.0001372035939,0.248621194,0.149928402,74.23606795300006
297,0.0240639889,0.0001372916026,0.249422902,0.150694255,74.48549085500007
298,0.0242012805,0.0001373809803,0.248760189,0.150406857,74.73425104400006
299,0.02433866148,0.000137471038,0.248533014,0.150513304,74.98278405800006
300,0.02447613252,0.0001375623982,0.268871693,0.150829165,75.25165575100006
301,0.02461369492,0.0001376558017,0.249079192,0.150378523,75.50073494300005
302,0.02475135072,0.0001377520921,0.253071161,0.15236076599999998,75.75380610400005
303,0.02488910281,0.0001378521277,0.249559659,0.150282215,76.00336576300005
304,0.02502695494,0.0001379567768,0.248627672,0.149802719,76.25199343500005
305,0.02516491172,0.0001380669419,0.250804881,0.15196191,76.50279831600004
306,0.02530297866,0.0001381835639,0.248377913,0.149820828,76.75117622900004
307,0.02544116222,0.0001382806365,0.247559287,0.148816934,76.99873551600004
308,0.02557944286,0.0001383503326,0.248936514,0.15020925699999998,77.24767203000003
309,0.02571779319,0.0001384223247,0.24866365,0.14992603399999999,77.49633568000003
310,0.02585621552,0.000138495992,0.250035758,0.151501295,77.74637143800003
311,0.02599471151,0.000138570168,0.251019725,0.152426947,77.99739116300003
312,0.02613328168,0.0001386454437,0.248857576,0.150064213,78.24624873900004
313,0.02627192712,0.0001387223938,0.249517695,0.15103703699999999,78.49576643400003
314,0.02641064952,0.0001388017352,0.258784175,0.159261077,78.75455060900003
315,0.02654945125,0.0001388842417,0.248850832,0.150409082,79.00340144100004
316,0.02668833549,0.0001389707337,0.260908209,0.162018461,79.26430965000003
317,0.02682730623,0.0001390620499,0.250661168,0.15141911400000002,79.51497081800002
318,0.02696636828,0.0001391589838,0.247537525,0.148980642,79.76250834300002
319,0.02710552726,0.0001392406481,0.253982134,0.15587847300000002,80.01649047700002
320,0.02724476791,0.0001392954026,0.249411357,0.149761427,80.26590183400002
321,0.02738406331,0.0001393517704,0.250080247,0.150651956,80.51598208100002
322,0.02752341508,0.0001394100363,0.248750459,0.149741481,80.76473254000001
323,0.02766282512,0.0001394687068,0.249268358,0.150727069,81.014000898
324,0.02780229382,0.0001395282066,0.249593861,0.150982519,81.263594759
325,0.02794182203,0.0001395891061,0.248208749,0.149088538,81.511803508
326,0.02808141114,0.0001396519836,0.247611656,0.149010349,81.759415164
327,0.02822106312,0.0001397175627,0.248853336,0.150220436,82.0082685
328,0.02836078068,0.0001397865541,0.249490164,0.150678623,82.257758664
329,0.02850056724,0.0001398596793,0.249173558,0.150809586,82.50693222199999
330,0.02864042692,0.0001399375999,0.249058681,0.150373821,82.75599090299998
331,0.02878036452,0.0001400036753,0.248878925,0.15044453000000002,83.00486982799998
332,0.02892036819,0.0001400438584,0.249151922,0.150127139,83.25402174999998
333,0.02906041205,0.0001400850959,0.248691414,0.14987491,83.50271316399999
334,0.02920049715,0.0001401284566,0.24800365,0.15007662300000002,83.75071681399999
335,0.0293406256,0.0001401720337,0.248714265,0.150498936,83.99943107899999
336,0.02948079764,0.0001402162293,0.248198083,0.149413682,84.247629162
337,0.02962101387,0.000140261581,0.249366346,0.150569905,84.496995508
338,0.02976127545,0.0001193622766,0.249162747,0.150869588,84.746158255
339,0.02988063772,0.0001193622766,0.248559757,0.150352162,84.99471801199999
340,0.03,0.0001312985042,0.251699787,0.150983084,85.246417799
341,0.0301312985,0.0001404421608,0.250209528,0.150392175,85.496627327
342,0.03027174067,0.0001405002626,0.250140387,0.151399136,85.746767714
343,0.03041224093,0.0001405630312,0.248924254,0.15004853499999998,85.995691968
344,0.03055280396,0.0001405913707,0.25088901,0.15020243300000002,86.246580978
345,0.03069339533,0.0001406176798,0.2556721,0.15694987300000002,86.502253078
346,0.03083401301,0.0001406455209,0.248268714,0.14986865900000002,86.750521792
347,0.03097465853,0.000140674498,0.249586472,0.150733599,87.000108264
348,0.03111533303,0.0001407038158,0.249888065,0.15115277500000002,87.249996329
349,0.03125603684,0.0001407338638,0.249709775,0.150849962,87.499706104
350,0.03139677071,0.000140765117,0.248375363,0.14960718299999998,87.74808146699999
351,0.03153753582,0.0001407980758,0.249516305,0.150457885,87.99759777199999
352,0.0316783339,0.0001408331515,0.24930828,0.150207263,88.24690605199999
353,0.03181916705,0.0001408709184,0.249856798,0.150556811,88.49676284999998
354,0.03196003797,0.000140911971,0.249423458,0.150515921,88.74618630799998
355,0.03210094994,0.0001409567051,0.262183541,0.162819682,89.00836984899998
356,0.03224190665,0.0001409711966,0.273135628,0.15068164,89.28150547699998
357,0.03238287784,0.0001409839115,0.248623848,0.150390619,89.53012932499998
358,0.03252386175,0.0001409975963,0.248278106,0.149567391,89.77840743099998
359,0.03266485935,0.0001410127398,0.24876605,0.15077855099999998,90.02717348099998
360,0.03280587209,0.0001410281185,0.249583001,0.151032198,90.27675648199998
361,0.03294690021,0.0001410440373,0.24931783,0.150534617,90.52607431199998
362,0.03308794425,0.0001410608986,0.249563116,0.150217771,90.77563742799998
363,0.03322900515,0.000141079108,0.249346657,0.150638516,91.02498408499999
364,0.03337008425,0.0001410990631,0.249375404,0.150801658,91.27435948899999
365,0.03351118332,0.0001411211113,0.248866528,0.150908834,91.52322601699998
366,0.03365230443,0.0001411458345,0.249106739,0.150489754,91.77233275599998
367,0.03379345026,0.0001411737526,0.253507244,0.155332064,92.02583999999999
368,0.03393462401,0.0001411756819,0.24810068,0.14996273799999998,92.27394067999998
369,0.0340757997,0.0001411755465,0.254886022,0.155897906,92.52882670199998
370,0.03421697524,0.0001411759095,0.249312763,0.150132217,92.77813946499998
371,0.03435815115,0.0001411776975,0.248555901,0.150594673,93.02669536599998
372,0.03449932885,0.0001411799508,0.249000163,0.149970366,93.27569552899999
373,0.0346405088,0.0001411825777,0.249800313,0.151107257,93.52549584199998
374,0.03478169138,0.0001411858296,0.249530934,0.150409258,93.77502677599999
375,0.03492287721,0.0001411900596,0.248423299,0.150356188,94.02345007499999
376,0.03506406727,0.0001411957134,0.248262591,0.149767177,94.27171266599998
377,0.03520526298,0.0001412032094,0.259217386,0.16012416000000002,94.53093005199999
378,0.03534646619,0.0001412128782,0.247917753,0.14942523600000002,94.77884780499998
379,0.03548767907,0.0001412251862,0.249015362,0.15034006900000002,95.02786316699998
380,0.03562890425,0.0001412144579,0.249273841,0.150290913,95.27713700799998
381,0.03577011871,0.000141202338,0.250386502,0.150845601,95.52752350999998
382,0.03591132105,0.0001411904886,0.251248327,0.151558844,95.77877183699998
383,0.03605251154,0.0001411795645,0.248618838,0.149741975,96.02739067499998
384,0.0361936911,0.0001411694763,0.249686626,0.151115017,96.27707730099998
385,0.03633486058,0.0001411595977,0.249421931,0.151558895,96.52649923199998
386,0.03647602018,0.0001411502066,0.252544904,0.152546718,96.77904413599998
387,0.03661717038,0.0001411416644,0.249601971,0.150711701,97.02864610699999
388,0.03675831205,0.0001411342735,0.24931841,0.15054990699999998,97.27796451699999
389,0.03689944632,0.0001411283581,0.248499604,0.149818432,97.52646412099999
390,0.03704057468,0.0001411242659,0.249299525,0.150683561,97.77576364599999
391,0.03718169895,0.0001411221226,0.249374438,0.15093747400000002,98.02513808399999
392,0.03732282107,0.0001410987954,0.247935509,0.14992877999999998,98.27307359299999
393,0.03746391986,0.0001410753518,0.248749819,0.150800875,98.52182341199999
394,0.03760499522,0.0001410521875,0.249072913,0.149987272,98.770896325
395,0.0377460474,0.0001410295021,0.249190288,0.150144045,99.02008661299999
396,0.03788707691,0.0001410079217,0.249755627,0.150919753,99.26984223999999
397,0.03802808483,0.0001409867017,0.250234827,0.15148392700000002,99.52007706699999
398,0.03816907153,0.0001409658966,0.248781068,0.149962112,99.76885813499999
399,0.03831003743,0.0001409457598,0.255309499,0.15692063699999997,100.024167634
400,0.03845098319,0.0001409265547,0.251971502,0.15272088,100.276139136
401,0.03859190974,0.000140908537,0.248520821,0.149664976,100.524659957
402,0.03873281828,0.000140892024,0.248898566,0.15021791499999998,100.77355852299999
403,0.0388737103,0.0001408736643,0.248845327,0.15064680200000002,101.02240384999999
404,0.03901458397,0.0001408400683,0.248681969,0.14991608499999998,101.27108581899999
405,0.03915542403,0.0001408063784,0.250269972,0.150853886,101.52135579099999
406,0.03929623041,0.0001407727889,0.255229829,0.156022816,101.77658561999999
407,0.0394370032,0.0001407397094,0.248929311,0.149729234,102.02551493099999
408,0.03957774291,0.0001407075857,0.248551682,0.150413692,102.27406661299999
409,0.0397184505,0.0001406762312,0.249242097,0.151122129,102.52330871
410,0.03985912673,7.043663613e-05,0.250212132,0.151298037,102.773520842
411,0.03992956336,7.043663613e-05,0.249165548,0.150907141,103.02268638999999
412,0.04,7.748029975e-05,0.250099438,0.150787373,103.272785828
413,0.0400774803,8.522832972e-05,0.248984891,0.15148885499999998,103.521770719
414,0.04016270863,9.375116269e-05,0.248610665,0.150624647,103.770381384
415,0.04025645979,0.000103126279,0.249371347,0.150674357,104.019752731
416,0.04035958607,0.0001134389069,0.24949359,0.150977576,104.269246321
417,0.04047302498,0.0001247827975,0.250022801,0.151173673,104.519269122
418,0.04059780778,0.0001372610773,0.248875446,0.15058032100000002,104.768144568
419,0.04073506885,0.0001404382657,0.260974448,0.16172463199999998,105.029119016
420,0.04087550712,0.0001403956395,0.249558378,0.150575925,105.278677394
421,0.04101590276,0.0001403531732,0.249742155,0.151337135,105.528419549
422,0.04115625593,0.000140311069,0.247555552,0.148742437,105.775975101
423,0.041296567,0.0001402699662,0.24842212,0.150140829,106.024397221
424,0.04143683697,0.0001402297364,0.24878385,0.15025031,106.273181071
425,0.0415770667,0.0001401899057,0.249082814,0.150654944,106.522263885
426,0.04171725661,0.0001401505923,0.248452715,0.150110446,106.7707166
427,0.0418574072,0.0001401119977,0.250440456,0.15153190700000002,107.021157056
428,0.0419975192,0.0001400743647,0.24986938,0.151516421,107.27102643600001
429,0.04213759356,0.0001400338675,0.249767391,0.150701898,107.52079382700002
430,0.04227762743,0.0001399832488,0.247787632,0.149430928,107.76858145900002
431,0.04241761068,0.000139932704,0.249368005,0.151159855,108.01794946400001
432,0.04255754338,0.0001398823029,0.248197845,0.149746524,108.26614730900002
433,0.04269742569,0.0001398321225,0.249901464,0.150945559,108.51604877300002
434,0.04283725781,0.0001397823259,0.248640865,0.149879865,108.76468963800002
435,0.04297704014,0.000139733207,0.249458047,0.150964634,109.01414768500003
436,0.04311677334,0.0001396849603,0.253630629,0.154884256,109.26777831400003
437,0.0432564583,0.0001396374446,0.249590417,0.150545124,109.51736873100002
438,0.04339609575,0.0001395904951,0.249213623,0.15074386499999998,109.76658235400002
439,0.04353568624,0.0001395442482,0.249592258,0.15130023,110.01617461200003
440,0.04367523049,0.0001394978902,0.249650527,0.149668643,110.26582513900003
441,0.04381472838,0.0001394403988,0.249693882,0.150920414,110.51551902100003
442,0.04395416878,0.0001393830255,0.249304821,0.150631615,110.76482384200003
443,0.0440935518,0.0001393258509,0.250285006,0.151448005,111.01510884800003
444,0.04423287766,0.0001392689153,0.24955066,0.15083179000000002,111.26465950800002
445,0.04437214657,0.0001392123315,0.249597744,0.15097517900000001,111.51425725200002
446,0.0445113589,0.0001391561702,0.249023499,0.15014198,111.76328075100002
447,0.04465051507,0.000139100709,0.249509028,0.15041774200000002,112.01278977900003
448,0.04478961578,0.000139045978,0.249750105,0.150896906,112.26253988400003
449,0.04492866176,0.0001389918227,0.248681284,0.15038106899999998,112.51122116800003
450,0.04506765358,0.0001389382366,0.251342538,0.151121087,112.76256370600004
451,0.04520659182,0.0001388845007,0.251279667,0.151161108,113.01384337300004
452,0.04534547632,0.0001388213016,0.25022208,0.151048379,113.26406545300004
453,0.04548429762,0.000138758316,0.256559066,0.158252006,113.52062451900004
454,0.04562305594,0.0001386956013,0.250408082,0.151060534,113.77103260100004
455,0.04576175154,0.0001386331695,0.249209752,0.150562791,114.02024235300004
456,0.04590038471,0.0001385711115,0.256891856,0.157852614,114.27713420900004
457,0.04603895582,0.0001385094737,0.250646454,0.152165012,114.52778066300004
458,0.04617746529,0.0001384483364,0.248764285,0.149801067,114.77654494800004
459,0.04631591363,0.0001383878148,0.250324326,0.15158647600000003,115.02686927400003
460,0.04645430144,0.0001383280393,0.24924826,0.150268244,115.27611753400004
461,0.04659262948,0.0001382689848,0.24892236,0.15028982000000002,115.52503989400003
462,0.04673089847,0.0001382071874,0.248916603,0.149865458,115.77395649700003
463,0.04686910566,0.0001381395286,0.250040661,0.151507172,116.02399715800003
464,0.04700724518,0.0001380721527,0.249557172,0.15068720000000002,116.27355433000002
465,0.04714531734,0.0001380051091,0.248910335,0.15062620300000001,116.52246466500003
466,0.04728332245,0.0001379384469,0.246926599,0.149106421,116.76939126400003
467,0.04742126089,0.0001378721638,0.249001488,0.150704805,117.01839275200004
468,0.04755913306,0.0001378063394,0.249222443,0.14979513,117.26761519500003
469,0.0476969394,0.000137741102,0.248531222,0.150897881,117.51614641700003
470,0.0478346805,0.0001376766284,0.248752592,0.14978378,117.76489900900003
471,0.04797235713,0.0001376130083,0.249510055,0.151235138,118.01440906400003
472,0.04810997014,0.0001375502945,0.249092177,0.149770931,118.26350124100003
473,0.04824752043,0.0001374800156,0.250613835,0.151722307,118.51411507600002
474,0.04838500045,0.0001374090622,0.247809151,0.149688462,118.76192422700002
475,0.04852240951,0.0001373385361,0.250282742,0.151811767,119.01220696900002
476,0.04865974804,0.0001372684386,0.249038247,0.149796266,119.26124521600002
477,0.04879701648,0.000137198788,0.250511271,0.151364351,119.51175648700001
478,0.04893421527,0.0001371296706,0.253504986,0.15340610500000001,119.76526147300001
479,0.04907134494,0.0001370611501,0.253903931,0.154076659,120.019165404
480,0.04920840609,0.0001369933556,0.250773666,0.15092679199999998,120.26993907
481,0.04934539945,0.0001369264402,0.249207332,0.151176601,120.519146402
482,0.04948232589,0.0001368604847,0.24889066,0.150281613,120.768037062
483,0.04961918637,0.0001367903281,0.250422777,0.15181971500000002,121.018459839
484,0.0497559767,0.0001220116502,0.249487345,0.14980833999999998,121.26794718400001
485,0.04987798835,0.0001220116502,0.24978615,0.15094395900000002,121.51773333400001
486,0.05,0.0001342128152,0.248524944,0.15038344199999998,121.76625827800001
487,0.05013421282,0.0001365155358,0.259168497,0.160642166,122.02542677500001
488,0.05027072835,0.0001364438881,0.256141679,0.15689024000000001,122.28156845400001
489,0.05040717224,0.0001363728635,0.249432656,0.150625129,122.53100111
490,0.0505435451,0.0001363026108,0.248856295,0.149645737,122.779857405
491,0.05067984771,0.0001362333809,0.249893579,0.151110981,123.029750984
492,0.05081608109,0.0001361652766,0.247892072,0.15008734699999998,123.277643056
493,0.05095224637,0.0001360983206,0.249271017,0.150859208,123.526914073
494,0.05108834469,0.0001360250094,0.247139597,0.149547019,123.77405367
495,0.0512243697,0.000135950339,0.248692218,0.150480141,124.022745888
496,0.05136032004,0.0001358761819,0.2492269,0.149923859,124.271972788
497,0.05149619622,0.0001358025929,0.253383003,0.15458785600000002,124.525355791
498,0.05163199881,0.0001357295601,0.261785861,0.150024703,124.787141652
499,0.05176772837,0.0001356571063,0.254264378,0.156076561,125.04140603
500,0.05190338548,0.0001355853377,0.249108301,0.150411803,125.29051433100001
501,0.05203897082,0.0001355145111,0.252520173,0.154155225,125.543034504
502,0.05217448533,0.000135444679,0.253697742,0.154833576,125.796732246
503,0.05230993001,0.0001353759363,0.256389234,0.157959896,126.05312148
504,0.05244530595,0.0001353083365,0.253914079,0.15100939800000002,126.307035559
505,0.05258061428,0.0001352385503,0.250160291,0.151135542,126.55719585
506,0.05271585283,0.0001351640749,0.249113486,0.151131384,126.806309336
507,0.05285101691,0.0001350900952,0.249954079,0.151104307,127.056263415
508,0.052986107,0.0001350166475,0.248505712,0.15039386700000001,127.304769127
509,0.05312112365,0.0001349437867,0.250069762,0.151441575,127.554838889
510,0.05325606744,0.000134871532,0.248328305,0.150228805,127.803167194
511,0.05339093897,0.0001347998728,0.249298224,0.150773789,128.052465418
512,0.05352573884,0.0001347288555,0.248247566,0.14990657000000002,128.300712984
513,0.0536604677,0.0001346587548,0.25328967,0.155362264,128.554002654
514,0.05379512645,0.0001345896254,0.247343728,0.14939353300000002,128.801346382
515,0.05392971608,0.0001345215047,0.247926285,0.150097001,129.049272667
516,0.05406423758,0.0001344544705,0.249257006,0.150902053,129.298529673
517,0.05419869205,0.0001343885545,0.24900892,0.15088617199999999,129.54753859299998
518,0.05433308061,0.0001343190789,0.249074457,0.150606044,129.79661305
519,0.05446739969,0.0001342469293,0.249631987,0.150874444,130.04624503699998
520,0.05460164661,0.0001341752663,0.247778703,0.149055208,130.29402373999997
521,0.05473582188,0.0001341041246,0.249662447,0.150762056,130.54368618699996
522,0.05486992601,0.0001340335289,0.2485194,0.150190566,130.79220558699996
523,0.05500395953,0.0001339635216,0.249759053,0.15125593399999998,131.04196463999995
524,0.05513792306,0.0001338941327,0.249167311,0.151119843,131.29113195099995
525,0.05527181719,0.0001338253596,0.25008938,0.15141115300000002,131.54122133099995
526,0.05540564255,0.0001337572443,0.253622992,0.154867739,131.79484432299995
527,0.05553939979,0.0001336900036,0.249079448,0.150560699,132.04392377099995
528,0.0556730898,0.0001336236801,0.249305564,0.15047697,132.29322933499995
529,0.05580671348,0.0001335583095,0.250124373,0.151729337,132.54335370799996
530,0.05594027179,0.0001334939197,0.248885597,0.150391557,132.79223930499995
531,0.05607376571,0.000133430576,0.249281491,0.150180127,133.04152079599996
532,0.05620719628,0.0001333682984,0.248903136,0.15033179600000002,133.29042393199995
533,0.05634056458,0.0001333009126,0.249649643,0.150544185,133.54007357499995
534,0.05647386549,0.0001332329873,0.248899373,0.15063101699999998,133.78897294799995
535,0.05660709848,0.0001331655251,0.250600351,0.151610255,134.03957329899995
536,0.05674026401,0.0001330985445,0.24860755,0.150643963,134.28818084899996
537,0.05687336255,0.0001330320702,0.249101957,0.150639289,134.53728280599995
538,0.05700639462,0.0001329661239,0.250131056,0.150869254,134.78741386199994
539,0.05713936074,0.0001329007344,0.248641674,0.15055162500000002,135.03605553599994
540,0.05727226148,0.0001328359353,0.250368873,0.1510409,135.28642440899995
541,0.05740509741,0.0001327717477,0.249530219,0.150613057,135.53595462799996
542,0.05753786916,0.0001327081808,0.248931672,0.149897528,135.78488629999995
543,0.05767057734,0.0001326454147,0.24956771,0.15137155600000002,136.03445400999996
544,0.05780322276,0.0001325834632,0.25011242,0.150868079,136.28456642999996
545,0.05793580622,0.0001325223566,0.248382182,0.150273616,136.53294861199996
546,0.05806832858,0.0001324621269,0.249061516,0.151089537,136.78201012799997
547,0.0582007907,0.0001324027976,0.249496073,0.150894447,137.03150620099996
548,0.0583331935,0.0001323444018,0.248865931,0.150916485,137.28037213199997
549,0.0584655379,0.0001322869695,0.249909788,0.151680429,137.53028191999996
550,0.05859782487,0.0001322273706,0.249913495,0.15087463,137.78019541499995
551,0.05873005224,0.0001321650721,0.25045091,0.151405866,138.03064632499996
552,0.05886221732,0.0001321031747,0.249533217,0.151287722,138.28017954199996
553,0.05899432049,0.0001320416904,0.250124918,0.15108672,138.53030445999997
554,0.05912636218,0.0001319806332,0.250127702,0.151232433,138.78043216199995
555,0.05925834281,0.0001319200289,0.249598555,0.151248832,139.03003071699996
556,0.05939026284,0.0001318598965,0.250612647,0.151351288,139.28064336399996
557,0.05952212274,0.000131800257,0.250427161,0.151761373,139.53107052499996
558,0.059653923,0.0001317411281,0.249307562,0.151123154,139.78037808699997
559,0.05978566412,0.000107167938,0.250025155,0.15162465,140.03040324199998
560,0.05989283206,0.000107167938,0.250062193,0.150790914,140.28046543499997
561,0.06,0.0001178847318,0.251600168,0.152315076,140.53206560299998
562,0.06011788473,0.000129673205,0.249411643,0.15035839,140.78147724599998
563,0.06024755794,0.0001314813398,0.250193658,0.150962087,141.03167090399998
564,0.06037903928,0.0001314257333,0.25045738,0.151198907,141.28212828399998
565,0.06051046501,0.0001313708535,0.259542697,0.161594248,141.54167098099998
566,0.06064183586,0.0001313167237,0.249501674,0.15070472699999998,141.79117265499997
567,0.06077315259,0.0001312633676,0.249832014,0.151016931,142.04100466899996
568,0.06090441595,0.0001312107984,0.251912891,0.152734894,142.29291755999995
569,0.06103562675,0.0001311590275,0.249149287,0.150384733,142.54206684699994
570,0.06116678578,0.0001311080904,0.250054879,0.151364705,142.79212172599995
571,0.06129789387,0.0001310565883,0.24983095,0.15120814100000002,143.04195267599994
572,0.06142895046,0.0001310011758,0.248687439,0.14987898,143.29064011499995
573,0.06155995164,0.000130946082,0.249241516,0.15082674899999998,143.53988163099996
574,0.06169089772,0.000130891321,0.24963004,0.15033336200000003,143.78951167099996
575,0.06182178904,0.0001308369042,0.24891414,0.15031150199999999,144.03842581099997
576,0.06195262594,0.000130782848,0.250474219,0.151743932,144.28890002999998
577,0.06208340879,0.0001307291747,0.249294935,0.15109264900000002,144.53819496499997
578,0.06221413796,0.0001306759033,0.251665287,0.153170638,144.78986025199998
579,0.06234481387,0.0001306230516,0.248755926,0.150434039,145.03861617799998
580,0.06247543692,0.0001305706318,0.263799822,0.15201873,145.302416
581,0.06260600755,0.0001305186545,0.250411129,0.15134984,145.552827129
582,0.06273652621,0.0001304671298,0.264707387,0.165749598,145.817534516
583,0.06286699334,0.0001304160657,0.254411283,0.156496525,146.071945799
584,0.0629974094,0.0001303655953,0.248994774,0.150653625,146.320940573
585,0.063127775,0.0001303157412,0.249005814,0.150089534,146.569946387
586,0.06325809074,0.0001302664971,0.251042922,0.15146726,146.820989309
587,0.06338835724,0.000130217847,0.248882656,0.150555885,147.069871965
588,0.06351857508,0.0001301697798,0.249274399,0.150852875,147.319146364
589,0.06364874486,0.000130122303,0.259549608,0.161454637,147.578695972
590,0.06377886717,0.0001300754357,0.249938652,0.151019209,147.828634624
591,0.0639089426,0.0001300291974,0.250232147,0.151534214,148.07886677099998
592,0.0640389718,0.0001299836016,0.249381281,0.150261922,148.328248052
593,0.0641689554,0.0001299386501,0.253014825,0.151244989,148.581262877
594,0.06429889405,0.0001298943465,0.250596598,0.15107269499999998,148.831859475
595,0.0644287884,0.0001298507038,0.259777029,0.160749311,149.09163650399998
596,0.0645586391,0.0001298052071,0.249676958,0.15091148100000001,149.341313462
597,0.06468844431,0.0001297570472,0.250856434,0.151362792,149.592169896
598,0.06481820135,0.0001297091032,0.249436091,0.150837714,149.841605987
599,0.06494791046,0.0001296613892,0.24975116,0.151166774,150.091357147
600,0.06507757185,0.0001296139163,0.25524313,0.155560886,150.346600277
601,0.06520718576,0.0001295667026,0.249676104,0.151090376,150.596276381
602,0.06533675247,0.0001295197693,0.250627382,0.15099059799999998,150.846903763
603,0.06546627224,0.0001294731273,0.249438635,0.15115741700000002,151.096342398
604,0.06559574536,0.0001294267901,0.24969432,0.149968169,151.346036718
605,0.06572517215,0.0001293807691,0.250554987,0.151807145,151.59659170499998
606,0.06585455292,0.0001293350756,0.249949464,0.15098441099999999,151.84654116899998
607,0.065983888,0.0001292897147,0.250994307,0.152025476,152.097535476
608,0.06611317771,0.000129244692,0.249663675,0.150879508,152.34719915099998
609,0.0662424224,0.0001292000122,0.249859935,0.15184140899999998,152.59705908599997
610,0.06637162242,0.0001291557696,0.249099154,0.150614672,152.84615823999997
611,0.06650077819,0.0001291119893,0.249939684,0.150946198,153.09609792399996
612,0.06662989018,0.0001290686708,0.249423888,0.150757748,153.34552181199996
613,0.06675895885,0.0001290258108,0.24881034,0.150871856,153.59433215199996
614,0.06688798466,0.0001289834064,0.250066038,0.15157957900000002,153.84439818999996
615,0.06701696806,0.0001289414507,0.25018278,0.15105423299999998,154.09458096999995
616,0.06714590951,0.00012889992,0.248641346,0.150552035,154.34322231599995
617,0.06727480943,0.0001288588191,0.248990778,0.15073131,154.59221309399996
618,0.06740366825,0.0001288181637,0.254278439,0.154991767,154.84649153299995
619,0.06753248642,0.0001287779707,0.250884058,0.15145462199999998,155.09737559099995
620,0.06766126439,0.0001287382509,0.288433711,0.164785242,155.38580930199996
621,0.06779000264,0.0001286990152,0.250243951,0.150893951,155.63605325299994
622,0.06791870165,0.0001286602656,0.250838159,0.152462991,155.88689141199995
623,0.06804736192,0.000128621996,0.258457678,0.15904437,156.14534908999997
624,0.06817598391,0.0001285841972,0.249711086,0.151270797,156.39506017599996
625,0.06830456811,0.0001285446568,0.250055093,0.151471083,156.64511526899994
626,0.06843311277,0.0001285022227,0.249913628,0.15157456200000002,156.89502889699995
627,0.06856161499,0.0001284598738,0.249991523,0.151849445,157.14502041999995
628,0.06869007487,0.0001284176228,0.250069794,0.150645107,157.39509021399996
629,0.06881849249,0.0001283754796,0.249777825,0.151269115,157.64486803899996
630,0.06894686797,0.0001283334652,0.252445236,0.153798338,157.89731327499996
631,0.06907520143,0.0001282915973,0.248960623,0.15113237699999998,158.14627389799995
632,0.06920349303,0.0001282498895,0.249628005,0.151202269,158.39590190299995
633,0.06933174292,0.0001282083527,0.251716051,0.153064012,158.64761795399994
634,0.06945995127,0.0001281669969,0.250131766,0.15090636699999999,158.89774971999995
635,0.06958811827,0.0001281258339,0.249367673,0.15073992200000003,159.14711739299995
636,0.0697162441,0.0001280848699,0.249114009,0.150435724,159.39623140199996
637,0.06984432897,7.783551345e-05,0.249659356,0.15132536400000002,159.64589075799995
638,0.06992216449,7.783551345e-05,0.248119085,0.150224757,159.89400984299996
639,0.07,8.56190648e-05,0.249167712,0.150623246,160.14317755499997
640,0.07008561906,9.418097128e-05,0.248695003,0.150596499,160.39187255799996
641,0.07017980004,0.0001035990684,0.249657544,0.150886886,160.64153010199996
642,0.0702833991,0.0001139589752,0.247914021,0.149696095,160.88944412299998
643,0.07039735808,0.0001253548728,0.249141765,0.15086593599999998,161.13858588799997
644,0.07052271295,0.0001278311651,0.249418421,0.15034308600000001,161.38800430899997
645,0.07065054412,0.0001277922283,0.251611829,0.15274759799999998,161.63961613799998
646,0.07077833635,0.0001277536115,0.249162063,0.14976062,161.88877820099998
647,0.07090608996,0.0001277153076,0.249207168,0.15140418,162.13798536899998
648,0.07103380526,0.0001276772907,0.254489288,0.155886839,162.39247465699998
649,0.07116148256,0.0001276395627,0.249878576,0.15065136099999998,162.64235323299997
650,0.07128912212,0.0001276021385,0.248726406,0.150477576,162.89107963899997
651,0.07141672426,0.0001275650345,0.248291695,0.150313411,163.13937133399997
652,0.07154428929,0.0001275282677,0.249170934,0.151006317,163.38854226799998
653,0.07167181756,0.0001274918467,0.251158906,0.152180642,163.63970117399998
654,0.07179930941,0.0001274557735,0.249199116,0.150316336,163.88890028999998
655,0.07192676518,0.0001274200409,0.249392792,0.151122563,164.138293082
656,0.07205418522,0.0001273846393,0.248382581,0.14999363,164.38667566299998
657,0.07218156986,0.0001273495572,0.250303063,0.15162523,164.63697872599997
658,0.07230891942,0.0001273147927,0.247964445,0.149511537,164.88494317099997
659,0.07243623421,0.0001272770125,0.249548634,0.15051070700000002,165.13449180499998
660,0.07256351122,0.0001272372204,0.248931453,0.150432144,165.383423258
661,0.07269074844,0.0001271973972,0.251261499,0.151697201,165.634684757
662,0.07281794584,0.0001271575575,0.249014139,0.149545459,165.883698896
663,0.0729451034,0.0001271177258,0.250314956,0.15198581900000002,166.134013852
664,0.07307222112,0.0001270779223,0.248386578,0.15000643600000002,166.38240043000002
665,0.07319929905,0.0001270381645,0.249854562,0.151164614,166.63225499200001
666,0.07332633721,0.0001269984679,0.248971327,0.15022755599999998,166.881226319
667,0.07345333568,0.0001269588474,0.249184637,0.150230692,167.13041095600002
668,0.07358029452,0.0001269193124,0.249885242,0.151862938,167.38029619800002
669,0.07370721384,0.0001268798664,0.249248925,0.15116344199999998,167.629545123
670,0.0738340937,0.0001268405182,0.255276271,0.156886974,167.88482139400003
671,0.07396093422,0.0001268012782,0.2495422,0.15106857499999998,168.13436359400004
672,0.0740877355,0.0001267621512,0.249417172,0.151032052,168.38378076600003
673,0.07421449765,0.0001267231476,0.252231254,0.153466369,168.63601202000004
674,0.0743412208,0.000126684308,0.248978028,0.150205589,168.88499004800005
675,0.07446790511,0.000126645703,0.250176932,0.152049928,169.13516698000004
676,0.07459455081,0.0001266073376,0.249395293,0.151277033,169.38456227300003
677,0.07472115815,0.0001265692105,0.249337145,0.150819977,169.63389941800003
678,0.07484772736,0.0001265313166,0.248992616,0.150696124,169.88289203400004
679,0.07497425867,0.0001264936311,0.250500041,0.15191794400000003,170.13339207500005
680,0.07510075231,0.0001264561478,0.249299279,0.149941439,170.38269135400006
681,0.07522720845,0.0001264188708,0.250356693,0.151215341,170.63304804700005
682,0.07535362732,0.0001263818136,0.248604083,0.15080844300000001,170.88165213000005
683,0.07548000914,0.000126344993,0.251879661,0.153206523,171.13353179100005
684,0.07560635413,0.000126308419,0.248597039,0.15062873799999998,171.38212883000006
685,0.07573266255,0.0001262720997,0.249688855,0.151116496,171.63181768500004
686,0.07585893465,0.0001262360331,0.250107995,0.150491575,171.88192568000005
687,0.07598517068,0.0001262002124,0.250187161,0.152149123,172.13211284100007
688,0.07611137089,0.0001261646282,0.250918503,0.151758316,172.38303134400007
689,0.07623753552,0.0001261292701,0.249393118,0.15103526,172.63242446200007
690,0.07636366479,0.0001260941296,0.249898048,0.150467289,172.88232251000008
691,0.07648975892,0.0001260592276,0.249181418,0.15103682200000002,173.1315039280001
692,0.07661581815,0.0001260225976,0.248986913,0.150352546,173.3804908410001
693,0.07674184075,0.0001259824684,0.249977555,0.151511952,173.63046839600008
694,0.07686782322,0.0001259422311,0.249358623,0.151081894,173.8798270190001
695,0.07699376545,0.0001259019123,0.250956748,0.152004354,174.13078376700008
696,0.07711966736,0.0001258615362,0.249634864,0.151492744,174.38041863100008
697,0.0772455289,0.000125821125,0.250704107,0.152501767,174.63112273800007
698,0.07737135002,0.0001257806973,0.248446179,0.15075335099999998,174.87956891700009
699,0.07749713072,0.0001257402686,0.250973421,0.151717235,175.13054233800008
700,0.07762287099,0.0001256998512,0.24862054,0.15022481399999998,175.37916287800007
701,0.07774857084,0.0001256594535,0.250296802,0.15173027,175.62945968000008
702,0.07787423029,0.0001256190863,0.250475547,0.151021455,175.8799352270001
703,0.07799984938,0.0001255787586,0.24918003,0.150995969,176.12911525700008
704,0.07812542814,0.0001255384807,0.248432192,0.150233322,176.37754744900008
705,0.07825096662,0.0001254982633,0.249047951,0.15062492700000002,176.62659540000007
706,0.07837646488,0.0001254581139,0.24922088,0.150382063,176.87581628000007
707,0.07850192299,0.0001254180435,0.250519594,0.151628053,177.12633587400006
708,0.07862734104,0.0001253781464,0.249977712,0.151333623,177.37631358600007
709,0.07875271918,0.0001253384288,0.249765978,0.151647621,177.62607956400007
710,0.07887805761,0.0001252988873,0.254431376,0.154700204,177.88051094000008
711,0.0790033565,0.0001252595002,0.256927533,0.15287320999999998,178.1374384730001
712,0.079128616,0.0001252202602,0.249638525,0.150954458,178.38707699800008
713,0.07925383626,0.0001251811737,0.250080205,0.151893801,178.63715720300007
714,0.07937901743,0.0001251422485,0.251404347,0.15266558600000002,178.88856155000008
715,0.07950415968,0.0001251034884,0.249124618,0.150351707,179.13768616800007
716,0.07962926317,0.0001250649006,0.24904162,0.15090742000000001,179.3867277880001
717,0.07975432807,0.0001228359641,0.250388868,0.152651245,179.63711665600007
718,0.07987716404,0.0001228359641,0.249581599,0.15045606900000003,179.88669825500008
719,0.08,0.0001249515471,0.250647776,0.151129101,180.13734603100008
720,0.08012495155,0.0001249136983,0.250453009,0.151044383,180.3877990400001
721,0.08024986525,0.0001248760298,0.250420715,0.15162352,180.63821975500008
722,0.08037474128,0.0001248385322,0.250003859,0.151434078,180.88822361400008
723,0.08049957981,0.0001248012257,0.255828208,0.151018448,181.14405182200008
724,0.08062438103,0.000124764111,0.249893254,0.150629903,181.39394507600008
725,0.08074914514,0.0001247271816,0.249005593,0.150375321,181.64295066900007
726,0.08087387233,0.0001246898513,0.249644114,0.150693876,181.89259478300008
727,0.08099856218,0.0001246476876,0.250673933,0.151920429,182.14326871600008
728,0.08112320986,0.0001246053861,0.250448548,0.15152491,182.3937172640001
729,0.08124781525,0.0001245629701,0.250704857,0.15134254200000002,182.64442212100008
730,0.08137237822,0.0001245204663,0.249854028,0.151137605,182.89427614900006
731,0.08149689869,0.0001244778951,0.249415376,0.15029251799999999,183.14369152500007
732,0.08162137658,0.0001244352693,0.251370333,0.151996707,183.39506185800008
733,0.08174581185,0.0001243926027,0.250177621,0.15183503799999998,183.64523947900008
734,0.08187020445,0.0001243499097,0.248638226,0.150329633,183.89387770500008
735,0.08199455436,0.0001243072008,0.249615653,0.150622533,184.1434933580001
736,0.08211886156,0.0001242644899,0.249582909,0.15172658500000002,184.39307626700008
737,0.08224312605,0.0001242217889,0.249403873,0.151411526,184.6424801400001
738,0.08236734784,0.0001241791169,0.253623503,0.15459831400000001,184.8961036430001
739,0.08249152696,0.0001241364884,0.251024323,0.151624856,185.14712796600008
740,0.08261566345,0.000124093911,0.250386037,0.15171806,185.39751400300008
741,0.08273975736,0.0001240513931,0.249425401,0.151377463,185.64693940400008
742,0.08286380875,0.0001240089393,0.250068511,0.15143216199999998,185.89700791500007
743,0.08298781769,0.0001239666129,0.249021972,0.15027759699999998,186.14602988700008
744,0.08311178431,0.0001239244129,0.26209342,0.163207629,186.4081233070001
745,0.08323570872,0.0001238823383,0.249021221,0.149876163,186.6571445280001
746,0.08335959106,0.000123840387,0.249977164,0.15125540799999998,186.9071216920001
747,0.08348343144,0.000123798558,0.24961673,0.151374656,187.1567384220001
748,0.08360723,0.0001237568529,0.25109786,0.152802425,187.4078362820001
749,0.08373098685,0.0001237152661,0.248894187,0.15078287299999998,187.65673046900008
750,0.08385470212,0.0001236737916,0.249759656,0.150760518,187.9064901250001
751,0.08397837591,0.0001236324243,0.249146397,0.150226375,188.1556365220001
752,0.08410200834,0.0001235911646,0.249836433,0.151367865,188.4054729550001
753,0.0842255995,0.0001235500362,0.256910664,0.158292704,188.6623836190001
754,0.08434914954,0.0001235090373,0.250172091,0.151140311,188.9125557100001
755,0.08447265857,0.0001234681646,0.248637359,0.150590796,189.16119306900012
756,0.08459612674,0.0001234274131,0.250650736,0.15171436500000002,189.41184380500013
757,0.08471955415,0.0001233867789,0.250154945,0.151114759,189.66199875000012
758,0.08484294093,0.0001233462588,0.250718211,0.15176500399999998,189.91271696100011
759,0.08496628719,0.0001233058291,0.248985685,0.15041061900000002,190.16170264600012
760,0.08508959302,0.0001232654577,0.25044253,0.151742356,190.4121451760001
761,0.08521285848,0.0001232251428,0.249733759,0.150812073,190.66187893500012
762,0.08533608362,0.0001231848834,0.269329021,0.151187983,190.93120795600012
763,0.0854592685,0.0001231446668,0.249147596,0.15132685,191.18035555200012
764,0.08558241317,0.0001231044883,0.250191438,0.152082973,191.43054699000012
765,0.08570551766,0.0001230643473,0.249170347,0.15116604,191.6797173370001
766,0.08582858201,0.0001230242429,0.250689472,0.15198709900000001,191.93040680900012
767,0.08595160625,0.0001229841931,0.251185313,0.151503009,192.18159212200013
768,0.08607459044,0.000122944217,0.24853632,0.150738348,192.43012844200013
769,0.08619753466,0.0001229043249,0.247469867,0.149999367,192.67759830900013
770,0.08632043898,0.0001228645301,0.247429732,0.149670936,192.92502804100013
771,0.08644330351,0.0001228248463,0.248658939,0.15048586,193.17368698000013
772,0.08656612836,0.0001227852836,0.251026486,0.152375441,193.42471346600013
773,0.08668891364,0.0001227458478,0.249660037,0.150904806,193.67437350300014
774,0.08681165949,0.0001227065454,0.251782797,0.152653936,193.92615630000014
775,0.08693436604,0.0001226673812,0.249980902,0.15101359,194.17613720200015
776,0.08705703342,0.000122627127,0.250691834,0.15196152000000002,194.42682903600016
777,0.08717966054,0.0001225849102,0.249692951,0.151127417,194.67652198700014
778,0.08730224545,0.0001225427256,0.252534423,0.15214296,194.92905641000013
779,0.08742478818,0.0001225005899,0.249929361,0.15104799200000002,195.17898577100013
780,0.08754728877,0.0001224585086,0.250635992,0.150156318,195.42962176300014
781,0.08766974728,0.0001224164851,0.258753064,0.159859736,195.68837482700013
782,0.08779216376,0.0001223744896,0.250323481,0.150581308,195.93869830800014
783,0.08791453825,0.0001223325273,0.249083702,0.150316039,196.18778201000015
784,0.08803687078,0.0001222906039,0.249141687,0.150533674,196.43692369700014
785,0.08815916138,0.0001222487491,0.249382085,0.151195503,196.68630578200015
786,0.08828141013,0.0001222069594,0.252964778,0.154202281,196.93927056000015
787,0.08840361709,0.0001221652167,0.249279999,0.15128391600000002,197.18855055900016
788,0.08852578231,0.0001221235054,0.250729964,0.151750844,197.43928052300015
789,0.08864790582,0.0001220818064,0.250113504,0.151690139,197.68939402700016
790,0.08876998762,0.0001220401103,0.249680361,0.150568521,197.93907438800017
791,0.08889202773,0.0001219984212,0.249692431,0.150610989,198.18876681900016
792,0.08901402615,0.0001219567568,0.251084551,0.15259430000000002,198.43985137000016
793,0.08913598291,0.0001219151169,0.248991788,0.150507406,198.68884315800017
794,0.08925789803,0.0001218735104,0.25035546,0.15251216,198.93919861800018
795,0.08937977154,0.0001218319496,0.24917302,0.150468078,199.18837163800018
796,0.08950160349,0.0001217904444,0.250239702,0.151620559,199.43861134000016
797,0.08962339393,0.0001217490021,0.249251231,0.150640472,199.68786257100015
798,0.08974514293,0.0001217076239,0.249277134,0.151321528,199.93713970500016
799,0.08986685056,6.657472115e-05,0.252870563,0.15472993499999999,200.19001026800015
800,0.08993342528,6.657472115e-05,0.250167518,0.151324871,200.44017778600016
801,0.09,7.323219327e-05,0.248901434,0.14990508800000002,200.68907922000017
802,0.09007323219,8.055541259e-05,0.249552042,0.150995486,200.93863126200017
803,0.09015378761,8.861095385e-05,0.255113758,0.15669808600000001,201.19374502000016
804,0.09024239856,9.747204924e-05,0.248779867,0.151068203,201.44252488700016
805,0.09033987061,0.0001072192542,0.254481097,0.156185507,201.69700598400016
806,0.09044708986,0.0001179411796,0.250378537,0.151506465,201.94738452100015
807,0.09056503104,0.0001214298611,0.251270579,0.15210136000000002,202.19865510000014
808,0.0906864609,0.0001213891655,0.251253257,0.15215508700000002,202.44990835700014
809,0.09080785007,0.0001213486041,0.249521312,0.151040889,202.69942966900015
810,0.09092919867,0.0001213081938,0.24998873,0.151312487,202.94941839900017
811,0.09105050687,0.0001212679405,0.25722035,0.158698751,203.20663874900018
812,0.09117177481,0.0001212278537,0.250152458,0.151559393,203.45679120700018
813,0.09129300266,0.0001211879425,0.250118952,0.150929922,203.7069101590002
814,0.0914141906,0.0001211482165,0.249806826,0.15184646000000002,203.95671698500018
815,0.09153533882,0.0001211086838,0.248924093,0.14992286100000002,204.20564107800018
816,0.0916564475,0.0001210693517,0.249397844,0.151159555,204.45503892200017
817,0.09177751686,0.0001210302298,0.272212286,0.150151974,204.72725120800018
818,0.09189854709,0.0001209913549,0.250509475,0.151700951,204.97776068300018
819,0.09201953844,0.0001209527302,0.24894542,0.15066206199999999,205.2267061030002
820,0.09214049117,0.0001209143548,0.250289412,0.15209246999999998,205.4769955150002
821,0.09226140553,0.0001208762258,0.257390401,0.15851383200000002,205.7343859160002
822,0.09238228175,0.0001208383422,0.251388586,0.15226763199999999,205.9857745020002
823,0.09250312009,0.0001208007057,0.250070718,0.151415567,206.2358452200002
824,0.0926239208,0.0001207633165,0.264683105,0.15278346399999998,206.50052832500018
825,0.09274468412,0.0001207261723,0.249892518,0.151382345,206.75042084300017
826,0.09286541029,0.000120689271,0.25013093,0.15117828,207.00055177300018
827,0.09298609956,0.0001206526094,0.248993765,0.150685868,207.24954553800018
828,0.09310675217,0.0001206161838,0.25033199,0.15086294,207.49987752800018
829,0.09322736835,0.0001205799884,0.24962485,0.15082578600000002,207.7495023780002
830,0.09334794834,0.000120544016,0.249370388,0.151068599,207.99887276600018
831,0.09346849236,0.000120508286,0.248988035,0.150923335,208.24786080100017
832,0.09358900064,0.0001204727949,0.249078587,0.15123921499999998,208.4969393880002
833,0.09370947344,0.0001204375371,0.250145425,0.15140536300000002,208.74708481300019
834,0.09382991097,0.0001204025052,0.25210945,0.152727065,208.9991942630002
835,0.09395031348,0.0001203676946,0.248796952,0.150242547,209.24799121500018
836,0.09407068117,0.0001203330989,0.249718956,0.151405782,209.4977101710002
837,0.09419101427,0.0001202987123,0.249535732,0.150927006,209.7472459030002
838,0.09431131299,0.0001202645321,0.250122612,0.151133114,209.9973685150002
839,0.09443157752,0.0001202305544,0.249320314,0.150622411,210.2466888290002
840,0.09455180807,0.0001201967743,0.249911686,0.15107063599999998,210.49660051500018
841,0.09467200485,0.0001201631953,0.249830784,0.151221692,210.7464312990002
842,0.09479216804,0.0001201298264,0.258355822,0.160529033,211.0047871210002
843,0.09491229787,0.0001200966651,0.250372407,0.151970229,211.25515952800018
844,0.09503239453,0.0001200637087,0.249654765,0.15115593,211.50481429300018
845,0.09515245824,0.0001200309687,0.251060208,0.15201098600000001,211.7558745010002
846,0.09527248921,0.0001199984495,0.264811053,0.165710484,212.02068555400018
847,0.09539248766,0.0001199661485,0.249277328,0.15054592,212.2699628820002
848,0.09551245381,0.0001199340622,0.250225109,0.152192259,212.5201879910002
849,0.09563238787,0.0001199021879,0.249353155,0.150737557,212.7695411460002
850,0.09575229006,0.0001198705233,0.25062949,0.151847259,213.0201706360002
851,0.09587216058,0.0001198390663,0.250359798,0.151520002,213.2705304340002
852,0.09599199965,0.000119807816,0.252584907,0.153793434,213.5231153410002
853,0.09611180746,0.0001197767725,0.248957413,0.151245824,213.7720727540002
854,0.09623158424,0.0001197459364,0.249116346,0.150422988,214.02118910000019
855,0.09635133017,0.0001197153073,0.250048624,0.15125365699999999,214.27123772400017
856,0.09647104548,0.0001196848854,0.248535435,0.150878071,214.51977315900018
857,0.09659073037,0.0001196546717,0.249354343,0.15085986099999998,214.76912750200017
858,0.09671038504,0.0001196246688,0.24916373,0.151168061,215.01829123200017
859,0.09683000971,0.0001195948795,0.260108934,0.16210216900000002,215.27840016600015
860,0.09694960459,0.0001195652866,0.25101759,0.151589193,215.52941775600016
861,0.09706916987,0.0001195358868,0.249600545,0.150864369,215.77901830100015
862,0.09718870576,0.000119506686,0.250720127,0.15121604,216.02973842800014
863,0.09730821245,0.0001194776885,0.250595008,0.15153396,216.28033343600015
864,0.09742769013,0.0001194489005,0.249740993,0.15073107000000002,216.53007442900014
865,0.09754713903,0.000119420328,0.250353168,0.151862811,216.78042759700014
866,0.09766655936,0.0001193919757,0.250398827,0.151195997,217.03082642400014
867,0.09778595134,0.0001193638512,0.24896208,0.150962123,217.27978850400015
868,0.09790531519,0.000119335954,0.250350857,0.151524932,217.53013936100015
869,0.09802465114,0.0001193082672,0.249562423,0.15067081799999998,217.77970178400014
870,0.09814395941,0.0001192807815,0.253838291,0.15425759900000002,218.03354007500013
871,0.09826324019,0.0001192534945,0.250331646,0.151884828,218.28387172100014
872,0.09838249369,0.000119226404,0.249714425,0.1512172,218.53358614600015
873,0.09850172009,0.0001191995108,0.250007319,0.151521758,218.78359346500014
874,0.0986209196,0.0001191728173,0.249381204,0.15058171599999998,219.03297466900014
875,0.09874009242,0.0001191463241,0.24923628,0.15124786299999998,219.28221094900013
876,0.09885923874,0.000119120032,0.249622049,0.150588326,219.53183299800014
877,0.09897835877,0.0001190939459,0.249123188,0.15077585500000001,219.78095618600014
878,0.09909745272,0.0001190680705,0.250643932,0.15202156500000003,220.03160011800014
879,0.09921652079,0.0001190424112,0.249023214,0.150446389,220.28062333200015
880,0.0993355632,0.0001190169732,0.250451775,0.151514949,220.53107510700013
881,0.09945458018,0.0001189917615,0.252785265,0.153882657,220.78386037200013
882,0.09957357194,0.0001189667826,0.250468561,0.151696091,221.03432893300013
883,0.09969253872,0.0001189419837,0.249290346,0.151210354,221.28361927900013
884,0.0998114807,9.425964832e-05,0.249402375,0.150916386,221.53302165400012
885,0.09990574035,9.425964832e-05,0.248443939,0.15055991,221.78146559300012
886,0.1,0.0001036856132,0.251008556,0.151347501,222.0324741490001
887,0.1001036856,0.0001140541745,0.250286156,0.15173869899999998,222.2827603050001
888,0.1002177398,0.0001188082048,0.250145104,0.15119460899999998,222.5329054090001
889,0.100336548,0.0001187785881,0.258464082,0.159216889,222.7913694910001
890,0.1004553266,0.0001187491267,0.250725289,0.15137712,223.0420947800001
891,0.1005740757,0.0001187198423,0.248467518,0.15011688,223.2905622980001
892,0.1006927955,0.0001186907246,0.249217469,0.15101167999999998,223.5397797670001
893,0.1008114863,0.0001186617658,0.249421584,0.151042033,223.78920135100012
894,0.100930148,0.00011863296,0.24999391,0.15141537,224.03919526100012
895,0.101048781,0.0001186043025,0.248887599,0.15077485200000001,224.28808286000012
896,0.1011673853,0.0001185757894,0.24999305,0.150573581,224.53807591000012
897,0.1012859611,0.0001185474196,0.249569226,0.150419819,224.78764513600012
898,0.1014045085,0.0001185191894,0.250156225,0.151885731,225.03780136100013
899,0.1015230277,0.0001184910958,0.248972311,0.150409978,225.28677367200012
900,0.1016415188,0.0001184631373,0.25138976,0.15210803099999998,225.53816343200012
901,0.1017599819,0.0001184353136,0.249161967,0.15023351899999998,225.7873253990001
902,0.1018784172,0.0001184076241,0.250572994,0.15210026100000001,226.03789839300012
903,0.1019968249,0.0001183800682,0.249951181,0.15121089100000001,226.28784957400012
904,0.1021152049,0.0001183526457,0.249943472,0.151777199,226.53779304600013
905,0.1022335576,0.0001183253589,0.250701841,0.152327948,226.78849488700013
906,0.1023518829,0.0001182982075,0.249408413,0.151249939,227.03790330000012
907,0.1024701812,0.0001182711928,0.249270767,0.150988986,227.28717406700014
908,0.1025884523,0.0001182443126,0.249665785,0.15132809200000003,227.53683985200013
909,0.1027066967,0.000118217564,0.248288021,0.149808485,227.78512787300014
910,0.1028249142,0.0001181909468,0.250467812,0.151463659,228.03559568500015
911,0.1029431052,0.0001181644611,0.249570404,0.151450685,228.28516608900014
912,0.1030612696,0.0001181381073,0.249204443,0.150864126,228.53437053200014
913,0.1031794077,0.0001181118866,0.24919537,0.15025112499999999,228.78356590200013
914,0.1032975196,0.0001180858029,0.250222773,0.152318674,229.03378867500012
915,0.1034156054,0.0001180598557,0.24932135,0.150093305,229.28311002500013
916,0.1035336653,0.0001180340476,0.248952262,0.150871316,229.53206228700012
917,0.1036516993,0.0001180083773,0.248889475,0.15069229,229.78095176200011
918,0.1037697077,0.0001179828399,0.250673923,0.15216015300000002,230.0316256850001
919,0.1038876905,0.000117957434,0.250640289,0.151650926,230.2822659740001
920,0.104005648,0.0001179321611,0.250092568,0.151072359,230.5323585420001
921,0.1041235801,0.0001179070223,0.252769713,0.154446669,230.7851282550001
922,0.1042414872,0.0001178820195,0.2650408,0.150654952,231.0501690550001
923,0.1043593692,0.000117857155,0.249236053,0.150205801,231.29940510800012
924,0.1044772263,0.0001178324315,0.249966412,0.15214460800000001,231.5493715200001
925,0.1045950588,0.0001178078501,0.249783628,0.151390092,231.7991551480001
926,0.1047128666,0.0001177834152,0.249376879,0.150989616,232.0485320270001
927,0.10483065,0.0001177591344,0.248389282,0.150014607,232.2969213090001
928,0.1049484092,0.0001177350062,0.24887649,0.15060885899999998,232.5457977990001
929,0.1050661442,0.0001177110278,0.249585832,0.151374488,232.7953836310001
930,0.1051838552,0.0001176872047,0.249961691,0.151020303,233.04534532200012
931,0.1053015424,0.0001176635455,0.249878512,0.151001776,233.29522383400013
932,0.105419206,0.0001176400555,0.250017934,0.15138950899999998,233.54524176800012
933,0.105536846,0.0001176167332,0.249554471,0.150529507,233.79479623900014
934,0.1056544627,0.0001175935815,0.249329425,0.151328675,234.04412566400015
935,0.1057720563,0.0001175706048,0.250849946,0.15250699099999998,234.29497561000014
936,0.1058896269,0.0001175478084,0.249348606,0.151171608,234.54432421600015
937,0.1060071747,0.000117525196,0.249547879,0.151176517,234.79387209500015
938,0.1061246999,0.0001175027689,0.249888742,0.150617902,235.04376083700015
939,0.1062422027,0.0001174805301,0.250896688,0.152695673,235.29465752500016
940,0.1063596832,0.000117458509,0.259250094,0.160208391,235.55390761900017
941,0.1064771417,0.0001174367168,0.249709099,0.15150866699999999,235.80361671800017
942,0.1065945785,0.0001174151589,0.248605328,0.14992088,236.05222204600017
943,0.1067119936,0.0001173938374,0.250566652,0.152027713,236.30278869800017
944,0.1068293875,0.0001173727503,0.250062667,0.15120526499999998,236.55285136500018
945,0.1069467602,0.0001173518923,0.24976329,0.151396546,236.80261465500018
946,0.1070641121,0.0001173312585,0.250612354,0.15159557899999998,237.05322700900018
947,0.1071814434,0.0001173108397,0.257360068,0.158630799,237.31058707700018
948,0.1072987542,0.0001172906313,0.251183886,0.151934931,237.56177096300019
949,0.1074160448,0.000117270628,0.248989612,0.150219288,237.8107605750002
950,0.1075333155,0.000117250829,0.251105636,0.152182538,238.0618662110002
951,0.1076505663,0.000117231235,0.249466449,0.15077342700000002,238.3113326600002
952,0.1077677975,0.0001172119357,0.249017249,0.15072894399999998,238.5603499090002
953,0.1078850095,0.0001171930182,0.248983562,0.150315536,238.8093334710002
954,0.1080022025,0.0001171744506,0.252343311,0.153693471,239.0616767820002
955,0.1081193769,0.0001171562066,0.249926973,0.151376477,239.3116037550002
956,0.1082365331,0.0001171382626,0.249616956,0.150893709,239.5612207110002
957,0.1083536714,0.0001171206001,0.24913155,0.150683925,239.8103522610002
958,0.108470792,0.0001171032006,0.248415526,0.14989081599999998,240.0587677870002
959,0.1085878952,0.0001170860504,0.252201144,0.152854603,240.3109689310002
960,0.1087049812,0.0001170691252,0.250535797,0.151294622,240.5615047280002
961,0.1088220504,0.0001170523541,0.250338683,0.15154861,240.81184341100018
962,0.1089391027,0.0001170356915,0.250341805,0.151689758,241.0621852160002
963,0.1090561384,0.0001170191063,0.249809036,0.151802472,241.31199425200018
964,0.1091731575,0.0001170025782,0.249168615,0.151233183,241.56116286700018
965,0.1092901601,0.0001169860873,0.249233074,0.150960427,241.81039594100017
966,0.1094071462,0.0001169696349,0.250289926,0.150981854,242.06068586700016
967,0.1095241158,0.0001169532279,0.250234717,0.151515984,242.31092058400017
968,0.109641069,0.0001169368782,0.252212475,0.153097394,242.56313305900017
969,0.1097580059,0.000116920597,0.248885721,0.150698386,242.81201878000016
970,0.1098749265,6.25367382e-05,0.250321661,0.151303291,243.06234044100015
971,0.1099374633,6.25367382e-05,0.248666118,0.150641494,243.31100655900013
972,0.11,6.879041202e-05,0.248799484,0.150158464,243.55980604300012
973,0.1100687904,7.566945322e-05,0.249291679,0.150320404,243.80909772200013
974,0.1101444599,8.323639855e-05,0.249388901,0.15098337699999997,244.05848662300014
975,0.1102276963,9.15600384e-05,0.249622297,0.151623069,244.30810892000014
976,0.1103192563,0.0001007160422,0.251545327,0.15336587699999998,244.55965424700014
977,0.1104199723,0.0001107876465,0.248579324,0.149752921,244.80823357100013
978,0.11053076,0.0001167331164,0.249877582,0.150990386,245.05811115300014
979,0.1106474931,0.0001167059676,0.250086286,0.150511382,245.30819743900014
980,0.1107641991,0.0001166791926,0.263059421,0.151478279,245.57125686000015
981,0.1108808783,0.0001166527948,0.249297275,0.15075521400000003,245.82055413500015
982,0.1109975311,0.0001166267417,0.249817698,0.15104963300000002,246.07037183300014
983,0.1111141578,0.0001166010081,0.250447133,0.151818388,246.32081896600013
984,0.1112307588,0.0001165755731,0.25018851,0.15141279000000002,246.57100747600012
985,0.1113473344,0.0001165504216,0.251264519,0.151777798,246.8222719950001
986,0.1114638848,0.0001165255384,0.249834372,0.150631661,247.07210636700012
987,0.1115804103,0.0001165009078,0.250323174,0.151702507,247.3224295410001
988,0.1116969113,0.0001164765164,0.248925387,0.150709274,247.57135492800012
989,0.1118133878,0.000116452352,0.251086273,0.15154626599999999,247.82244120100012
990,0.1119298401,0.0001164284052,0.25033846,0.151041077,248.0727796610001
991,0.1120462685,0.0001164046672,0.256036008,0.157508574,248.3288156690001
992,0.1121626732,0.0001163811291,0.255792936,0.157623964,248.5846086050001
993,0.1122790543,0.000116357784,0.248722519,0.150360909,248.83333112400013
994,0.1123954121,0.0001163346268,0.249401807,0.15102110200000002,249.08273293100012
995,0.1125117467,0.0001163116541,0.250364298,0.151056195,249.33309722900012
996,0.1126280584,0.0001162888624,0.258692406,0.159844967,249.5917896350001
997,0.1127443473,0.0001162662463,0.249527394,0.150967105,249.84131702900012
998,0.1128606135,0.0001162438035,0.249370354,0.15080986899999999,250.09068738300013
999,0.1129768573,0.0001162215322,0.250915898,0.151402625,250.34160328100012
1000,0.1130930788,0.0001161994317,0.250877131,0.151316911,250.59248041200013
1001,0.1132092783,0.0001161775014,0.250389321,0.15127241,250.84286973300013
1002,0.1133254558,0.000116155741,0.250229269,0.151216626,251.09309900200012
1003,0.1134416115,0.0001161341495,0.25046497,0.150910766,251.3435639720001
1004,0.1135577457,0.0001161127276,0.251121308,0.151886462,251.5946852800001
1005,0.1136738584,0.0001160914757,0.253713531,0.153723307,251.8483988110001
1006,0.1137899499,0.0001160703932,0.253957934,0.15374410700000002,252.1023567450001
1007,0.1139060203,0.0001160494805,0.251958592,0.153048558,252.3543153370001
1008,0.1140220697,0.0001160287436,0.247128345,0.149630442,252.60144368200008
1009,0.1141380985,0.0001160082099,0.248439117,0.149902858,252.84988279900008
1010,0.1142541067,0.0001159878775,0.249247833,0.150176104,253.09913063200008
1011,0.1143700946,0.0001159677391,0.249093397,0.151030996,253.34822402900008
1012,0.1144860623,0.0001159477955,0.248662265,0.15019256,253.5968862940001
1013,0.1146020101,0.0001159280476,0.250335881,0.15151213600000002,253.8472221750001
1014,0.1147179381,0.0001159084958,0.249791291,0.151047821,254.0970134660001
1015,0.1148338466,0.0001158891407,0.266299657,0.150846541,254.3633131230001
1016,0.1149497358,0.0001158699835,0.249089436,0.150852019,254.6124025590001
1017,0.1150656058,0.0001158510219,0.251741355,0.151380817,254.8641439140001
1018,0.1151814568,0.0001158322514,0.249664636,0.149851885,255.1138085500001
1019,0.115297289,0.0001158136676,0.249866328,0.15078516,255.3636748780001
1020,0.1154131027,0.0001157952759,0.250498642,0.151053518,255.6141735200001
1021,0.115528898,0.0001157770793,0.250326663,0.151079442,255.8645001830001
1022,0.1156446751,0.0001157590711,0.249174007,0.150759576,256.1136741900001
1023,0.1157604341,0.0001157412521,0.249367564,0.151039474,256.3630417540001
1024,0.1158761754,0.0001157236593,0.250115817,0.15134952000000002,256.6131575710001
1025,0.115991899,0.00011570631,0.263560315,0.164354407,256.8767178860001
1026,0.1161076054,0.0001156892131,0.250840456,0.152567126,257.1275583420001
1027,0.1162232946,0.0001156723757,0.249605125,0.150673995,257.3771634670001
1028,0.1163389669,0.0001156558,0.250269092,0.151233432,257.6274325590001
1029,0.1164546227,0.0001156394812,0.24966989,0.151202291,257.8771024490001
1030,0.1165702622,0.0001156234128,0.250670962,0.151766714,258.12777341100013
1031,0.1166858856,0.0001156075861,0.248612557,0.150364402,258.37638596800014
1032,0.1168014932,0.0001155919921,0.249547009,0.15138843899999999,258.62593297700016
1033,0.1169170852,0.0001155766304,0.263557076,0.165005289,258.88949005300015
1034,0.1170326618,0.0001155615003,0.248949666,0.150219977,259.13843971900013
1035,0.1171482233,0.000115546599,0.248018895,0.15000939600000002,259.3864586140001
1036,0.1172637699,0.0001155319232,0.248942736,0.15013752600000002,259.6354013500001
1037,0.1173793019,0.000115517469,0.248916875,0.150691509,259.88431822500013
1038,0.1174948193,0.0001155032311,0.248897025,0.15068300499999998,260.13321525000015
1039,0.1176103226,0.0001154892078,0.263841039,0.165060767,260.39705628900015
1040,0.1177258118,0.0001154753903,0.249372305,0.150706536,260.64642859400016
1041,0.1178412872,0.0001154617633,0.250018396,0.150840154,260.89644699000013
1042,0.1179567489,0.000115448448,0.249004614,0.150749507,261.14545160400013
1043,0.1180721974,0.0001154355119,0.249579261,0.150888499,261.39503086500014
1044,0.1181876329,0.0001154229235,0.25036447,0.152031814,261.64539533500016
1045,0.1183030558,0.000115410659,0.249596048,0.150532274,261.89499138300016
1046,0.1184184665,0.000115398693,0.250402852,0.151257686,262.14539423500014
1047,0.1185338652,0.0001153870041,0.251529601,0.153064698,262.39692383600016
1048,0.1186492522,0.0001153755723,0.278019233,0.178729524,262.67494306900016
1049,0.1187646277,0.0001153643805,0.248706548,0.150509109,262.92364961700014
1050,0.1188799921,0.0001153534139,0.248711812,0.149842562,263.17236142900015
1051,0.1189953455,0.0001153426618,0.249347435,0.150266077,263.42170886400015
1052,0.1191106882,0.0001153321162,0.248968551,0.150633837,263.67067741500017
1053,0.1192260203,0.000115321773,0.24813461,0.15014695900000002,263.9188120250002
1054,0.1193413421,0.0001153116239,0.249727653,0.15119225,264.1685396780002
1055,0.1194566537,0.0001153016849,0.250171079,0.150835811,264.41871075700016
1056,0.1195719554,0.0001152919018,0.252118386,0.15348215199999998,264.67082914300016
1057,0.1196872473,0.0001152822244,0.248806201,0.15044732,264.91963534400014
1058,0.1198025295,9.873523875e-05,0.248807273,0.15019285799999998,265.16844261700015
1059,0.1199012648,9.873523875e-05,0.249915031,0.15137478999999998,265.41835764800015
1060,0.12,0.0001086087626,0.249481974,0.15101226,265.66783962200014
1061,0.1201086088,0.000115247411,0.249487824,0.150702305,265.9173274460002
1062,0.1202238562,0.0001152380955,0.249777822,0.151003449,266.16710526800017
1063,0.1203390943,0.0001152287302,0.255890863,0.157678949,266.42299613100016
1064,0.120454323,0.0001152194336,0.248341009,0.15014601,266.67133714000016
1065,0.1205695424,0.0001152102112,0.248386551,0.150621306,266.9197236910002
1066,0.1206847526,0.0001152010682,0.248446056,0.150170263,267.16816974700015
1067,0.1207999537,0.0001151920138,0.253801433,0.155857726,267.4219711800001
1068,0.1209151457,0.000115183059,0.248479824,0.149919885,267.67045100400014
1069,0.1210303288,0.0001151742151,0.248643339,0.149736378,267.91909434300015
1070,0.121145503,0.0001151654939,0.249109438,0.150741866,268.16820378100016
1071,0.1212606685,0.000115156907,0.249199305,0.150790908,268.41740308600015
1072,0.1213758254,0.0001151429963,0.248506383,0.14998399699999998,268.66590946900016
1073,0.1214909684,0.0001151211937,0.261496731,0.150191858,268.9274062000002
1074,0.1216060896,0.0001150999736,0.267955616,0.15112697600000002,269.1953618160002
1075,0.1217211896,0.0001150792727,0.248872077,0.150404025,269.44423389300016
1076,0.1218362688,0.0001150590295,0.249544798,0.151128913,269.69377869100015
1077,0.1219513279,0.0001150391859,0.250069574,0.151083066,269.94384826500016
1078,0.1220663671,0.0001150196991,0.251484426,0.152515438,270.19533269100015
1079,0.1221813868,0.00011500054,0.248771121,0.150017044,270.44410381200015
1080,0.1222963873,0.0001149816799,0.249790144,0.15115573100000002,270.6938939560001
1081,0.122411369,0.0001149630968,0.248553288,0.150176474,270.9424472440001
1082,0.1225263321,0.00011494477,0.248761208,0.150216807,271.1912084520001
1083,0.1226412768,0.0001149266792,0.249322103,0.150324397,271.4405305550001
1084,0.1227562035,0.0001149088077,0.249876695,0.150995827,271.69040725000013
1085,0.1228711123,0.0001148911412,0.249650958,0.150886699,271.94005820800015
1086,0.1229860035,0.0001148736674,0.251587173,0.152302356,272.19164538100017
1087,0.1231008771,0.0001148563765,0.250712975,0.151442417,272.44235835600017
1088,0.1232157335,0.0001148392596,0.248615157,0.150549493,272.6909735130002
1089,0.1233305728,0.0001148223092,0.249398623,0.15021436999999999,272.9403721360002
1090,0.1234453951,0.0001148055191,0.249663016,0.150494536,273.1900351520002
1091,0.1235602006,0.0001147888797,0.249331327,0.151623316,273.43936647900017
1092,0.1236749895,0.000114772387,0.248833354,0.150050678,273.68819983300017
1093,0.1237897619,0.0001147560383,0.249379075,0.15087250600000002,273.93757890800015
1094,0.1239045179,0.0001147398308,0.248409139,0.150011224,274.18598804700014
1095,0.1240192577,0.0001147237623,0.249156171,0.151137989,274.4351442180001
1096,0.1241339815,0.000114707831,0.248070782,0.15008979700000002,274.68321500000013
1097,0.1242486893,0.0001146920327,0.249856911,0.151078369,274.9330719110001
1098,0.1243633814,0.0001146763632,0.249767564,0.151401354,275.18283947500015
1099,0.1244780577,0.0001146608198,0.249497876,0.151043505,275.43233735100017
1100,0.1245927185,0.0001146453971,0.249503954,0.15049536,275.68184130500015
1101,0.1247073639,0.0001146300893,0.250652327,0.151296837,275.93249363200016
1102,0.124821994,0.0001146148975,0.249661973,0.15106759,276.18215560500016
1103,0.1249366089,0.0001145998241,0.249714708,0.15105070799999998,276.43187031300016
1104,0.1250512088,0.0001145848723,0.248742433,0.15044989800000003,276.6806127460002
1105,0.1251657936,0.000114570048,0.250104037,0.151387832,276.9307167830002
1106,0.1252803637,0.0001145553537,0.25558979,0.157126758,277.1863065730002
1107,0.125394919,0.0001145407882,0.250322934,0.151638473,277.4366295070002
1108,0.1255094598,0.0001145263528,0.248947225,0.150139083,277.6855767320002
1109,0.1256239862,0.0001145120504,0.250434596,0.15114433700000002,277.9360113280002
1110,0.1257384982,0.0001144978847,0.248745319,0.15021800800000001,278.1847566470002
1111,0.1258529961,0.0001144838586,0.249168288,0.150608643,278.4339249350002
1112,0.12596748,0.0001144699731,0.249396992,0.15092130599999998,278.68332192700024
1113,0.1260819499,0.0001144562307,0.24825802,0.14993815500000002,278.9315799470002
1114,0.1261964062,0.0001144426357,0.25001259,0.151146961,279.1815925370002
1115,0.1263108488,0.00011442919,0.249217013,0.1509795,279.4308095500002
1116,0.126425278,0.000114415898,0.250265454,0.151704967,279.6810750040002
1117,0.1265396939,0.0001144027616,0.249975762,0.151136697,279.9310507660002
1118,0.1266540966,0.0001143897815,0.252861693,0.15394088,280.1839124590002
1119,0.1267684864,0.0001143769601,0.24858649,0.150220717,280.4324989490002
1120,0.1268828634,0.0001143642967,0.249225393,0.150669298,280.6817243420002
1121,0.1269972277,0.000114351795,0.249216279,0.150433181,280.9309406210002
1122,0.1271115795,0.000114339458,0.249475108,0.15103857399999998,281.18041572900023
1123,0.1272259189,0.0001143272877,0.249781697,0.151533992,281.43019742600023
1124,0.1273402462,0.0001143153139,0.250159962,0.15161617,281.68035738800023
1125,0.1274545615,0.0001143035472,0.25014188,0.150854501,281.93049926800023
1126,0.1275688651,0.0001142919821,0.24896465,0.150406268,282.17946391800024
1127,0.1276831571,0.0001142806137,0.251672324,0.153541697,282.43113624200026
1128,0.1277974377,0.0001142694369,0.249935339,0.15103618000000002,282.68107158100025
1129,0.1279117071,0.0001142584471,0.249371799,0.15050924799999998,282.93044338000027
1130,0.1280259656,0.0001142476395,0.250664019,0.151676023,283.18110739900027
1131,0.1281402132,0.0001142370144,0.248641504,0.150038255,283.42974890300025
1132,0.1282544502,0.0001142265724,0.250254349,0.151786468,283.68000325200023
1133,0.1283686768,0.0001142163146,0.249717114,0.150698984,283.92972036600025
1134,0.1284828931,0.0001142062394,0.249266267,0.15053144400000001,284.17898663300025
1135,0.1285970993,0.0001141963486,0.249236391,0.15061516,284.42822302400026
1136,0.1287112957,0.0001141866443,0.249515548,0.150736516,284.67773857200024
1137,0.1288254823,0.0001141771259,0.249657183,0.150383124,284.92739575500025
1138,0.1289396595,0.0001141678126,0.249179707,0.151053598,285.17657546200024
1139,0.1290538273,0.000114158731,0.26069411,0.161882579,285.4372695720002
1140,0.129167986,0.0001141498978,0.250400554,0.151101756,285.6876701260002
1141,0.1292821359,0.0001141413206,0.250773135,0.151552828,285.9384432610002
1142,0.1293962772,0.0001141329963,0.25021196,0.150878774,286.1886552210002
1143,0.1295104102,0.000114124922,0.248549774,0.150701417,286.43720499500023
1144,0.1296245351,0.0001141170909,0.263608387,0.16520235300000002,286.7008133820002
1145,0.1297386522,0.000114109496,0.248365217,0.150204832,286.9491785990002
1146,0.1298527617,7.361913221e-05,0.248888314,0.15068415899999998,287.1980669130002
1147,0.1299263809,7.361913221e-05,0.248957959,0.150595588,287.4470248720002
1148,0.13,8.098104544e-05,0.249274719,0.150762765,287.69629959100024
1149,0.130080981,8.907914998e-05,0.247896113,0.14983952,287.94419570400026
1150,0.1301700602,9.798706498e-05,0.248601127,0.15041059299999998,288.19279683100024
1151,0.1302680473,0.0001077857715,0.249520126,0.15055115200000002,288.44231695700023
1152,0.130375833,0.0001140712283,0.2487571,0.150753562,288.6910740570002
1153,0.1304899043,0.000114065258,0.248666732,0.150802614,288.9397407890002
1154,0.1306039695,0.0001140593773,0.247851496,0.150137216,289.1875922850002
1155,0.1307180289,0.0001140537001,0.248842186,0.150136982,289.4364344710002
1156,0.1308320826,0.0001140482192,0.251317212,0.15217973,289.6877516830002
1157,0.1309461308,0.0001140429319,0.250100745,0.151215384,289.9378524280002
1158,0.1310601737,0.0001140378437,0.249758473,0.15136380900000002,290.1876109010002
1159,0.1311742116,0.0001140329412,0.249463147,0.150622881,290.43707404800017
1160,0.1312882445,0.0001140282096,0.250246503,0.15190800999999998,290.6873205510002
1161,0.1314022727,0.0001140236348,0.256004497,0.157666443,290.9433250480002
1162,0.1315162964,0.000114019204,0.249968157,0.15120835700000002,291.1932932050002
1163,0.1316303156,0.0001140150959,0.250236149,0.15162652199999999,291.4435293540002
1164,0.1317443307,0.0001140113498,0.251572798,0.152988283,291.6951021520002
1165,0.131858342,0.0001140079317,0.253669983,0.154960285,291.9487721350002
1166,0.13197235,0.0001140048186,0.248955044,0.15041386299999998,292.1977271790002
1167,0.1320863548,0.0001140019934,0.248634273,0.14994401200000002,292.4463614520002
1168,0.1322003568,0.0001139994363,0.248644477,0.150454152,292.6950059290002
1169,0.1323143562,0.0001139971313,0.248843311,0.150075352,292.9438492400002
1170,0.1324283533,0.000113995065,0.248884134,0.15055229,293.19273337400017
1171,0.1325423484,0.0001139932284,0.249717629,0.15089027700000002,293.44245100300014
1172,0.1326563416,0.0001139916264,0.249944273,0.151524891,293.6923952760001
1173,0.1327703333,0.0001139902511,0.249792542,0.150803945,293.94218781800015
1174,0.1328843235,0.0001139890936,0.247703988,0.14950778199999998,294.18989180600016
1175,0.1329983126,0.0001139881454,0.248757425,0.14995729400000002,294.43864923100017
1176,0.1331123007,0.0001139873836,0.248919143,0.150399613,294.6875683740002
1177,0.1332262881,0.0001139867248,0.248362558,0.149738718,294.9359309320002
1178,0.1333402749,0.0001139861158,0.247975914,0.149348883,295.1839068460002
1179,0.133454261,0.0001139855258,0.248470602,0.150370147,295.4323774480002
1180,0.1335682465,0.0001139849372,0.248774715,0.14999438199999998,295.6811521630002
1181,0.1336822314,0.0001139843426,0.249837027,0.15113533499999998,295.9309891900002
1182,0.1337962158,0.0001139837386,0.248638003,0.14978543,296.1796271930002
1183,0.1339101995,0.0001139831265,0.247989492,0.14964435199999998,296.4276166850002
1184,0.1340241826,0.0001139825119,0.248858347,0.150830037,296.6764750320002
1185,0.1341381652,0.0001139819027,0.25018018,0.151426405,296.9266552120002
1186,0.1342521471,0.0001139813119,0.260392837,0.152439858,297.18704804900017
1187,0.1343661284,0.0001139807497,0.248958487,0.151134407,297.43600653600015
1188,0.1344801091,0.0001139802267,0.256227185,0.157725428,297.69223372100015
1189,0.1345940893,0.0001139797527,0.249351413,0.150346499,297.94158513400015
1190,0.1347080691,0.0001139793387,0.247870429,0.149686571,298.18945556300014
1191,0.1348220484,0.0001139789963,0.249026452,0.150799773,298.43848201500015
1192,0.1349360274,0.0001139787361,0.248322578,0.150526522,298.68680459300015
1193,0.1350500062,0.0001139663208,0.249380995,0.15116790600000002,298.93618558800017
1194,0.1351639725,0.0001139496345,0.247898918,0.149813996,299.18408450600015
1195,0.1352779221,0.00011393358,0.248534265,0.149760389,299.43261877100014
1196,0.1353918557,0.0001139180864,0.248852798,0.15006302100000002,299.6814715690001
1197,0.1355057738,0.0001139030947,0.249000668,0.150358068,299.9304722370001
1198,0.1356196769,0.0001138885522,0.248368637,0.150515982,300.1788408740001
1199,0.1357335654,0.0001138744066,0.248879096,0.15042441499999998,300.4277199700001
1200,0.1358474398,0.000113860612,0.24950977,0.151277044,300.6772297400001
1201,0.1359613005,0.0001138471299,0.24918441,0.15053444900000001,300.9264141500001
1202,0.1360751476,0.0001138339257,0.250577337,0.152136189,301.17699148700007
1203,0.1361889815,0.0001138209754,0.248039927,0.1498514,301.42503141400005
1204,0.1363028025,0.0001138082579,0.248011682,0.149362231,301.6730430960001
1205,0.1364166107,0.0001137957551,0.248746898,0.15017271100000001,301.92178999400005
1206,0.1365304065,0.0001137834518,0.249134289,0.150831025,302.17092428300003
1207,0.13664419,0.0001137713343,0.248962307,0.15052643599999999,302.41988659000003
1208,0.1367579613,0.0001137593914,0.248662869,0.150340255,302.668549459
1209,0.1368717207,0.0001137476136,0.249673189,0.15172565,302.91822264800004
1210,0.1369854683,0.0001137359915,0.248540669,0.150129265,303.16676331700006
1211,0.1370992043,0.0001137245191,0.248400293,0.15036312899999998,303.41516361000004
1212,0.1372129288,0.0001137131914,0.249550306,0.150501622,303.66471391600004
1213,0.137326642,0.0001137020038,0.248692289,0.150648687,303.91340620500006
1214,0.137440344,0.0001136909507,0.257114836,0.158311884,304.1705210410001
1215,0.1375540349,0.0001136800271,0.249523302,0.15071074,304.4200443430001
1216,0.137667715,0.0001136692287,0.248441399,0.150700679,304.6684857420001
1217,0.1377813842,0.0001136585528,0.248605034,0.1507701,304.91709077600007
1218,0.1378950428,0.0001136479979,0.248834918,0.15075854500000002,305.16592569400007
1219,0.1380086908,0.000113637563,0.249617032,0.151919713,305.41554272600007
1220,0.1381223283,0.0001136272482,0.249534401,0.150571782,305.6650771270001
1221,0.1382359556,0.0001136170509,0.250061585,0.151681501,305.9151387120001
1222,0.1383495726,0.0001136069687,0.249116745,0.150721218,306.1642554570001
1223,0.1384631796,0.0001135969987,0.248916496,0.150737428,306.4131719530001
1224,0.1385767766,0.0001135871387,0.250315989,0.151692029,306.6634879420001
1225,0.1386903637,0.0001135773854,0.248985669,0.15076707,306.91247361100005
1226,0.1388039411,0.0001135677342,0.249202741,0.15090957900000002,307.16167635200003
1227,0.1389175088,0.0001135581868,0.248985592,0.150268133,307.410661944
1228,0.139031067,0.0001135487459,0.249153495,0.150470552,307.659815439
1229,0.1391446158,0.0001135394141,0.249773613,0.15162793800000002,307.909589052
1230,0.1392581552,0.0001135301949,0.250009831,0.15061920699999998,308.159598883
1231,0.1393716854,0.0001135210907,0.249056442,0.150011455,308.408655325
1232,0.1394852065,0.0001135121033,0.248937381,0.15042766600000002,308.657592706
1233,0.1395987186,0.0001135032345,0.249413197,0.150860922,308.907005903
1234,0.1397122218,0.0001134944852,0.2486361,0.150263707,309.155642003
1235,0.1398257163,8.714185135e-05,0.24951881,0.151112998,309.405160813
1236,0.1399128581,8.714185135e-05,0.248816822,0.150408401,309.653977635
1237,0.14,9.585603649e-05,0.249039022,0.15074496399999998,309.90301665699997
1238,0.140095856,0.0001054416401,0.251068429,0.152254104,310.15408508599995
1239,0.1402012977,0.0001134578901,0.252431463,0.153597447,310.40651654899995
1240,0.1403147556,0.000113449919,0.248469632,0.149469256,310.65498618099997
1241,0.1404282055,0.0001134419335,0.247889338,0.149110378,310.90287551899996
1242,0.1405416474,0.000113434074,0.248889974,0.15028112999999999,311.15176549299997
1243,0.1406550815,0.0001134263376,0.249369243,0.151608404,311.40113473599996
1244,0.1407685078,0.0001134187276,0.249685823,0.150516726,311.65082055899995
1245,0.1408819266,0.0001134112443,0.248724858,0.14968957,311.89954541699996
1246,0.1409953378,0.0001134038884,0.24940631,0.15035805000000002,312.14895172699994
1247,0.1411087417,0.000113396663,0.248918096,0.151123851,312.39786982299995
1248,0.1412221384,0.0001133895706,0.254192816,0.15597918,312.65206263899995
1249,0.1413355279,0.0001133826135,0.247685362,0.14979656000000002,312.899748001
1250,0.1414489105,0.0001133757944,0.263166344,0.150413457,313.162914345
1251,0.1415622863,0.0001133691228,0.27089192,0.150404296,313.433806265
1252,0.1416756555,0.0001133626323,0.249377081,0.15025370799999999,313.68318334599996
1253,0.1417890181,0.0001133563184,0.247815877,0.150076395,313.93099922299996
1254,0.1419023744,0.0001133501736,0.248913445,0.150544819,314.179912668
1255,0.1420157246,0.000113344191,0.249209737,0.15041511600000002,314.429122405
1256,0.1421290688,0.000113338364,0.251732694,0.151331485,314.680855099
1257,0.1422424071,0.0001133326873,0.252617557,0.151667999,314.933472656
1258,0.1423557398,0.0001133271559,0.251707441,0.152197925,315.185180097
1259,0.142469067,0.0001133217629,0.251968147,0.151899209,315.437148244
1260,0.1425823887,0.0001133165036,0.250719223,0.15049579,315.687867467
1261,0.1426957052,0.0001133113758,0.249898113,0.151446399,315.93776557999996
1262,0.1428090166,0.0001133063784,0.248258226,0.150343411,316.186023806
1263,0.142922323,0.0001133015111,0.249491849,0.150187943,316.43551565499996
1264,0.1430356245,0.0001132967744,0.25056607,0.151552775,316.68608172499995
1265,0.1431489213,0.0001132921682,0.250096109,0.151321974,316.936177834
1266,0.1432622135,0.0001132876912,0.250571271,0.151684305,317.186749105
1267,0.1433755011,0.0001132833655,0.249764774,0.151019701,317.436513879
1268,0.1434887845,0.0001132792164,0.249941682,0.15074749799999998,317.686455561
1269,0.1436020637,0.0001132752571,0.250247206,0.15183187,317.936702767
1270,0.143715339,0.0001132714945,0.248846259,0.149923478,318.185549026
1271,0.1438286105,0.0001132679296,0.249655306,0.15092060699999998,318.435204332
1272,0.1439418784,0.0001132645648,0.249016284,0.15029779599999998,318.684220616
1273,0.144055143,0.0001132614004,0.250085438,0.151459902,318.934306054
1274,0.1441684044,0.0001132584367,0.248785368,0.15047919199999998,319.18309142199996
1275,0.1442816628,0.0001132556699,0.249160347,0.150610994,319.43225176899995
1276,0.1443949185,0.0001132530936,0.249633866,0.151092003,319.68188563499996
1277,0.1445081716,0.0001132506997,0.249109166,0.150513226,319.93099480099994
1278,0.1446214223,0.000113248479,0.248966296,0.150452992,320.17996109699993
1279,0.1447346708,0.0001132464223,0.248581806,0.150332527,320.42854290299994
1280,0.1448479172,0.0001132445239,0.249844462,0.151264785,320.67838736499994
1281,0.1449611617,0.0001132427763,0.247772332,0.149913288,320.92615969699995
1282,0.1450744045,0.0001132411741,0.248223962,0.150487773,321.17438365899994
1283,0.1451876456,0.0001132397111,0.248698349,0.14994685,321.42308200799994
1284,0.1453008854,0.0001132383795,0.250685925,0.15124302,321.67376793299997
1285,0.1454141237,0.0001132371831,0.248343998,0.150135094,321.92211193099996
1286,0.1455273609,0.0001132361238,0.249591215,0.151417057,322.17170314599997
1287,0.145640597,0.0001132351988,0.250062718,0.151260791,322.42176586399995
1288,0.1457538322,0.0001132343992,0.25085147,0.151457861,322.67261733399994
1289,0.1458670666,0.0001132337139,0.248793257,0.15050065099999999,322.9214105909999
1290,0.1459803004,0.0001132331311,0.248767591,0.14954272200000002,323.1701781819999
1291,0.1460935335,0.0001132328289,0.249575121,0.15118620900000002,323.41975330299994
1292,0.1462067663,0.0001132328467,0.249700927,0.15078152900000003,323.66945422999993
1293,0.1463199992,0.0001132331482,0.248640441,0.150253372,323.91809467099995
1294,0.1464332323,0.0001132337053,0.248917714,0.150152414,324.16701238499996
1295,0.146546466,0.000113234496,0.250231908,0.151450163,324.41724429299995
1296,0.1466597005,0.0001132354963,0.249401812,0.151443816,324.6666461049999
1297,0.146772936,0.0001132366846,0.250292401,0.15208622500000002,324.91693850599995
1298,0.1468861727,0.0001132380407,0.249476304,0.150883857,325.16641480999994
1299,0.1469994107,0.0001132395497,0.249826673,0.150758963,325.4162414829999
1300,0.1471126503,0.0001132412001,0.2508821,0.15143614,325.6671235829999
1301,0.1472258915,0.0001132429849,0.250011938,0.151041006,325.9171355209999
1302,0.1473391345,0.0001132448965,0.248680527,0.150358422,326.1658160479999
1303,0.1474523794,0.0001132469289,0.248903336,0.150719167,326.4147193839999
1304,0.1475656263,0.000113249079,0.250873122,0.1519854,326.6655925059999
1305,0.1476788754,0.0001132513443,0.249120904,0.150512305,326.9147134099999
1306,0.1477921267,0.0001132537066,0.248394647,0.15013413,327.1631080569999
1307,0.1479053804,0.0001132560953,0.249691365,0.150911003,327.41279942199986
1308,0.1480186365,0.0001132584698,0.249276302,0.151185511,327.66207572399986
1309,0.148131895,0.0001132608201,0.249038049,0.150900594,327.91111377299984
1310,0.1482451558,0.0001132631304,0.250121074,0.151072875,328.16123484699983
1311,0.1483584189,0.0001132653952,0.248261064,0.150100918,328.40949591099985
1312,0.1484716843,0.0001132676144,0.248973678,0.1508431,328.6584695889999
1313,0.148584952,0.0001132697903,0.249461656,0.15127699,328.9079312449999
1314,0.1486982217,0.0001132719267,0.249251546,0.15063770999999998,329.15718279099985
1315,0.1488114937,0.0001132740287,0.259602716,0.161046695,329.4167855069999
1316,0.1489247677,0.0001132761024,0.250915804,0.151918192,329.66770131099986
1317,0.1490380438,0.0001132781533,0.249747639,0.150492499,329.9174489499999
1318,0.149151322,0.0001132801884,0.24894757,0.150553695,330.16639651999986
1319,0.1492646021,0.0001132822163,0.248790012,0.150459455,330.41518653199984
1320,0.1493778844,0.0001132842461,0.250934006,0.152087633,330.66612053799986
1321,0.1494911686,0.0001132862868,0.249227091,0.15042904299999998,330.9153476289999
1322,0.1496044549,0.000113288348,0.249167523,0.150452542,331.16451515199986
1323,0.1497177432,0.0001132812272,0.24937841,0.150973184,331.4138935619999
1324,0.1498310245,8.448776781e-05,0.250009374,0.15145920699999998,331.6639029359999
1325,0.1499155122,8.448776781e-05,0.247784569,0.15014191500000001,331.91168750499986
1326,0.15,9.29365446e-05,0.249075077,0.150487805,332.16076258199985
1327,0.1500929365,0.0001022301991,0.262422828,0.162848025,332.42318540999986
1328,0.1501951667,0.000112453219,0.2504948,0.151516972,332.6736802099999
1329,0.15030762,0.0001132160179,0.250300223,0.151371521,332.9239804329999
1330,0.150420836,0.0001132048903,0.249309897,0.15080079,333.1732903299999
1331,0.1505340409,0.0001131940822,0.248691382,0.150490719,333.4219817119999
1332,0.150647235,0.0001131835589,0.249758818,0.15066031800000002,333.67174052999985
1333,0.1507604185,0.0001131732875,0.249675499,0.15127492199999998,333.92141602899983
1334,0.1508735918,0.000113163242,0.24871466,0.150027514,334.17013068899985
1335,0.150986755,0.0001131534011,0.249606557,0.151165848,334.41973724599984
1336,0.1510999084,0.0001131437453,0.248760409,0.15036660400000001,334.66849765499984
1337,0.1512130522,0.0001131342596,0.249368349,0.150895835,334.91786600399985
1338,0.1513261864,0.0001131249306,0.248372943,0.150163749,335.16623894699984
1339,0.1514393114,0.0001131157472,0.250144424,0.15129535,335.4163833709998
1340,0.1515524271,0.0001131066922,0.250105367,0.15075784,335.6664887379998
1341,0.1516655338,0.0001130977524,0.249969118,0.15176513600000002,335.91645785599985
1342,0.1517786316,0.0001130889208,0.2497501,0.151355434,336.1662079559999
1343,0.1518917205,0.0001130801841,0.249327815,0.151598545,336.4155357709999
1344,0.1520048007,0.0001130715412,0.249558666,0.150621899,336.6650944369999
1345,0.1521178722,0.0001130629914,0.249858704,0.15113517399999998,336.9149531409999
1346,0.1522309352,0.000113054534,0.249213929,0.150861412,337.1641670699999
1347,0.1523439897,0.000113046167,0.249842312,0.15158260299999998,337.4140093819999
1348,0.1524570359,0.0001130378883,0.249704806,0.150893183,337.6637141879999
1349,0.1525700738,0.0001130296957,0.256850714,0.158273323,337.9205649019999
1350,0.1526831035,0.0001130215872,0.249173128,0.149674949,338.1697380299999
1351,0.1527961251,0.00011301356,0.249392411,0.15080237800000001,338.4191304409999
1352,0.1529091386,0.0001130056119,0.250014902,0.15100112300000001,338.66914534299985
1353,0.1530221443,0.0001129977421,0.249728626,0.151128361,338.91887396899983
1354,0.153135142,0.0001129899492,0.249040777,0.149996808,339.16791474599984
1355,0.1532481319,0.0001129822322,0.247596231,0.14955286,339.4155109769998
1356,0.1533611142,0.0001129745901,0.251382968,0.15211359200000002,339.6668939449998
1357,0.1534740888,0.0001129670209,0.248499736,0.150488324,339.9153936809998
1358,0.1535870558,0.0001129595251,0.249268501,0.151046776,340.1646621819998
1359,0.1537000153,0.000112952103,0.264231779,0.164685859,340.4288939609998
1360,0.1538129674,0.0001129447556,0.250641378,0.150869612,340.6795353389998
1361,0.1539259122,0.0001129374836,0.248878325,0.150197785,340.92841366399983
1362,0.1540388497,0.0001129302883,0.249063653,0.15053962399999998,341.17747731699984
1363,0.1541517799,0.0001129231708,0.249763355,0.151117266,341.42724067199987
1364,0.1542647031,0.000112916133,0.248682698,0.15022399,341.67592336999985
1365,0.1543776192,0.0001129091749,0.249251494,0.150542607,341.92517486399987
1366,0.1544905284,0.0001129022968,0.249114788,0.150224609,342.17428965199986
1367,0.1546034307,0.0001128954999,0.249798112,0.15066775,342.42408776399986
1368,0.1547163262,0.0001128887803,0.249846783,0.150972833,342.6739345469999
1369,0.154829215,0.0001128821371,0.24905594,0.150311375,342.9229904869999
1370,0.1549420971,0.0001128755711,0.254914781,0.155706214,343.1779052679999
1371,0.1550549727,0.0001128690834,0.250027414,0.151601806,343.4279326819999
1372,0.1551678418,0.0001128626752,0.250023053,0.15085611,343.6779557349999
1373,0.1552807045,0.0001128563481,0.249704796,0.151224909,343.9276605309999
1374,0.1553935608,0.0001128501027,0.249544045,0.150465303,344.1772045759999
1375,0.1555064109,0.0001128439392,0.24974729,0.150588612,344.4269518659999
1376,0.1556192549,0.0001128378579,0.250495086,0.151511216,344.6774469519999
1377,0.1557320927,0.000112831857,0.249255874,0.15070761700000002,344.92670282599994
1378,0.1558449246,0.0001128259348,0.250626243,0.151474522,345.17732906899994
1379,0.1559577505,0.0001128200923,0.250254067,0.151396058,345.42758313599995
1380,0.1560705706,0.00011281433,0.251916771,0.15153594799999998,345.679499907
1381,0.1561833849,0.0001128086484,0.249930221,0.151477791,345.929430128
1382,0.1562961936,0.0001128030475,0.2500718,0.151262121,346.179501928
1383,0.1564089966,0.0001127975263,0.248431034,0.150137617,346.427932962
1384,0.1565217941,0.0001127920813,0.257437335,0.15805955900000002,346.685370297
1385,0.1566345862,0.0001127867087,0.248530764,0.150954036,346.93390106100003
1386,0.1567473729,0.0001127814086,0.24913783,0.151061312,347.183038891
1387,0.1568601543,0.0001127761823,0.250007401,0.151526147,347.43304629200003
1388,0.1569729305,0.000112771031,0.250337309,0.151410079,347.683383601
1389,0.1570857016,0.0001127659561,0.249532972,0.15053798699999998,347.932916573
1390,0.1571984675,0.0001127609593,0.250041106,0.151096156,348.182957679
1391,0.1573112285,0.0001127560453,0.250680935,0.151930693,348.433638614
1392,0.1574239845,0.0001127512126,0.251249688,0.152356053,348.684888302
1393,0.1575367357,0.0001127464626,0.249411206,0.151255296,348.934299508
1394,0.1576494822,0.0001127417989,0.250269604,0.151435883,349.18456911199996
1395,0.157762224,0.0001127372252,0.250767547,0.151845827,349.435336659
1396,0.1578749612,0.0001127327453,0.249917688,0.150965626,349.68525434699995
1397,0.157987694,0.0001127283631,0.249618584,0.150787332,349.934872931
1398,0.1581004223,0.0001127240823,0.249735278,0.15116518099999998,350.184608209
1399,0.1582131464,0.0001127199055,0.248383447,0.149926613,350.43299165599996
1400,0.1583258663,0.0001127158697,0.249746904,0.15090715100000002,350.68273855999996
1401,0.1584385822,0.000112711973,0.248177524,0.150533619,350.930916084
1402,0.1585512942,0.0001127082089,0.249534264,0.150758752,351.18045034799997
1403,0.1586640024,0.0001127045708,0.250801785,0.152136462,351.431252133
1404,0.1587767069,0.0001127010525,0.249600811,0.15117855,351.680852944
1405,0.158889408,0.0001126976478,0.258946181,0.16075716,351.939799125
1406,0.1590021056,0.0001126943506,0.250449776,0.151678201,352.19024890099996
1407,0.1591148,0.000112691156,0.249143342,0.150731622,352.439392243
1408,0.1592274911,0.0001126880592,0.249427411,0.151216298,352.688819654
1409,0.1593401792,0.0001126850557,0.249060296,0.15056229999999998,352.93787994999997
1410,0.1594528643,0.0001126821411,0.249916791,0.150692831,353.18779674099994
1411,0.1595655464,0.0001126793102,0.250082248,0.151004525,353.43787898899996
1412,0.1596782257,0.0001126765608,0.250396174,0.15140514500000002,353.68827516299996
1413,0.1597909023,0.0001045488636,0.248428439,0.15012178599999998,353.93670360199997
1414,0.1598954511,0.0001045488636,0.249898272,0.151086151,354.18660187399996
1415,0.16,0.0001126689695,0.249689526,0.15091717,354.43629139999996
1416,0.160112669,0.0001126667261,0.248938114,0.15083380400000002,354.68522951399996
1417,0.1602253357,0.0001126644213,0.248799274,0.150219865,354.934028788
1418,0.1603380001,0.0001126622461,0.250126557,0.150927962,355.18415534499997
1419,0.1604506624,0.0001126602068,0.250548092,0.151898747,355.43470343699994
1420,0.1605633226,0.0001126583041,0.249985705,0.150788292,355.6846891419999
1421,0.1606759809,0.0001126565338,0.270243093,0.150437785,355.9549322349999
1422,0.1607886374,0.0001126548918,0.249423195,0.150535396,356.2043554299999
1423,0.1609012923,0.0001126533737,0.249717356,0.15131169,356.4540727859999
1424,0.1610139457,0.0001126519752,0.250161709,0.150521443,356.7042344949999
1425,0.1611265976,0.0001126506918,0.249161638,0.151003254,356.9533961329999
1426,0.1612392483,0.0001126495185,0.249055495,0.150287744,357.2024516279999
1427,0.1613518979,0.0001126484501,0.25020598,0.15091005000000002,357.45265760799987
1428,0.1614645463,0.0001126474816,0.249180762,0.150949552,357.70183836999985
1429,0.1615771938,0.000112646611,0.249648237,0.150939836,357.9514866069998
1430,0.1616898404,0.0001126458349,0.249172983,0.150817275,358.2006595899998
1431,0.1618024862,0.0001126451509,0.251851822,0.15168550800000002,358.4525114119998
1432,0.1619151314,0.0001126445563,0.249325889,0.150853426,358.7018373009998
1433,0.1620277759,0.0001126440494,0.259512952,0.16071888,358.9613502529998
1434,0.16214042,0.0001126436289,0.24980844,0.15061048100000002,359.2111586929998
1435,0.1622530636,0.0001126432942,0.250290611,0.15131370500000002,359.4614493039998
1436,0.1623657069,0.0001126430451,0.248953442,0.15126541799999998,359.71040274599983
1437,0.16247835,0.0001126428813,0.248890117,0.150619946,359.9592928629998
1438,0.1625909928,0.0001126428034,0.250328385,0.151649814,360.2096212479998
1439,0.1627036356,0.0001126428082,0.249292491,0.150412645,360.4589137389998
1440,0.1628162785,0.0001126428918,0.250169015,0.151262381,360.7090827539998
1441,0.1629289213,0.0001126430546,0.248992406,0.150682115,360.9580751599998
1442,0.1630415644,0.0001126432904,0.250232344,0.151098772,361.2083075039998
1443,0.1631542077,0.0001126437183,0.251247327,0.15186533400000002,361.45955483099976
1444,0.1632668514,0.0001126443995,0.259234835,0.16066274,361.71878966599974
1445,0.1633794958,0.0001126453046,0.249812068,0.15120282699999998,361.9686017339997
1446,0.1634921411,0.0001126464143,0.248909514,0.15014566099999999,362.2175112479997
1447,0.1636047875,0.0001126477104,0.24892624,0.149779499,362.4664374879997
1448,0.1637174352,0.0001126491762,0.248509647,0.14962850900000002,362.7149471349997
1449,0.1638300844,0.000112650792,0.248682979,0.149653769,362.9636301139997
1450,0.1639427352,0.0001126525399,0.249260509,0.150795854,363.21289062299974
1451,0.1640553877,0.0001126544039,0.249131834,0.150394743,363.46202245699976
1452,0.1641680422,0.0001126563703,0.25126653,0.152807342,363.71328898699977
1453,0.1642806985,0.0001126584271,0.248447719,0.149992989,363.9617367059998
1454,0.1643933569,0.0001126605641,0.249313028,0.150921942,364.2110497339998
1455,0.1645060175,0.0001126627727,0.249293671,0.150488661,364.4603434049998
1456,0.1646186803,0.0001126650459,0.249012773,0.150735338,364.7093561779998
1457,0.1647313453,0.0001126673783,0.249753081,0.150857156,364.9591092589998
1458,0.1648440127,0.0001126697657,0.249670999,0.15158270699999998,365.20878025799976
1459,0.1649566825,0.0001126722051,0.25250565,0.153447803,365.46128590799975
1460,0.1650693547,0.0001126746942,0.249590622,0.150618259,365.7108765299998
1461,0.1651820294,0.0001126772316,0.249382336,0.150502368,365.9602588659998
1462,0.1652947066,0.0001126798167,0.249097331,0.150310368,366.20935619699975
1463,0.1654073864,0.0001126824497,0.248770288,0.150487406,366.45812648499975
1464,0.1655200689,0.0001126851321,0.249515667,0.150650129,366.7076421519998
1465,0.165632754,0.0001126878175,0.24894674,0.150518851,366.9565888919998
1466,0.1657454418,0.0001126904657,0.249457923,0.150968622,367.2060468149998
1467,0.1658581323,0.000112693054,0.24984924,0.15133064400000001,367.4558960549998
1468,0.1659708253,0.0001126955711,0.24928956,0.15051277200000002,367.70518561499983
1469,0.1660835209,0.000112698013,0.249107373,0.150564714,367.95429298799985
1470,0.1661962189,0.0001127003807,0.249359658,0.15081249400000002,368.20365264599985
1471,0.1663089193,0.0001127026784,0.250263058,0.151423696,368.4539157039998
1472,0.166421622,0.0001127049128,0.24944105,0.151301888,368.7033567539998
1473,0.1665343269,0.0001127070917,0.248831759,0.150643337,368.9521885129998
1474,0.166647034,0.0001127092236,0.249310734,0.150882625,369.2014992469998
1475,0.1667597432,0.0001127113175,0.251741254,0.152553715,369.4532405009998
1476,0.1668724545,0.000112713383,0.254910791,0.155887252,369.7081512919998
1477,0.1669851679,0.0001127154292,0.248943047,0.150323808,369.9570943389998
1478,0.1670978833,0.0001127174663,0.250360148,0.15220497100000002,370.20745448699984
1479,0.1672106008,0.0001127195024,0.251789743,0.153040827,370.45924422999985
1480,0.1673233203,0.0001127215518,0.248721841,0.149931362,370.7079660709999
1481,0.1674360419,0.0001127236259,0.249893117,0.151032251,370.9578591879999
1482,0.1675487655,0.000112725728,0.249565601,0.150962462,371.20742478899984
1483,0.1676614912,0.0001127240012,0.249152089,0.150708817,371.45657687799985
1484,0.1677742152,0.0001127136671,0.249312737,0.151009855,371.7058896149999
1485,0.1678869289,0.0001127037891,0.248706412,0.15064066599999998,371.95459602699987
1486,0.1679996327,0.0001126943121,0.248686566,0.15023541899999998,372.20328259299987
1487,0.168112327,0.0001126851891,0.250201851,0.151433302,372.45348444399986
1488,0.1682250122,0.0001126763794,0.254964312,0.156747907,372.7084487559999
1489,0.1683376886,0.0001126678479,0.247662483,0.14903161999999998,372.9561112389999
1490,0.1684503564,0.0001126595637,0.249413779,0.150652386,373.2055250179999
1491,0.168563016,0.0001126514995,0.25060433,0.15133324799999998,373.4561293479999
1492,0.1686756675,0.0001126436318,0.248908476,0.15004667500000002,373.7050378239999
1493,0.1687883111,0.0001126359397,0.24836607,0.150107081,373.95340389399985
1494,0.168900947,0.0001126284052,0.249514562,0.150945876,374.20291845599985
1495,0.1690135754,0.0001126210123,0.251780539,0.150336911,374.45469899499983
1496,0.1691261965,0.0001126137471,0.259298171,0.161032019,374.71399716599984
1497,0.1692388102,0.0001126065974,0.248687506,0.150738818,374.96268467199985
1498,0.1693514168,0.0001125995526,0.249959191,0.150630705,375.21264386299987
1499,0.1694640164,0.0001125926035,0.252887662,0.152826705,375.46553152499985
1500,0.169576609,0.000112585742,0.250240386,0.15077494400000002,375.7157719109998
1501,0.1696891947,0.0001125789608,0.249025822,0.150503,375.96479773299984
1502,0.1698017737,9.911317094e-05,0.248923116,0.150690925,376.21372084899986
1503,0.1699008868,9.911317094e-05,0.249200826,0.151304941,376.46292167499985
1504,0.17,0.000109024488,0.248087024,0.149825913,376.7110086989998
1505,0.1701090245,0.0001125540998,0.249545665,0.151163565,376.96055436399985
1506,0.1702215786,0.0001125476586,0.248136791,0.149990015,377.2086911549998
1507,0.1703341262,0.0001125412428,0.249583973,0.15093009899999998,377.4582751279998
1508,0.1704466675,0.0001125348878,0.249104173,0.15051167399999998,377.7073793009998
1509,0.1705592024,0.0001125285867,0.262692043,0.16421824200000001,377.9700713439998
1510,0.170671731,0.0001125223364,0.249028155,0.150448413,378.2190994989998
1511,0.1707842533,0.000112516132,0.249845538,0.15047322800000001,378.4689450369998
1512,0.1708967694,0.0001125099689,0.24964059,0.150852011,378.7185856269998
1513,0.1710092794,0.0001125038479,0.249269833,0.150633183,378.96785545999984
1514,0.1711217832,0.0001124977708,0.250044803,0.151265951,379.2179002629998
1515,0.171234281,0.0001124917289,0.250505581,0.151913662,379.46840584399985
1516,0.1713467727,0.0001124857238,0.25023568,0.151360911,379.71864152399985
1517,0.1714592585,0.0001124797573,0.249585798,0.150984865,379.96822732199985
1518,0.1715717382,0.0001124738327,0.250048125,0.151143286,380.2182754469998
1519,0.1716842121,0.0001124679529,0.249535473,0.15081886900000002,380.4678109199998
1520,0.17179668,0.0001124621197,0.250906289,0.151787895,380.7187172089998
1521,0.1719091421,0.0001124563337,0.249841005,0.15116795,380.9685582139998
1522,0.1720215985,0.000112450595,0.252649461,0.15381694,381.2212076749998
1523,0.1721340491,0.0001124449031,0.249308698,0.151138163,381.4705163729998
1524,0.172246494,0.0001124392575,0.248790592,0.150292179,381.71930696499976
1525,0.1723589332,0.0001124336575,0.249134319,0.150555396,381.96844128399977
1526,0.1724713669,0.0001124281022,0.248289367,0.150106362,382.21673065099975
1527,0.172583795,0.0001124225912,0.248986761,0.149984055,382.4657174119998
1528,0.1726962176,0.0001124171238,0.248633197,0.150787379,382.7143506089998
1529,0.1728086347,0.0001124116986,0.249639863,0.151310517,382.9639904719998
1530,0.1729210464,0.0001124063148,0.252119714,0.15317774099999998,383.2161101859998
1531,0.1730334527,0.000112400972,0.24992648,0.151450914,383.4660366659998
1532,0.1731458537,0.0001123956704,0.24953998,0.150723367,383.7155766459998
1533,0.1732582494,0.0001123904099,0.249653231,0.1509376,383.96522987699984
1534,0.1733706398,0.0001123851906,0.248646312,0.150079989,384.21387618899985
1535,0.173483025,0.0001123800129,0.248317306,0.150090207,384.46219349499984
1536,0.173595405,0.0001123748772,0.249346506,0.151054568,384.71154000099983
1537,0.1737077798,0.0001123697843,0.24895573,0.150436459,384.9604957309998
1538,0.1738201496,0.0001123647354,0.249919493,0.151800628,385.2104152239998
1539,0.1739325144,0.0001123597308,0.248613515,0.150079117,385.4590287389998
1540,0.1740448741,0.0001123547705,0.249024459,0.150277394,385.7080531979998
1541,0.1741572289,0.0001123498546,0.248875267,0.150799951,385.9569284649998
1542,0.1742695787,0.0001123449825,0.250383234,0.15162368199999998,386.20731169899983
1543,0.1743819237,0.000112340154,0.250158356,0.151782101,386.4574700549998
1544,0.1744942639,0.0001123353685,0.248871816,0.150003216,386.70634187099984
1545,0.1746065992,0.0001123306261,0.248403674,0.149974032,386.9547455449998
1546,0.1747189299,0.0001123259286,0.248738209,0.150818219,387.2034837539998
1547,0.1748312558,0.0001123212738,0.249261497,0.150617225,387.45274525099984
1548,0.1749435771,0.0001123166594,0.248262923,0.149899121,387.70100817399987
1549,0.1750558937,0.0001123120836,0.248315107,0.150003869,387.94932328099986
1550,0.1751682058,0.0001123075456,0.249990787,0.150917997,388.19931406799986
1551,0.1752805133,0.0001123030453,0.249328808,0.150709344,388.44864287599984
1552,0.1753928164,0.0001122985829,0.249900087,0.150814777,388.69854296299985
1553,0.175505115,0.0001122941593,0.253647264,0.15535539199999998,388.95219022699985
1554,0.1756174091,0.000112289776,0.24958226,0.150860021,389.20177248699986
1555,0.1757296989,0.0001122854351,0.249382391,0.15049964100000002,389.45115487799984
1556,0.1758419843,0.0001122811384,0.249839718,0.15090933,389.7009945959998
1557,0.1759542655,0.0001122768878,0.248720612,0.150116595,389.9497152079998
1558,0.1760665424,0.0001122726839,0.249369672,0.150774415,390.1990848799998
1559,0.1761788151,0.0001122685271,0.249536708,0.150963966,390.4486215879998
1560,0.1762910836,0.000112264419,0.249164695,0.149838541,390.6977862829998
1561,0.176403348,0.0001122603611,0.247919888,0.149611937,390.9457061709998
1562,0.1765156084,0.0001122563543,0.252632718,0.153858014,391.1983388889998
1563,0.1766278647,0.0001122523994,0.248998897,0.150158072,391.44733778599976
1564,0.1767401171,0.0001122484967,0.249387106,0.150779312,391.69672489199974
1565,0.1768523656,0.0001122446462,0.247872735,0.149720363,391.9445976269997
1566,0.1769646103,0.0001122408471,0.250363151,0.151879066,392.1949607779997
1567,0.1770768511,0.0001122370984,0.249112652,0.149973631,392.4440734299997
1568,0.1771890882,0.0001122333994,0.24983905,0.151120831,392.6939124799997
1569,0.1773013216,0.0001122297489,0.247945935,0.149989561,392.94185841499973
1570,0.1774135513,0.000112226146,0.250261405,0.151711513,393.19211981999973
1571,0.1775257775,0.0001122225899,0.24867171,0.150565291,393.44079152999973
1572,0.1776380001,0.0001122190797,0.250121703,0.151744859,393.6909132329997
1573,0.1777502192,0.0001122156149,0.2497178,0.15140916599999998,393.9406310329997
1574,0.1778624348,0.0001122121948,0.248007204,0.14967882100000002,394.1886382369997
1575,0.177974647,0.0001122088193,0.248277482,0.14981866700000002,394.43691571899967
1576,0.1780868558,0.0001122054875,0.249369236,0.15096810300000002,394.6862849549997
1577,0.1781990613,0.0001122021994,0.248645274,0.150653549,394.9349302289997
1578,0.1783112635,0.0001121989543,0.249065572,0.150954121,395.1839958009997
1579,0.1784234624,0.0001121957535,0.249539799,0.150518448,395.4335355999997
1580,0.1785356582,0.0001121925979,0.249854646,0.15111563,395.6833902459997
1581,0.1786478508,0.0001121894873,0.249780687,0.151055771,395.9331709329997
1582,0.1787600403,0.0001121864235,0.248845033,0.150515134,396.1820159659997
1583,0.1788722267,0.0001121834096,0.25090381,0.15221822200000001,396.4329197759997
1584,0.1789844101,0.0001121804491,0.248916094,0.149871113,396.6818358699997
1585,0.1790965906,0.000112177545,0.248579284,0.150435376,396.9304151539997
1586,0.1792087681,0.0001121746995,0.249540117,0.150736803,397.1799552709997
1587,0.1793209428,0.0001121719149,0.250915289,0.15190483300000002,397.4308705599997
1588,0.1794331147,0.0001121691925,0.253036287,0.154535983,397.68390684699966
1589,0.1795452839,0.0001121665325,0.249053336,0.150206348,397.93296018299964
1590,0.1796574504,0.0001121639408,0.25031827,0.151512996,398.1832784529996
1591,0.1797696144,0.0001121614369,0.24986313,0.150964972,398.4331415829996
1592,0.1798817758,5.911209089e-05,0.247713872,0.149783886,398.68085545499963
1593,0.1799408879,5.911209089e-05,0.249083463,0.15082900100000002,398.9299389179996
1594,0.18,6.502329998e-05,0.264632002,0.165927883,399.1945709199996
1595,0.1800650233,7.152562998e-05,0.249985821,0.15151263399999998,399.4445567409996
1596,0.1801365489,7.867819298e-05,0.248702623,0.15102854599999999,399.6932593639996
1597,0.1802152271,8.654601227e-05,0.24864046,0.15070421499999997,399.94189982399956
1598,0.1803017731,9.52006135e-05,0.248797058,0.151056941,400.19069688199954
1599,0.1803969737,0.0001047206749,0.248918716,0.15068827699999998,400.43961559799953
1600,0.1805016944,0.0001121463484,0.263275171,0.163705029,400.7028907689995
1601,0.1806138408,0.0001121445514,0.248951798,0.150406922,400.9518425669995
1602,0.1807259853,0.0001121426694,0.250972722,0.152190267,401.2028152889995
1603,0.180838128,0.0001121408325,0.259973902,0.151780955,401.4627891909995
1604,0.1809502688,0.0001121390301,0.25959985,0.15096846400000002,401.7223890409995
1605,0.1810624079,0.0001121372607,0.250346443,0.15185564499999998,401.9727354839995
1606,0.1811745451,0.0001121355252,0.248700409,0.149742827,402.22143589299947
1607,0.1812866806,0.0001121338251,0.248415576,0.15026119,402.4698514689995
1608,0.1813988145,0.000112132162,0.248991816,0.1512479,402.7188432849995
1609,0.1815109466,0.0001121305372,0.259581594,0.16084382800000002,402.9784248789995
1610,0.1816230772,0.0001121289516,0.250879797,0.151846145,403.22930467599946
1611,0.1817352061,0.000112127406,0.248868093,0.150318291,403.47817276899946
1612,0.1818473335,0.0001121259005,0.248795065,0.150723841,403.7269678339995
1613,0.1819594594,0.0001121244343,0.249255478,0.150828507,403.9762233119995
1614,0.1820715839,0.0001121230296,0.249566517,0.150869241,404.2257898289995
1615,0.1821837069,0.0001121217011,0.249741525,0.15082912999999998,404.4755313539995
1616,0.1822958286,0.0001121204579,0.249519724,0.15108521,404.72505107799947
1617,0.182407949,0.0001121193052,0.253211171,0.154221941,404.97826224899944
1618,0.1825200684,0.000112118245,0.250427591,0.151580458,405.22868983999945
1619,0.1826321866,0.0001121172768,0.248208994,0.150067999,405.4768988339994
1620,0.1827443039,0.0001121163976,0.250095417,0.151331514,405.72699425099944
1621,0.1828564203,0.000112115603,0.248630735,0.150714509,405.97562498599945
1622,0.1829685359,0.000112114888,0.24996051,0.151074965,406.22558549599944
1623,0.1830806508,0.0001121142478,0.24959245,0.151196191,406.47517794599946
1624,0.183192765,0.000112113678,0.248521777,0.14937345400000002,406.72369972299947
1625,0.1833048787,0.0001121131733,0.249077682,0.15031583399999998,406.9727774049995
1626,0.1834169919,0.0001121127286,0.249590392,0.15089645499999998,407.2223677969995
1627,0.1835291046,0.000112112339,0.248908429,0.150163655,407.4712762259995
1628,0.1836412169,0.000112112,0.248738885,0.15032992099999998,407.7200151109995
1629,0.1837533289,0.0001121117074,0.250302599,0.151505789,407.9703177099995
1630,0.1838654406,0.0001121114574,0.251020349,0.151661771,408.2213380589995
1631,0.1839775521,0.0001121112464,0.248172605,0.149858153,408.4695106639995
1632,0.1840896633,0.0001121110717,0.248711763,0.15053257399999997,408.7182224269995
1633,0.1842017744,0.0001121109307,0.249268244,0.15084799,408.9674906709995
1634,0.1843138853,0.0001121108218,0.250175158,0.151250625,409.2176658289995
1635,0.1844259962,0.0001121107453,0.249450102,0.151585055,409.4671159309995
1636,0.1845381069,0.0001121107008,0.249693686,0.150910413,409.7168096169995
1637,0.1846502176,0.0001121106877,0.249412333,0.151044283,409.9662219499995
1638,0.1847623283,0.0001121107056,0.248975892,0.150720741,410.2151978419995
1639,0.184874439,0.0001121107543,0.249575191,0.15075868,410.4647730329995
1640,0.1849865498,0.0001121108337,0.249153205,0.150493221,410.71392623799954
1641,0.1850986606,0.0001121109437,0.249545443,0.151049087,410.96347168099953
1642,0.1852107715,0.000112111084,0.248568756,0.150227666,411.21204043699953
1643,0.1853228826,0.0001121112541,0.249012751,0.150637943,411.46105318799954
1644,0.1854349939,0.0001121114542,0.248362446,0.149361643,411.7094156339995
1645,0.1855471053,0.0001121116861,0.247452385,0.149220771,411.9568680189995
1646,0.185659217,0.0001121119517,0.249202403,0.15049768,412.2060704219995
1647,0.185771329,0.0001121122521,0.248356023,0.150621059,412.4544264449995
1648,0.1858834412,0.0001121127163,0.248397627,0.150341194,412.7028240719995
1649,0.1859955539,0.0001121133545,0.250169188,0.151764428,412.95299325999946
1650,0.1861076673,0.0001121141507,0.249977272,0.15123099099999998,413.2029705319995
1651,0.1862197814,0.0001121150923,0.24947879,0.15021632899999998,413.4524493219995
1652,0.1863318965,0.0001121161705,0.248854065,0.150300781,413.7013033869995
1653,0.1864440127,0.0001121173737,0.249738726,0.151539755,413.95104211299946
1654,0.1865561301,0.0001121186938,0.248516136,0.150170827,414.19955824899944
1655,0.1866682488,0.0001121201172,0.249192145,0.151380326,414.44875039399943
1656,0.1867803689,0.0001121216298,0.248475875,0.14988449199999998,414.69722626899943
1657,0.1868924905,0.0001121232178,0.247824117,0.149986537,414.9450503859994
1658,0.1870046137,0.0001121248686,0.249884562,0.15093103000000002,415.1949349479994
1659,0.1871167386,0.0001121265702,0.249131234,0.15084014,415.4440661819994
1660,0.1872288652,0.0001121283122,0.248669362,0.14996435800000002,415.6927355439994
1661,0.1873409935,0.0001121300851,0.248988299,0.150669504,415.9417238429994
1662,0.1874531236,0.0001121318841,0.248433862,0.15010514000000003,416.1901577049994
1663,0.1875652555,0.0001121337089,0.25001328,0.151900784,416.44017098499944
1664,0.1876773892,0.0001121355577,0.248624716,0.149913738,416.68879570099944
1665,0.1877895247,0.0001121374287,0.249161233,0.150594077,416.93795693399943
1666,0.1879016621,0.0001121393205,0.248814699,0.15033369400000002,417.1867716329994
1667,0.1880138015,0.0001121412325,0.248988074,0.151111365,417.4357597069994
1668,0.1881259427,0.0001121431645,0.248058269,0.149991109,417.68381797599943
1669,0.1882380859,0.0001121451167,0.248452992,0.15071954199999998,417.93227096799944
1670,0.188350231,0.0001121470892,0.249408346,0.150458713,418.18167931399944
1671,0.1884623781,0.0001121490815,0.249161055,0.150584414,418.43084036899944
1672,0.1885745272,0.0001121510932,0.248915615,0.150175439,418.6797559839994
1673,0.1886866782,0.0001121531236,0.248862373,0.150677085,418.92861835699944
1674,0.1887988314,0.0001121551723,0.249770471,0.150697081,419.1783888279994
1675,0.1889109865,0.0001121572391,0.256207628,0.15741682099999998,419.43459645599944
1676,0.1890231438,0.0001121593241,0.249336735,0.150756196,419.6839331909994
1677,0.1891353031,0.0001121614275,0.249015219,0.15050523999999998,419.9329484099994
1678,0.1892474645,0.0001121635496,0.249253663,0.15037014399999998,420.1822020729994
1679,0.1893596281,0.0001121656908,0.248469719,0.150069093,420.43067179199943
1680,0.1894717938,0.0001121678517,0.248538654,0.14983906,420.67921044599944
1681,0.1895839616,0.000112170033,0.248896565,0.15039825099999998,420.92810701099944
1682,0.1896961317,0.0001121722353,0.248949364,0.15092639000000002,421.17705637499944
1683,0.1898083039,9.584805275e-05,0.249445518,0.150754416,421.42650189299945
1684,0.1899041519,9.584805275e-05,0.249291125,0.15109997,421.67579301799947
1685,0.19,0.000105432858,0.24923308,0.150533844,421.9250260979995
1686,0.1901054329,0.0001121800108,0.249833103,0.15109413100000002,422.1748592009995
1687,0.1902176129,0.0001121822044,0.249883615,0.15135763600000002,422.4247428159995
1688,0.1903297951,0.0001121841721,0.249035816,0.15074979100000002,422.6737786319995
1689,0.1904419792,0.0001121860784,0.249262762,0.15087819200000002,422.9230413939995
1690,0.1905541653,0.0001121879252,0.249713817,0.15021452200000002,423.17275521099947
1691,0.1906663532,0.0001121897132,0.248456621,0.14938311799999998,423.42121183199947
1692,0.190778543,0.000112191446,0.248871746,0.14983085200000001,423.6700835779995
1693,0.1908907344,0.0001121931286,0.248942382,0.150473155,423.9190259599995
1694,0.1910029275,0.0001121947665,0.24878845,0.150558802,424.1678144099995
1695,0.1911151223,0.000112196366,0.254580297,0.15571784,424.4223947069995
1696,0.1912273187,0.000112197933,0.266610102,0.152067195,424.6890048089995
1697,0.1913395166,0.0001121994734,0.249324187,0.150365905,424.93832899599954
1698,0.1914517161,0.0001122009931,0.250055324,0.150980153,425.18838431999956
1699,0.1915639171,0.0001122024973,0.248692046,0.150754073,425.43707636599953
1700,0.1916761196,0.0001122039912,0.248586184,0.149883989,425.6856625499995
1701,0.1917883236,0.0001122054794,0.249165812,0.150153336,425.9348283619995
1702,0.191900529,0.0001122069664,0.248594745,0.149806041,426.1834231069995
1703,0.192012736,0.0001122084562,0.249248254,0.150245008,426.4326713609995
1704,0.1921249445,0.0001122099522,0.248601857,0.150454837,426.6812732179995
1705,0.1922371544,0.000112211457,0.248196417,0.150238647,426.92946963499946
1706,0.1923493659,0.0001122129733,0.24887967,0.150750583,427.1783493049995
1707,0.1924615788,0.0001122108905,0.249296199,0.15093864499999998,427.4276455039995
1708,0.1925737897,0.000112204265,0.24954327,0.15112323,427.6771887739995
1709,0.192685994,0.0001121979147,0.248190987,0.149426737,427.9253797609995
1710,0.1927981919,0.0001121918046,0.249852427,0.15072790800000002,428.1752321879995
1711,0.1929103837,0.0001121859042,0.248378178,0.14970227,428.4236103659995
1712,0.1930225696,0.0001121801881,0.248911482,0.15056935999999999,428.67252184799946
1713,0.1931347498,0.000112174634,0.249726128,0.150914413,428.9222479759995
1714,0.1932469244,0.000112169223,0.248690159,0.150125008,429.17093813499946
1715,0.1933590937,0.0001121639389,0.249290237,0.151262483,429.4202283719995
1716,0.1934712576,0.000112158767,0.24927016,0.150830342,429.66949853199947
1717,0.1935834164,0.0001121536938,0.249951114,0.15128908200000002,429.91944964599946
1718,0.1936955701,0.0001121487072,0.249254072,0.15047977499999998,430.16870371799945
1719,0.1938077188,0.0001121437967,0.249301494,0.150560276,430.41800521199946
1720,0.1939198626,0.0001121389539,0.248692512,0.1501433,430.66669772399945
1721,0.1940320015,0.0001121341723,0.248537105,0.15029124,430.9152348289995
1722,0.1941441357,0.0001121294465,0.249936935,0.15193378800000001,431.16517176399947
1723,0.1942562651,0.000112124772,0.248516792,0.150158713,431.41368855599944
1724,0.1943683899,0.000112120145,0.248225315,0.149860981,431.66191387099946
1725,0.1944805101,0.0001121155624,0.249294389,0.150212655,431.91120825999946
1726,0.1945926256,0.0001121110213,0.249355631,0.15103498599999998,432.16056389099947
1727,0.1947047366,0.0001121065194,0.24899975,0.150753774,432.40956364099947
1728,0.1948168432,0.0001121020542,0.248953722,0.150421206,432.6585173629995
1729,0.1949289452,0.0001120976241,0.249710092,0.151071192,432.90822745499946
1730,0.1950410428,0.0001120932272,0.250214719,0.150971633,433.15844217399945
1731,0.1951531361,0.0001120888618,0.249333703,0.15040054800000002,433.40777587699944
1732,0.1952652249,0.0001120845264,0.248759225,0.15059524200000002,433.65653510199945
1733,0.1953773095,0.0001120802195,0.248803673,0.151037801,433.90533877499945
1734,0.1954893897,0.0001120759397,0.24997035,0.15073019599999998,434.15530912499946
1735,0.1956014656,0.000112071686,0.249717595,0.150276486,434.40502671999946
1736,0.1957135373,0.000112067456,0.249059559,0.14972942,434.65408627899944
1737,0.1958256048,0.0001120632488,0.250265661,0.152308868,434.90435193999946
1738,0.195937668,0.0001120590637,0.251109856,0.151048941,435.1554617959995
1739,0.1960497271,0.0001120549001,0.249531277,0.150722149,435.4049930729995
1740,0.196161782,0.0001120507578,0.249231228,0.150150102,435.6542243009995
1741,0.1962738327,0.0001120466361,0.249597586,0.15097783799999998,435.9038218869995
1742,0.1963858794,0.0001120425348,0.249934652,0.150853205,436.15375653899946
1743,0.1964979219,0.0001120384535,0.249549469,0.15110652800000002,436.40330600799945
1744,0.1966099604,0.0001120343919,0.248325658,0.14983146,436.65163166599945
1745,0.1967219947,0.0001120303497,0.257006069,0.158677128,436.90863773499945
1746,0.1968340251,0.0001120263266,0.250025392,0.15138283000000002,437.15866312699944
1747,0.1969460514,0.0001120223225,0.25614054,0.15760932300000002,437.41480366699943
1748,0.1970580737,0.0001120183372,0.249877133,0.150432688,437.6646807999994
1749,0.1971700921,0.0001120143708,0.249444918,0.150432687,437.9141257179994
1750,0.1972821065,0.0001120104231,0.250465934,0.151469017,438.1645916519994
1751,0.1973941169,0.0001120064942,0.249387379,0.15095920200000001,438.41397903099937
1752,0.1975061234,0.0001120025841,0.248644024,0.150035672,438.66262305499936
1753,0.197618126,0.0001119986892,0.250293632,0.151305923,438.9129166869994
1754,0.1977301246,0.0001119948084,0.249028553,0.15055463600000002,439.1619452399994
1755,0.1978421194,0.0001119909429,0.249519811,0.150712886,439.4114650509994
1756,0.1979541104,0.0001119870938,0.248778249,0.150502747,439.6602432999994
1757,0.1980660975,0.0001119832621,0.248574389,0.149843585,439.9088176889994
1758,0.1981780807,0.0001119794437,0.248790167,0.15083601800000002,440.1576078559994
1759,0.1982900602,0.0001119756371,0.249508184,0.15114044100000001,440.4071160399994
1760,0.1984020358,0.0001119718433,0.248368766,0.149329438,440.6554848059994
1761,0.1985140077,0.0001119680636,0.250445355,0.15121162999999999,440.9059301609994
1762,0.1986259757,0.0001119642986,0.249282478,0.150569732,441.1552126389994
1763,0.19873794,0.0001119605494,0.249178684,0.150839425,441.4043913229994
1764,0.1988499006,0.0001119568175,0.248473564,0.150175115,441.6528648869994
1765,0.1989618574,0.0001119531033,0.248694442,0.14960179,441.9015593289994
1766,0.1990738105,0.0001119494069,0.249716639,0.151336878,442.15127596799937
1767,0.1991857599,0.0001119457282,0.249722441,0.150744752,442.4009984089994
1768,0.1992977056,0.000111942067,0.255264048,0.157282133,442.6562624569994
1769,0.1994096477,0.0001119384234,0.249073269,0.150809472,442.9053357259994
1770,0.1995215861,0.0001119347993,0.249243672,0.15076458399999998,443.1545793979994
1771,0.1996335209,0.0001119311964,0.248520597,0.150131554,443.40309999499937
1772,0.1997454521,0.0001119276155,0.257921236,0.15903720799999999,443.6610212309994
1773,0.1998573797,7.131012936e-05,0.248445119,0.15033165599999998,443.9094663499994
1774,0.1999286899,7.131012936e-05,0.248211771,0.15025924,444.1576781209994
1775,0.2,7.844114229e-05,0.248728973,0.150348362,444.4064070939994
1776,0.2000784411,8.628525652e-05,0.249078202,0.15146121299999998,444.6554852959994
1777,0.2001647264,9.491378217e-05,0.248766448,0.15094239799999998,444.90425174399945
1778,0.2002596402,0.0001044051604,0.248337982,0.15012068699999997,445.15258972599946
1779,0.2003640453,0.0001119074713,0.248455616,0.15063876999999998,445.40104534199946
1780,0.2004759528,0.0001119041426,0.247586731,0.149717888,445.6486320729995
1781,0.200587857,0.0001119007499,0.250061675,0.15201451900000001,445.89869374799946
1782,0.2006997577,0.0001118973833,0.261660829,0.15007815600000002,446.16035457699945
1783,0.2008116551,0.0001118940343,0.248782315,0.15053950300000002,446.4091368919995
1784,0.2009235491,0.0001118906996,0.250264732,0.15146780599999998,446.6594016239995
1785,0.2010354398,0.0001118873787,0.259983596,0.161886767,446.91938521999947
1786,0.2011473272,0.0001118840717,0.24932413,0.150832425,447.16870934999946
1787,0.2012592113,0.0001118807792,0.248731745,0.150923592,447.41744109499945
1788,0.2013710921,0.0001118775017,0.248589133,0.150169955,447.66603022799944
1789,0.2014829696,0.0001118742396,0.252523485,0.154212128,447.9185537129994
1790,0.2015948438,0.0001118709935,0.264986102,0.150785397,448.18353981499945
1791,0.2017067148,0.000111867764,0.248725848,0.150744244,448.43226566299944
1792,0.2018185826,0.0001118645511,0.249760909,0.151227079,448.6820265719994
1793,0.2019304471,0.000111861355,0.250114519,0.150885089,448.93214109099944
1794,0.2020423085,0.0001118581763,0.248496734,0.150052202,449.18063782499945
1795,0.2021541666,0.0001118550156,0.248280351,0.14896821300000002,449.42891817599946
1796,0.2022660216,0.0001118518733,0.248969719,0.149899312,449.67788789499946
1797,0.2023778735,0.0001118487496,0.249453761,0.150670286,449.92734165599944
1798,0.2024897223,0.0001118456448,0.253211864,0.15323694100000002,450.1805535199994
1799,0.2026015679,0.0001118425593,0.252828012,0.152655655,450.43338153199943
1800,0.2027134105,0.0001118394933,0.252425008,0.15196454199999998,450.6858065399994
1801,0.20282525,0.000111836447,0.249374583,0.15067814899999998,450.93518112299944
1802,0.2029370864,0.0001118334204,0.248075613,0.149867023,451.18325673599946
1803,0.2030489198,0.0001118304136,0.250391437,0.152164472,451.4336481729995
1804,0.2031607503,0.0001118274266,0.253717554,0.15522254400000002,451.6873657269995
1805,0.2032725777,0.0001118244595,0.252189911,0.15321395599999998,451.9395556379995
1806,0.2033844021,0.0001118215123,0.249216733,0.150372851,452.1887723709995
1807,0.2034962236,0.000111818585,0.248743507,0.150371016,452.4375158779995
1808,0.2036080422,0.0001118156776,0.248724772,0.15036061,452.6862406499995
1809,0.2037198579,0.0001118127899,0.250795413,0.15184420399999998,452.9370360629995
1810,0.2038316707,0.0001118099216,0.251265156,0.15129372000000002,453.18830121899947
1811,0.2039434806,0.0001118070727,0.248387919,0.149964884,453.43668913799945
1812,0.2040552877,0.000111804243,0.251756657,0.152909022,453.68844579499944
1813,0.2041670919,0.000111801433,0.249055031,0.150415237,453.93750082599945
1814,0.2042788934,0.0001117986435,0.247857365,0.149771268,454.18535819099947
1815,0.204390692,0.0001117958726,0.24959308,0.15075884299999998,454.4349512709995
1816,0.2045024879,0.0001117931195,0.248656133,0.15045025099999998,454.6836074039995
1817,0.204614281,0.0001117903844,0.250973679,0.15168841,454.9345810829995
1818,0.2047260714,0.0001117876676,0.24794237,0.149807462,455.1825234529995
1819,0.2048378591,0.0001117849687,0.248370208,0.150545696,455.43089366099946
1820,0.204949644,0.0001117822875,0.248295321,0.150100799,455.67918898199946
1821,0.2050614263,0.0001117796238,0.249088486,0.150379499,455.92827746799946
1822,0.2051732059,0.0001117769773,0.24772044,0.149668636,456.1759979079995
1823,0.2052849829,0.0001117743482,0.248894318,0.150665263,456.4248922259995
1824,0.2053967573,0.0001117717368,0.24856536,0.150045798,456.6734575859995
1825,0.205508529,0.0001117691438,0.249816606,0.151324334,456.9232741919995
1826,0.2056202981,0.0001117665697,0.250115415,0.15110893,457.1733896069995
1827,0.2057320647,0.0001117640153,0.248969128,0.150427887,457.4223587349995
1828,0.2058438287,0.0001117614814,0.249717153,0.151362778,457.6720758879995
1829,0.2059555902,0.0001117589677,0.249176066,0.150474237,457.9212519539995
1830,0.2060673492,0.0001117564749,0.249299015,0.150408346,458.1705509689995
1831,0.2061791057,0.0001117540039,0.24950501,0.15104335400000002,458.4200559789995
1832,0.2062908597,0.0001117515553,0.247761706,0.14906598799999998,458.66781768499953
1833,0.2064026112,0.0001117491299,0.250137857,0.151301043,458.91795554199956
1834,0.2065143603,0.0001117467281,0.250109412,0.15161717000000002,459.16806495399953
1835,0.2066261071,0.0001117443503,0.249290543,0.150776014,459.4173554969995
1836,0.2067378514,0.0001117419972,0.250151199,0.151572365,459.6675066959995
1837,0.2068495934,0.0001117396688,0.249893175,0.150816424,459.91739987099953
1838,0.2069613331,0.0001117373651,0.249205242,0.150488108,460.16660511299955
1839,0.2070730705,0.000111735086,0.249878809,0.151012122,460.41648392199954
1840,0.2071848055,0.0001117328313,0.251817049,0.152597241,460.66830097099955
1841,0.2072965384,0.0001117306009,0.248730264,0.150650392,460.91703123499957
1842,0.207408269,0.0001117283945,0.249191033,0.150836782,461.16622226799956
1843,0.2075199974,0.0001117262116,0.248246777,0.150188484,461.4144690449996
1844,0.2076317236,0.0001117240518,0.24801437,0.150107124,461.6624834149996
1845,0.2077434476,0.0001117219148,0.248660275,0.15008961199999998,461.9111436899996
1846,0.2078551695,0.0001117197998,0.252150876,0.15371437799999998,462.1632945659996
1847,0.2079668893,0.0001117177063,0.249323059,0.150557341,462.4126176249996
1848,0.208078607,0.0001117156336,0.248401635,0.150367615,462.6610192599996
1849,0.2081903227,0.0001117135809,0.249160149,0.151015448,462.91017940899957
1850,0.2083020363,0.0001117115476,0.247980222,0.14958354899999998,463.1581596309996
1851,0.2084137478,0.0001117095332,0.247451715,0.149639963,463.4056113459996
1852,0.2085254573,0.0001117075369,0.248458048,0.150201002,463.6540693939996
1853,0.2086371649,0.0001117055583,0.261047181,0.162743936,463.91511657499956
1854,0.2087488704,0.0001117035971,0.248133689,0.149999799,464.16325026399954
1855,0.208860574,0.0001117016528,0.249125264,0.150465871,464.41237552799953
1856,0.2089722757,0.0001116997251,0.24808207,0.150158821,464.66045759799954
1857,0.2090839754,0.0001116978133,0.249218529,0.150827689,464.90967612699956
1858,0.2091956732,0.0001116959172,0.248946169,0.150404313,465.1586222959996
1859,0.2093073691,0.0001116940362,0.24869907,0.150178365,465.40732136599956
1860,0.2094190632,0.0001116921701,0.247633163,0.14936777699999998,465.65495452899955
1861,0.2095307554,0.000111690319,0.249242107,0.15089855200000002,465.90419663599954
1862,0.2096424457,0.0001116884828,0.250265031,0.151067497,466.15446166699957
1863,0.2097541342,0.0001116866616,0.247875059,0.149952178,466.4023367259996
1864,0.2098658208,6.708959247e-05,0.2475839,0.14996838499999998,466.6499206259996
1865,0.2099329104,6.708959247e-05,0.249237649,0.151156603,466.8991582749996
1866,0.21,7.379855172e-05,0.250385578,0.151505936,467.1495438529996
1867,0.2100737986,8.117840689e-05,0.24980989,0.150839319,467.3993537429996
1868,0.210154977,8.929624758e-05,0.250287705,0.151735174,467.6496414479996
1869,0.2102442732,9.822587233e-05,0.249500535,0.15092623700000002,467.8991419829996
1870,0.2103424991,0.0001080484596,0.249144185,0.150322751,468.1482861679996
1871,0.2104505475,0.0001116750217,0.249772864,0.15092706,468.3980590319996
1872,0.2105622226,0.0001116734152,0.250434945,0.151251527,468.6484939769996
1873,0.210673896,0.0001116717764,0.26600923,0.151379484,468.9145032069996
1874,0.2107855678,0.0001116701654,0.248944732,0.150450616,469.1634479389996
1875,0.2108972379,0.0001116685788,0.248306472,0.150051793,469.4117544109996
1876,0.2110089065,0.0001116670162,0.24819181,0.149952239,469.6599462209996
1877,0.2111205735,0.0001116654792,0.250097785,0.150819947,469.91004400599957
1878,0.211232239,0.0001116639694,0.249644599,0.15049953,470.1596886049996
1879,0.211343903,0.0001116624883,0.261627576,0.163251161,470.4213161809996
1880,0.2114555654,0.000111661037,0.248770947,0.15036174800000002,470.67008712799964
1881,0.2115672265,0.0001116596168,0.249584059,0.151299919,470.9196711869996
1882,0.2116788861,0.0001116582318,0.24800756,0.149818024,471.1676787469996
1883,0.2117905443,0.0001116568962,0.248893041,0.15081462299999998,471.4165717879996
1884,0.2119022012,0.0001116556077,0.249878384,0.150899819,471.6664501719996
1885,0.2120138568,0.0001116543625,0.249818673,0.150662841,471.9162688449996
1886,0.2121255112,0.0001116531572,0.249028491,0.15093285,472.1652973359996
1887,0.2122371644,0.0001116519884,0.257639975,0.159263723,472.4229373109996
1888,0.2123488163,0.0001116508531,0.248570554,0.15053016800000002,472.6715078649996
1889,0.2124604672,0.0001116497482,0.24945052,0.15091101499999998,472.9209583849996
1890,0.2125721169,0.000111648671,0.249919298,0.150766651,473.1708776829996
1891,0.2126837656,0.0001116476189,0.249985675,0.15149479700000001,473.4208633579996
1892,0.2127954132,0.0001116465896,0.249390024,0.15100593499999998,473.6702533819996
1893,0.2129070598,0.000111645581,0.248266569,0.14958412,473.9185199509996
1894,0.2130187054,0.0001116445912,0.25016903,0.151272427,474.1686889809996
1895,0.21313035,0.0001116436185,0.249656049,0.151184497,474.4183450299996
1896,0.2132419936,0.0001116426612,0.249270184,0.151137152,474.6676152139996
1897,0.2133536363,0.0001116417183,0.249899608,0.15124858400000002,474.91751482199965
1898,0.213465278,0.0001116407885,0.249672908,0.151034312,475.1671877299996
1899,0.2135769188,0.0001116398712,0.249256292,0.150793522,475.4164440219996
1900,0.2136885587,0.0001116389657,0.254964507,0.15625070800000002,475.6714085289996
1901,0.2138001976,0.0001116380715,0.249523971,0.150690727,475.9209324999996
1902,0.2139118357,0.0001116371882,0.249504773,0.15091745499999998,476.1704372729996
1903,0.2140234729,0.0001116363158,0.248636788,0.15040832199999998,476.4190740609996
1904,0.2141351092,0.000111635454,0.249899213,0.152082481,476.6689732739996
1905,0.2142467447,0.000111634603,0.249076516,0.150174838,476.9180497899996
1906,0.2143583793,0.0001116337628,0.249826184,0.151216888,477.1678759739996
1907,0.214470013,0.0001116329337,0.249706416,0.151112272,477.4175823899996
1908,0.214581646,0.0001116321157,0.249981256,0.150723169,477.6675636459996
1909,0.2146932781,0.0001116313094,0.24943073,0.150584724,477.9169943759996
1910,0.2148049094,0.0001116305149,0.249976327,0.15063136900000001,478.1669707029996
1911,0.2149165399,0.0001116297326,0.248956599,0.149993942,478.4159273019996
1912,0.2150281696,0.0001116289631,0.250541998,0.151566009,478.6664692999996
1913,0.2151397986,0.0001116282053,0.249399391,0.15113405,478.9158686909996
1914,0.2152514268,0.0001116274582,0.25045879,0.151731806,479.1663274809996
1915,0.2153630543,0.0001116267226,0.248828756,0.149602188,479.4151562369996
1916,0.215474681,0.0001116259995,0.249703297,0.150643342,479.6648595339996
1917,0.215586307,0.0001116252984,0.249322652,0.15075692400000001,479.9141821859996
1918,0.2156979323,0.0001116246297,0.248994733,0.149853098,480.1631769189996
1919,0.2158095569,0.0001116239993,0.249247249,0.151023506,480.41242416799963
1920,0.2159211809,0.0001116234109,0.25062899,0.15098715699999998,480.6630531579996
1921,0.2160328043,0.0001116228667,0.249089074,0.150599734,480.9121422319996
1922,0.2161444272,0.0001116223681,0.250083143,0.151105172,481.1622253749996
1923,0.2162560495,0.0001116219156,0.24925821,0.150913015,481.4114835849996
1924,0.2163676715,0.0001116215091,0.250200844,0.15063311299999999,481.6616844289996
1925,0.216479293,0.0001116211481,0.248208314,0.149395542,481.9098927429996
1926,0.2165909141,0.0001116208317,0.249510819,0.151065401,482.1594035619996
1927,0.216702535,0.0001116205583,0.249814673,0.150587323,482.4092182349996
1928,0.2168141555,0.0001116203245,0.253234635,0.15437603,482.66245286999964
1929,0.2169257758,0.0001116201299,0.248533638,0.150198149,482.91098650799967
1930,0.217037396,0.000111619974,0.251612698,0.151792539,483.16259920599964
1931,0.2171490159,0.000111619856,0.249957865,0.15068021999999998,483.41255707099964
1932,0.2172606358,0.000111619774,0.26336907,0.164130531,483.67592614099965
1933,0.2173722556,0.0001116197262,0.248722703,0.15041067400000002,483.92464884399965
1934,0.2174838753,0.0001116197098,0.248593398,0.150208634,484.1732422419997
1935,0.217595495,0.0001116197219,0.266093398,0.15709976,484.4393356399997
1936,0.2177071147,0.0001116197592,0.249703149,0.15109124899999998,484.6890387889997
1937,0.2178187345,0.0001116198184,0.249249978,0.150892951,484.93828876699973
1938,0.2179303543,0.000111619896,0.249243496,0.150674177,485.18753226299975
1939,0.2180419742,0.0001116199886,0.248642301,0.150848511,485.43617456399977
1940,0.2181535942,0.000111620093,0.249995685,0.15143161300000002,485.68617024899976
1941,0.2182652143,0.0001116202064,0.249179841,0.150307671,485.93535008999976
1942,0.2183768345,0.0001116203262,0.249857379,0.150537727,486.18520746899975
1943,0.2184884548,0.0001116204512,0.248849728,0.150432695,486.43405719699973
1944,0.2186000753,0.0001116205786,0.24926062,0.15082874000000002,486.6833178169997
1945,0.2187116958,0.0001116207067,0.26007021,0.161081661,486.9433880269997
1946,0.2188233165,0.0001116208345,0.248431022,0.150310532,487.19181904899966
1947,0.2189349374,0.0001116209616,0.24940441,0.151289389,487.4412234589997
1948,0.2190465583,0.0001116210878,0.259476191,0.16113838400000002,487.70069964999965
1949,0.2191581794,0.0001116212134,0.248707638,0.150453707,487.94940728799963
1950,0.2192698006,0.0001116213388,0.24932514,0.15082351500000002,488.19873242799963
1951,0.219381422,0.0001116214644,0.248523546,0.149885453,488.44725597399963
1952,0.2194930434,0.0001116215911,0.255336894,0.156634881,488.7025928679996
1953,0.219604665,0.0001116217197,0.249356504,0.151423958,488.9519493719996
1954,0.2197162868,0.0001116218511,0.248975136,0.15017445000000001,489.2009245079996
1955,0.2198279086,8.60456941e-05,0.248889693,0.150941876,489.44981420099964
1956,0.2199139543,8.60456941e-05,0.249301757,0.151197998,489.69911595799965
1957,0.22,9.465026351e-05,0.249759949,0.150846086,489.94887590699966
1958,0.2200946503,0.0001041152899,0.249145513,0.150482194,490.19802141999963
1959,0.2201987656,0.0001116221832,0.249815593,0.150962973,490.4478370129996
1960,0.2203103877,0.0001116225066,0.250954345,0.151447847,490.69879135799965
1961,0.2204220102,0.000111622695,0.25006564,0.15202056400000002,490.94885699799966
1962,0.2205336329,0.0001116228945,0.25642488,0.157406846,491.20528187799965
1963,0.2206452558,0.0001116231027,0.24843971,0.150499688,491.45372158799967
1964,0.2207568789,0.000111623318,0.250155406,0.15187103600000001,491.70387699399964
1965,0.2208685023,0.0001116235407,0.249775188,0.15041175699999998,491.95365218199964
1966,0.2209801258,0.0001116237719,0.248918397,0.15045039100000002,492.20257057899966
1967,0.2210917496,0.0001116240127,0.249222289,0.150577017,492.45179286799964
1968,0.2212033736,0.0001116242642,0.249563943,0.150822348,492.70135681099964
1969,0.2213149978,0.0001116245282,0.249834781,0.15138664,492.95119159199965
1970,0.2214266224,0.0001116248059,0.249838893,0.150076524,493.20103048499965
1971,0.2215382472,0.0001116250981,0.247914555,0.149326012,493.44894503999967
1972,0.2216498723,0.0001116254606,0.250410925,0.15059087,493.69935596499965
1973,0.2217614977,0.0001116259164,0.249105727,0.14981725499999998,493.9484616919997
1974,0.2218731237,0.0001116264574,0.251119556,0.151046381,494.1995812479997
1975,0.2219847501,0.0001116270766,0.249233861,0.150961131,494.44881510899967
1976,0.2220963772,0.0001116277674,0.249370856,0.15095941200000002,494.69818596499965
1977,0.222208005,0.0001116285241,0.259864742,0.159728482,494.95805070699964
1978,0.2223196335,0.0001116293415,0.251377054,0.150387186,495.20942776099963
1979,0.2224312628,0.0001116302146,0.248204196,0.149525491,495.45763195699965
1980,0.222542893,0.0001116311389,0.249874162,0.15145033400000002,495.7075061189997
1981,0.2226545242,0.0001116321104,0.250725012,0.15224752200000002,495.95823113099965
1982,0.2227661563,0.0001116331258,0.248969015,0.150906776,496.20720014599965
1983,0.2228777894,0.0001116341843,0.248642612,0.150047983,496.4558427579997
1984,0.2229894236,0.0001116352825,0.25029884,0.15135541800000002,496.7061415979997
1985,0.2231010589,0.0001116364173,0.249729684,0.151073711,496.9558712819997
1986,0.2232126953,0.0001116375861,0.249145761,0.150501661,497.2050170429997
1987,0.2233243329,0.0001116387863,0.248102419,0.149735063,497.45311946199973
1988,0.2234359717,0.0001116400155,0.248720212,0.150806954,497.70183967399976
1989,0.2235476117,0.0001116412698,0.249722089,0.15091491899999998,497.95156176299975
1990,0.223659253,0.0001116425481,0.250290646,0.151329926,498.20185240899974
1991,0.2237708955,0.0001116438487,0.24979958,0.15109199,498.45165198899974
1992,0.2238825393,0.0001116451682,0.2501025,0.15121832400000002,498.70175448899977
1993,0.2239941845,0.000111646502,0.252322133,0.15368700400000002,498.9540766219998
1994,0.224105831,0.0001116478454,0.248293223,0.150483017,499.2023698449998
1995,0.2242174789,0.0001116491935,0.248604368,0.150403595,499.45097421299977
1996,0.2243291281,0.0001116505418,0.249640675,0.15107566,499.7006148879998
1997,0.2244407786,0.0001116518861,0.249818371,0.15078882300000002,499.9504332589998
1998,0.2245524305,0.000111653223,0.257471223,0.15842517,500.2079044819998
1999,0.2246640837,0.0001116545496,0.252923033,0.153949485,500.4608275149998
2000,0.2247757383,0.0001116558634,0.25131492,0.152224474,500.7121424349998
2001,0.2248873941,0.0001116571626,0.249617063,0.150709296,500.9617594979998
2002,0.2249990513,0.000111658446,0.250443084,0.150953909,501.2122025819998
2003,0.2251107097,0.0001116597128,0.248021944,0.149805764,501.4602245259998
2004,0.2252223694,0.0001116609627,0.250460331,0.15162095399999997,501.7106848569998
2005,0.2253340304,0.0001116621956,0.248087901,0.150101688,501.95877275799984
2006,0.2254456926,0.0001116634118,0.249295368,0.150933329,502.20806812599983
2007,0.225557356,0.000111664612,0.248138181,0.14972075499999998,502.45620630699983
2008,0.2256690206,0.0001116657971,0.251433525,0.15304661,502.7076398319998
2009,0.2257806864,0.0001116669679,0.249132147,0.15045203000000001,502.9567719789998
2010,0.2258923534,0.0001116681258,0.249364824,0.150616594,503.2061368029998
2011,0.2260040215,0.0001116692721,0.24906025,0.15066026,503.45519705299984
2012,0.2261156908,0.0001116704086,0.248297319,0.15000362499999997,503.70349437199985
2013,0.2262273612,0.0001116715374,0.258594382,0.155060995,503.96208875399986
2014,0.2263390327,0.0001116726617,0.250259171,0.15071754799999998,504.21234792499985
2015,0.2264507054,0.0001116737867,0.248843921,0.15084175700000002,504.46119184599985
2016,0.2265623792,0.0001116749156,0.266210793,0.151177951,504.7274026389999
2017,0.2266740541,0.0001116760511,0.250211724,0.151163947,504.9776143629999
2018,0.2267857301,0.0001116771946,0.251983269,0.15318187,505.22959763199987
2019,0.2268974073,0.0001116783471,0.252530644,0.153679169,505.48212827599986
2020,0.2270090857,0.0001116795088,0.256174333,0.15733066499999998,505.73830260899985
2021,0.2271207652,0.0001116806804,0.24920871,0.151010704,505.98751131899985
2022,0.2272324459,0.0001116818622,0.250607068,0.15227842,506.2381183869999
2023,0.2273441277,0.0001116830542,0.248517648,0.150153682,506.4866360349999
2024,0.2274558108,0.0001116842565,0.249449386,0.150517364,506.73608542099987
2025,0.2275674951,0.0001116854688,0.248840219,0.150720104,506.98492563999986
2026,0.2276791805,0.0001116866909,0.249066819,0.15101261700000002,507.23399245899986
2027,0.2277908672,0.0001116879224,0.24871845,0.15039012200000001,507.4827109089999
2028,0.2279025551,0.000111689163,0.248661387,0.150601514,507.7313722959999
2029,0.2280142443,0.0001116904123,0.248656368,0.150715121,507.9800286639999
2030,0.2281259347,0.0001116916698,0.250554901,0.15069721200000002,508.2305835649999
2031,0.2282376264,0.0001116929354,0.250639052,0.151202332,508.4812226169999
2032,0.2283493193,0.0001116942087,0.250658616,0.151116048,508.7318812329999
2033,0.2284610135,0.0001116954894,0.250890677,0.152817443,508.9827719099999
2034,0.228572709,0.0001116967772,0.24947787,0.151113113,509.2322497799999
2035,0.2286844058,0.000111698072,0.251339259,0.153106052,509.4835890389999
2036,0.2287961039,0.0001116993737,0.250036837,0.150993679,509.7336258759999
2037,0.2289078032,0.000111700682,0.250132596,0.150636259,509.9837584719999
2038,0.2290195039,0.000111701997,0.249206419,0.150447514,510.23296489099994
2039,0.2291312059,0.0001117033185,0.249353999,0.150867271,510.48231888999993
2040,0.2292429092,0.0001117046465,0.249767795,0.150377257,510.73208668499996
2041,0.2293546139,0.0001117059811,0.250225317,0.15151690099999998,510.98231200199996
2042,0.2294663199,0.0001117073222,0.249026738,0.15090426499999998,511.23133873999996
2043,0.2295780272,0.0001117086701,0.24966365,0.150780101,511.48100238999996
2044,0.2296897359,0.0001117100248,0.248897416,0.150210284,511.72989980599993
2045,0.2298014459,9.927706114e-05,0.248100873,0.150012652,511.97800067899993
2046,0.2299007229,9.927706114e-05,0.249176261,0.150203729,512.2271769399999
2047,0.23,0.0001092047673,0.250117717,0.15093088100000002,512.4772946569999
2048,0.2301092048,0.0001117149153,0.252120436,0.152731399,512.729415093
2049,0.2302209197,0.0001117162072,0.250005351,0.151330159,512.979420444
2050,0.2303326359,0.0001117173986,0.250867198,0.151806034,513.230287642
2051,0.2304443533,0.0001117185497,0.249414546,0.151311544,513.479702188
2052,0.2305560718,0.0001117196606,0.249769037,0.151266026,513.729471225
2053,0.2306677915,0.0001117207317,0.248911518,0.150393409,513.978382743
2054,0.2307795122,0.0001117217648,0.248056623,0.150014093,514.226439366
2055,0.230891234,0.0001117227628,0.248854964,0.150653125,514.47529433
2056,0.2310029568,0.0001117237289,0.248864021,0.150434185,514.724158351
2057,0.2311146805,0.0001117246665,0.255570015,0.15728194299999998,514.979728366
2058,0.2312264052,0.0001117255785,0.24816886,0.149554785,515.227897226
2059,0.2313381307,0.0001117264678,0.252885854,0.154174496,515.48078308
2060,0.2314498572,0.0001117273372,0.249238952,0.15046573000000002,515.7300220320001
2061,0.2315615845,0.0001117281894,0.259342763,0.161371187,515.989364795
2062,0.2316733127,0.0001117290268,0.249864105,0.150534469,516.2392289000001
2063,0.2317850418,0.0001117298519,0.249716824,0.151081164,516.488945724
2064,0.2318967716,0.0001117306669,0.248718851,0.149686507,516.737664575
2065,0.2320085023,0.0001117314742,0.24846226,0.149414405,516.986126835
2066,0.2321202337,0.0001117322761,0.252247753,0.15401015,517.238374588
2067,0.232231966,0.0001117330743,0.25219256,0.15373436000000001,517.4905671480001
2068,0.2323436991,0.0001117338704,0.24980191,0.15147501000000002,517.740369058
2069,0.232455433,0.0001117346654,0.248602723,0.149869622,517.988971781
2070,0.2325671676,0.0001117354604,0.248937365,0.15017076499999998,518.237909146
2071,0.2326789031,0.0001117362561,0.248598471,0.150335555,518.486507617
2072,0.2327906393,0.0001117370532,0.248903488,0.15043463099999999,518.735411105
2073,0.2329023764,0.0001117378523,0.25049056,0.15178667899999998,518.985901665
2074,0.2330141143,0.000111738654,0.248970723,0.150832518,519.234872388
2075,0.2331258529,0.0001117394585,0.253408612,0.153544954,519.488281
2076,0.2332375924,0.0001117402663,0.25646443,0.156914498,519.7447454300001
2077,0.2333493326,0.0001117410778,0.248523831,0.15009905699999998,519.9932692610001
2078,0.2334610737,0.0001117418932,0.24876024,0.150694954,520.2420295010002
2079,0.2335728156,0.0001117427128,0.249550033,0.15049397,520.4915795340002
2080,0.2336845583,0.0001117435367,0.249449088,0.150421136,520.7410286220002
2081,0.2337963019,0.0001117443652,0.248951082,0.150960185,520.9899797040001
2082,0.2339080462,0.0001117451985,0.253649167,0.155382213,521.2436288710002
2083,0.2340197914,0.0001117460368,0.249789107,0.151000448,521.4934179780001
2084,0.2341315375,0.0001117468801,0.248525429,0.149879651,521.7419434070001
2085,0.2342432843,0.0001117477286,0.249004863,0.1508818,521.9909482700001
2086,0.2343550321,0.0001117447351,0.256889064,0.158521659,522.2478373340001
2087,0.2344667768,0.0001117415419,0.249900445,0.151556626,522.4977377790001
2088,0.2345785183,0.0001117384626,0.249815001,0.15079209799999999,522.7475527800001
2089,0.2346902568,0.0001117354827,0.248710165,0.150279354,522.9962629450001
2090,0.2348019923,0.0001117325895,0.24928147,0.149878751,523.2455444150002
2091,0.2349137249,0.0001117297721,0.249520773,0.15060997599999998,523.4950651880001
2092,0.2350254546,0.0001117270207,0.248634236,0.150161072,523.7436994240002
2093,0.2351371817,0.0001117243272,0.24907545,0.150705798,523.9927748740001
2094,0.235248906,0.0001117216842,0.24836529,0.15041021599999999,524.2411401640002
2095,0.2353606277,0.0001117190859,0.248869593,0.150545613,524.4900097570002
2096,0.2354723468,0.0001117165266,0.2487972,0.15015314800000001,524.7388069570002
2097,0.2355840633,0.0001117140018,0.24899389,0.150635635,524.9878008470001
2098,0.2356957773,0.0001117115075,0.249237959,0.15104505899999998,525.2370388060001
2099,0.2358074888,0.0001117090401,0.249812492,0.15080828899999998,525.4868512980001
2100,0.2359191978,0.0001117065968,0.249507171,0.15036704099999998,525.7363584690002
2101,0.2360309044,0.000111704175,0.24830418,0.15031601900000002,525.9846626490001
2102,0.2361426086,0.0001117017725,0.249174162,0.150513643,526.2338368110002
2103,0.2362543104,0.0001116993875,0.249539018,0.150697472,526.4833758290001
2104,0.2363660098,0.0001116970182,0.249892064,0.15070345200000002,526.7332678930002
2105,0.2364777068,0.0001116946633,0.248922008,0.150785628,526.9821899010002
2106,0.2365894015,0.0001116923217,0.249222075,0.150659237,527.2314119760002
2107,0.2367010938,0.0001116899923,0.248990326,0.15023375500000002,527.4804023020002
2108,0.2368127838,0.0001116876744,0.250537628,0.15176097100000002,527.7309399300002
2109,0.2369244714,0.0001116853671,0.249837037,0.150776175,527.9807769670002
2110,0.2370361568,0.0001116830699,0.250044047,0.150665636,528.2308210140002
2111,0.2371478399,0.0001116807823,0.250291276,0.151322751,528.4811122900002
2112,0.2372595207,0.0001116785039,0.250922105,0.151510427,528.7320343950001
2113,0.2373711992,0.0001116762343,0.249014958,0.15061134,528.9810493530001
2114,0.2374828754,0.0001116739733,0.249602887,0.151304309,529.2306522400002
2115,0.2375945494,0.0001116717206,0.249069349,0.150317815,529.4797215890002
2116,0.2377062211,0.0001116694761,0.249930232,0.151190093,529.7296518210002
2117,0.2378178906,0.0001116672395,0.249150147,0.15060327099999998,529.9788019680002
2118,0.2379295578,0.0001116650109,0.252614123,0.153822689,530.2314160910001
2119,0.2380412228,0.0001116627902,0.248323437,0.150142993,530.4797395280001
2120,0.2381528856,0.0001116605774,0.250122521,0.151339431,530.7298620490001
2121,0.2382645462,0.0001116583724,0.249130522,0.150083098,530.978992571
2122,0.2383762046,0.0001116561751,0.249309017,0.15078455400000002,531.228301588
2123,0.2384878607,0.000111653986,0.248270904,0.14993267,531.4765724920001
2124,0.2385995147,0.0001116518051,0.248782048,0.15000582299999998,531.72535454
2125,0.2387111665,0.0001116496324,0.248964322,0.149972871,531.974318862
2126,0.2388228162,0.0001116474679,0.25425321,0.155891075,532.228572072
2127,0.2389344636,0.0001116453115,0.249489025,0.151232783,532.478061097
2128,0.2390461089,0.0001116431632,0.249086051,0.15058268600000002,532.727147148
2129,0.2391577521,0.0001116410229,0.248217775,0.150184841,532.9753649229999
2130,0.2392693931,0.0001116388902,0.248751261,0.150454396,533.224116184
2131,0.239381032,0.0001116367644,0.24918029,0.151212437,533.473296474
2132,0.2394926688,0.000111634645,0.249170652,0.150736107,533.722467126
2133,0.2396043034,0.0001116325318,0.249067114,0.150738671,533.97153424
2134,0.239715936,0.0001116304248,0.250062034,0.151239507,534.221596274
2135,0.2398275664,8.621680957e-05,0.249812313,0.151397493,534.471408587
2136,0.2399137832,8.621680957e-05,0.248715183,0.150945836,534.72012377
2137,0.24,9.483849053e-05,0.248329131,0.150210842,534.968452901
2138,0.2400948385,0.0001043223396,0.249246777,0.151202232,535.217699678
2139,0.2401991608,0.0001116208739,0.249152879,0.150818208,535.466852557
2140,0.2403107817,0.0001116188716,0.250414246,0.151259771,535.717266803
2141,0.2404224006,0.0001116168227,0.249380478,0.15079300899999998,535.9666472810001
2142,0.2405340174,0.0001116147919,0.250470239,0.151168195,536.2171175200001
2143,0.2406456322,0.0001116127703,0.249694105,0.15106424499999999,536.4668116250001
2144,0.240757245,0.0001116107551,0.248960228,0.150742208,536.7157718530001
2145,0.2408688557,0.0001116087455,0.249622743,0.150986265,536.9653945960001
2146,0.2409804645,0.0001116067413,0.249022725,0.150345334,537.2144173210002
2147,0.2410920712,0.0001116047423,0.249727482,0.15086044199999998,537.4641448030002
2148,0.2412036759,0.0001116027487,0.249325454,0.15043831800000002,537.7134702570002
2149,0.2413152787,0.0001116007601,0.250772689,0.152011973,537.9642429460001
2150,0.2414268795,0.0001115987767,0.247967741,0.14965940300000002,538.2122106870002
2151,0.2415384782,0.0001115967983,0.248664159,0.15044173,538.4608748460001
2152,0.241650075,0.000111594825,0.249028708,0.150523817,538.7099035540001
2153,0.2417616699,0.0001115928566,0.247783078,0.149910195,538.9576866320001
2154,0.2418732627,0.0001115908933,0.250041282,0.151458243,539.2077279140001
2155,0.2419848536,0.000111588935,0.248400385,0.15018135,539.456128299
2156,0.2420964425,0.0001115869813,0.25012744,0.151674597,539.7062557390001
2157,0.2422080295,0.0001115850319,0.248754415,0.150327385,539.9550101540001
2158,0.2423196146,0.000111583087,0.249425599,0.15068748199999998,540.2044357530001
2159,0.2424311976,0.0001115811467,0.250900169,0.151693664,540.4553359220001
2160,0.2425427788,0.0001115792112,0.250472417,0.151823273,540.7058083390001
2161,0.242654358,0.0001115772807,0.249567204,0.15092695,540.9553755430001
2162,0.2427659353,0.0001115753554,0.249313866,0.15079453599999998,541.204689409
2163,0.2428775106,0.0001115734352,0.249044462,0.150747304,541.453733871
2164,0.2429890841,0.0001115715204,0.249377049,0.150680015,541.7031109200001
2165,0.2431006556,0.0001115696111,0.24875034,0.150161482,541.9518612600001
2166,0.2432122252,0.0001115677072,0.24896628,0.150320004,542.2008275400001
2167,0.2433237929,0.0001115658088,0.248393571,0.150146638,542.449221111
2168,0.2434353587,0.000111563916,0.248907872,0.15070653299999998,542.6981289830001
2169,0.2435469226,0.0001115620288,0.24836977,0.150263161,542.946498753
2170,0.2436584847,0.0001115601472,0.249871258,0.15130749999999998,543.196370011
2171,0.2437700448,0.0001115582711,0.249791975,0.15094874000000003,543.446161986
2172,0.2438816031,0.0001115564007,0.257812721,0.158786586,543.703974707
2173,0.2439931595,0.0001115545357,0.249931342,0.151241233,543.953906049
2174,0.244104714,0.0001115526759,0.250496269,0.151737477,544.204402318
2175,0.2442162667,0.0001115508213,0.248730406,0.150451925,544.453132724
2176,0.2443278175,0.0001115489719,0.249705853,0.150862721,544.7028385770001
2177,0.2444393665,0.0001115471278,0.248771709,0.15020971,544.9516102860001
2178,0.2445509136,0.0001115452889,0.255977385,0.156451656,545.2075876710002
2179,0.2446624589,0.0001115434552,0.248227614,0.150245082,545.4558152850002
2180,0.2447740024,0.0001115416269,0.248809937,0.150039152,545.7046252220002
2181,0.244885544,0.000111539804,0.259876305,0.161813968,545.9645015270003
2182,0.2449970838,0.0001115379866,0.266774162,0.16790880600000002,546.2312756890003
2183,0.2451086218,0.0001115361748,0.249401869,0.151172051,546.4806775580004
2184,0.2452201579,0.0001115343688,0.265520807,0.150836746,546.7461983650004
2185,0.2453316923,0.000111532567,0.249023582,0.150787552,546.9952219470003
2186,0.2454432249,0.0001115307692,0.249176785,0.150696309,547.2443987320004
2187,0.2455547557,0.0001115289757,0.248835244,0.150103755,547.4932339760004
2188,0.2456662846,0.0001115271873,0.249960844,0.15092966000000002,547.7431948200004
2189,0.2457778118,0.0001115254045,0.249992319,0.150892602,547.9931871390004
2190,0.2458893372,0.0001115236277,0.249770451,0.15127223299999998,548.2429575900004
2191,0.2460008608,0.0001115218575,0.249394598,0.15071965799999998,548.4923521880004
2192,0.2461123827,0.0001115200941,0.248657993,0.15002437899999999,548.7410101810004
2193,0.2462239028,0.0001115183378,0.249960221,0.151646139,548.9909704020005
2194,0.2463354211,0.0001115165889,0.249196776,0.150421582,549.2401671780004
2195,0.2464469377,0.0001115148467,0.248854373,0.15030788,549.4890215510004
2196,0.2465584526,0.0001115131084,0.249495233,0.151058131,549.7385167840004
2197,0.2466699657,0.0001115113744,0.248844546,0.150907931,549.9873613300003
2198,0.2467814771,0.000111509645,0.24892963,0.150091327,550.2362909600004
2199,0.2468929867,0.0001115079208,0.248317225,0.150307993,550.4846081850004
2200,0.2470044946,0.0001115062019,0.249847446,0.150442029,550.7344556310004
2201,0.2471160008,0.0001115044888,0.25605536,0.150605307,550.9905109910004
2202,0.2472275053,0.0001115027814,0.249182388,0.151147943,551.2396933790004
2203,0.2473390081,0.0001115010801,0.249572892,0.15134832399999998,551.4892662710004
2204,0.2474505092,0.0001114993849,0.250477007,0.151742554,551.7397432780003
2205,0.2475620086,0.0001114976958,0.249490681,0.150521322,551.9892339590003
2206,0.2476735063,0.0001114960129,0.249967419,0.150672249,552.2392013780003
2207,0.2477850023,0.0001114943362,0.247936003,0.15032340500000002,552.4871373810003
2208,0.2478964966,0.0001114926656,0.24956474,0.150893144,552.7367021210002
2209,0.2480079893,0.0001114910009,0.248835167,0.150567585,552.9855372880003
2210,0.2481194803,0.0001114893421,0.251590672,0.15209782300000002,553.2371279600003
2211,0.2482309696,0.000111487689,0.248885547,0.14990531299999998,553.4860135070003
2212,0.2483424573,0.0001114860416,0.251283411,0.15162915300000002,553.7372969180003
2213,0.2484539433,0.0001114843997,0.251144604,0.151268917,553.9884415220004
2214,0.2485654277,0.0001114827634,0.252813232,0.153774773,554.2412547540004
2215,0.2486769105,0.0001114811326,0.248538778,0.150333124,554.4897935320004
2216,0.2487883916,0.000111479507,0.249753848,0.149987459,554.7395473800003
2217,0.2488998711,0.0001114778863,0.248454448,0.149896399,554.9880018280003
2218,0.249011349,0.0001114762705,0.249851373,0.150127272,555.2378532010002
2219,0.2491228253,0.0001114746597,0.249625934,0.15077086299999998,555.4874791350003
2220,0.2492343,0.0001114730538,0.251317929,0.152106514,555.7387970640003
2221,0.249345773,0.0001114714528,0.249385614,0.151019955,555.9881826780003
2222,0.2494572445,0.0001114698574,0.249818885,0.150282317,556.2380015630002
2223,0.2495687143,0.0001114682676,0.24943786,0.151010445,556.4874394230002
2224,0.2496801826,0.0001114666834,0.254170533,0.155475284,556.7416099560002
2225,0.2497916493,0.0001041753613,0.249201797,0.151171767,556.9908117530001
2226,0.2498958246,0.0001041753613,0.249634946,0.151359317,557.2404466990001
2227,0.25,0.000111462004,0.249190092,0.150429481,557.4896367910002
2228,0.250111462,0.0001114605165,0.248271737,0.150398062,557.7379085280002
2229,0.2502229225,0.0001114589548,0.248766719,0.15076794799999998,557.9866752470001
2230,0.2503343815,0.0001114574051,0.249957036,0.150493909,558.2366322830001
2231,0.2504458389,0.0001114558627,0.248539084,0.150019249,558.485171367
2232,0.2505572947,0.0001114543258,0.249374868,0.151171877,558.734546235
2233,0.2506687491,0.0001114527934,0.248235933,0.14983432600000002,558.9827821680001
2234,0.2507802019,0.0001114512664,0.249405912,0.150870925,559.2321880800001
2235,0.2508916531,0.0001114497455,0.249622811,0.1505034,559.4818108910001
2236,0.2510031029,0.0001114482314,0.249074891,0.15102588500000003,559.7308857820001
2237,0.2511145511,0.0001114467246,0.251721887,0.153710715,559.9826076690001
2238,0.2512259978,0.0001114452252,0.249247816,0.150615035,560.2318554850001
2239,0.2513374431,0.0001114437333,0.24839663,0.15035983800000002,560.4802521150001
2240,0.2514488868,0.0001114422488,0.248829959,0.150288283,560.7290820740001
2241,0.251560329,0.0001114407717,0.248530904,0.14975298,560.977612978
2242,0.2516717698,0.0001114393019,0.250260909,0.15110753300000002,561.227873887
2243,0.2517832091,0.0001114378392,0.248786551,0.150661072,561.476660438
2244,0.251894647,0.0001114363836,0.248567729,0.150121593,561.725228167
2245,0.2520060833,0.000111434935,0.247914791,0.150117384,561.9731429579999
2246,0.2521175183,0.0001114334932,0.248383407,0.15011246,562.2215263649999
2247,0.2522289518,0.0001114320583,0.24890512,0.150542596,562.470431485
2248,0.2523403838,0.0001114306302,0.25110473,0.15217038100000002,562.7215362149999
2249,0.2524518145,0.000111429209,0.248652418,0.15036865,562.9701886329999
2250,0.2525632437,0.0001114277946,0.258391797,0.15936050699999998,563.2285804299999
2251,0.2526746715,0.000111426387,0.24919105,0.150735433,563.4777714799999
2252,0.2527860978,0.0001114249863,0.248607226,0.149919764,563.7263787059999
2253,0.2528975228,0.0001114235922,0.249850366,0.150639281,563.9762290719999
2254,0.2530089464,0.0001114222049,0.25049433,0.15125765600000002,564.226723402
2255,0.2531203686,0.0001114208241,0.248833415,0.150545344,564.475556817
2256,0.2532317894,0.0001114194499,0.249984839,0.15152258000000002,564.725541656
2257,0.2533432089,0.0001114180822,0.249900452,0.151242709,564.975442108
2258,0.253454627,0.0001114167211,0.24916622,0.150532838,565.224608328
2259,0.2535660437,0.0001114153665,0.248851695,0.15061624099999998,565.473460023
2260,0.2536774591,0.0001114140186,0.249087745,0.15045904599999999,565.722547768
2261,0.2537888731,0.0001114126775,0.249417993,0.15096400999999998,565.971965761
2262,0.2539002858,0.0001114113432,0.248700289,0.15085643799999998,566.22066605
2263,0.2540116971,0.0001114100159,0.24747196,0.14976782300000002,566.46813801
2264,0.2541231071,0.0001114086958,0.248604462,0.150299449,566.716742472
2265,0.2542345158,0.0001114073829,0.251073564,0.151713404,566.9678160359999
2266,0.2543459232,0.0001114060774,0.248905668,0.150400547,567.216721704
2267,0.2544573293,0.0001114047794,0.248531256,0.150206779,567.4652529599999
2268,0.2545687341,0.0001114034889,0.252634663,0.153664993,567.7178876229999
2269,0.2546801375,0.000111402206,0.248910296,0.150571189,567.9667979189999
2270,0.2547915398,0.0001114009308,0.254122379,0.155276019,568.2209202979999
2271,0.2549029407,0.0001113996632,0.249624633,0.151422102,568.470544931
2272,0.2550143403,0.0001113984043,0.249889816,0.15094528200000001,568.7204347469999
2273,0.2551257388,0.0001113971546,0.249162099,0.15117033600000002,568.969596846
2274,0.2552371359,0.0001113959138,0.249201489,0.15106313100000002,569.218798335
2275,0.2553485318,0.0001113946816,0.249441335,0.150949,569.46823967
2276,0.2554599265,0.0001113934576,0.248457903,0.149461854,569.716697573
2277,0.25557132,0.0001113922415,0.249367328,0.150587631,569.966064901
2278,0.2556827122,0.000111391033,0.250064854,0.15172331,570.216129755
2279,0.2557941032,0.0001113898318,0.249191123,0.150326507,570.4653208779999
2280,0.2559054931,0.0001113886377,0.258105798,0.159431871,570.7234266759999
2281,0.2560168817,0.0001113874504,0.249797916,0.150955706,570.973224592
2282,0.2561282692,0.0001113862696,0.248655672,0.15058127500000001,571.221880264
2283,0.2562396554,0.0001113850952,0.249373502,0.150790551,571.471253766
2284,0.2563510405,0.0001113839268,0.257656646,0.15888872,571.728910412
2285,0.2564624244,0.0001113827643,0.250722422,0.152251141,571.979632834
2286,0.2565738072,0.0001113816074,0.248209253,0.149620598,572.227842087
2287,0.2566851888,0.000111380456,0.248541041,0.150272977,572.476383128
2288,0.2567965693,0.0001113793099,0.248718793,0.14992757499999998,572.7251019209999
2289,0.2569079486,0.0001113781689,0.248945048,0.150866051,572.9740469689999
2290,0.2570193268,0.0001113770327,0.256746269,0.15759450200000003,573.2307932379999
2291,0.2571307038,0.0001113759013,0.248930421,0.150368885,573.4797236589999
2292,0.2572420797,0.0001113747744,0.248534758,0.150286212,573.7282584169999
2293,0.2573534545,0.0001113736519,0.249375482,0.15115624,573.9776338989999
2294,0.2574648281,0.0001113725336,0.254206819,0.154996244,574.231840718
2295,0.2575762006,0.0001113714195,0.249175893,0.151236075,574.481016611
2296,0.2576875721,0.0001113703093,0.262562613,0.15136621700000003,574.743579224
2297,0.2577989424,0.000111369203,0.250712679,0.15160522199999998,574.994291903
2298,0.2579103116,0.0001113681006,0.264701242,0.151112064,575.258993145
2299,0.2580216797,0.0001113670021,0.249163787,0.15045327400000003,575.508156932
2300,0.2581330467,0.0001113659073,0.253430729,0.150326703,575.761587661
2301,0.2582444126,0.0001113648163,0.250450537,0.15190899800000002,576.012038198
2302,0.2583557774,0.000111363729,0.249138962,0.15113,576.26117716
2303,0.2584671411,0.0001113626456,0.248936171,0.151063937,576.510113331
2304,0.2585785038,0.0001113615659,0.249258977,0.150710168,576.7593723079999
2305,0.2586898653,0.0001113604901,0.249391718,0.149919733,577.0087640259999
2306,0.2588012258,0.0001113594181,0.248466827,0.149815511,577.2572308529999
2307,0.2589125853,0.00011135835,0.249296454,0.150792353,577.5065273069999
2308,0.2590239436,0.0001113572856,0.248648862,0.150039492,577.7551761689999
2309,0.2591353009,0.0001113562251,0.248939909,0.150854414,578.0041160779999
2310,0.2592466571,0.0001113551683,0.248767525,0.150033498,578.2528836029999
2311,0.2593580123,0.0001113541152,0.248653997,0.150881932,578.5015375999999
2312,0.2594693664,0.0001113530659,0.250702659,0.151277416,578.7522402589999
2313,0.2595807195,0.0001113520204,0.249303041,0.15097863099999997,579.0015432999999
2314,0.2596920715,0.0001113509784,0.248721201,0.150387151,579.2502645009998
2315,0.2598034225,9.828876904e-05,0.249111589,0.15084394099999998,579.4993760899998
2316,0.2599017112,9.828876904e-05,0.24844134,0.150300376,579.7478174299998
2317,0.26,0.0001081176459,0.250656725,0.15153928,579.9984741549998
2318,0.2601081176,0.000111346913,0.249232483,0.150862916,580.2477066379998
2319,0.2602194646,0.0001113459272,0.248755811,0.150542263,580.4964624489999
2320,0.2603308105,0.0001113449084,0.249033457,0.150570451,580.7454959059999
2321,0.2604421554,0.0001113438983,0.249025943,0.15081417400000002,580.9945218489999
2322,0.2605534993,0.0001113428931,0.248798917,0.149902802,581.2433207659999
2323,0.2606648422,0.0001113418912,0.248593195,0.15004088799999998,581.4919139609999
2324,0.2607761841,0.0001113408921,0.249538686,0.15104197000000003,581.741452647
2325,0.260887525,0.0001113398958,0.249363202,0.151263563,581.990815849
2326,0.2609988649,0.0001113389025,0.249362985,0.150875304,582.240178834
2327,0.2611102038,0.0001113379125,0.249062851,0.151006847,582.4892416849999
2328,0.2612215417,0.0001113369259,0.250192852,0.151319319,582.739434537
2329,0.2613328786,0.0001113359431,0.249310777,0.150815741,582.988745314
2330,0.2614442145,0.0001113349642,0.255501068,0.156607399,583.2442463819999
2331,0.2615555495,0.0001113339896,0.249065379,0.15086286399999999,583.4933117609999
2332,0.2616668835,0.0001113330193,0.250026254,0.151647225,583.7433380149998
2333,0.2617782165,0.0001113320537,0.250613605,0.151643642,583.9939516199998
2334,0.2618895486,0.0001113310929,0.248768057,0.150184555,584.2427196769999
2335,0.2620008797,0.0001113301369,0.253254055,0.154346968,584.4959737319998
2336,0.2621122098,0.0001113291857,0.25046276,0.151958239,584.7464364919998
2337,0.262223539,0.0001113282394,0.249463333,0.151502097,584.9958998249998
2338,0.2623348672,0.0001113272984,0.249601758,0.151209118,585.2455015829999
2339,0.2624461945,0.0001113263627,0.248596136,0.15050987300000002,585.4940977189998
2340,0.2625575209,0.0001113254326,0.249594491,0.150167239,585.7436922099998
2341,0.2626688463,0.0001113245081,0.249219642,0.150307693,585.9929118519998
2342,0.2627801708,0.0001113235895,0.250266871,0.152237012,586.2431787229998
2343,0.2628914944,0.0001113226768,0.248916425,0.150543586,586.4920951479997
2344,0.2630028171,0.0001113217702,0.249034724,0.150208759,586.7411298719998
2345,0.2631141389,0.0001113208695,0.250031929,0.151187272,586.9911618009997
2346,0.2632254597,0.000111319975,0.251171003,0.152015398,587.2423328039997
2347,0.2633367797,0.0001113190864,0.248105221,0.150091091,587.4904380249997
2348,0.2634480988,0.000111318204,0.249499896,0.151499738,587.7399379209996
2349,0.263559417,0.0001113173275,0.249633278,0.150949255,587.9895711989997
2350,0.2636707343,0.0001113164572,0.249694798,0.15039993899999998,588.2392659969996
2351,0.2637820508,0.0001113155928,0.248728637,0.15056983699999998,588.4879946339996
2352,0.2638933664,0.0001113147345,0.248037513,0.149532212,588.7360321469996
2353,0.2640046811,0.0001113138824,0.248933958,0.150569813,588.9849661049996
2354,0.264115995,0.0001113130363,0.24834733,0.150732033,589.2333134349996
2355,0.264227308,0.0001113121962,0.24936045,0.150343206,589.4826738849996
2356,0.2643386202,0.0001113113616,0.249091432,0.150198447,589.7317653169996
2357,0.2644499316,0.0001113105326,0.248669075,0.150107352,589.9804343919996
2358,0.2645612421,0.0001113097091,0.249345323,0.150918526,590.2297797149995
2359,0.2646725518,0.0001113088911,0.26531216,0.166422834,590.4950918749995
2360,0.2647838607,0.0001113080787,0.249619822,0.15068625600000002,590.7447116969995
2361,0.2648951688,0.0001113072726,0.249840181,0.15123207700000002,590.9945518779995
2362,0.2650064761,0.0001113064728,0.248123708,0.150243669,591.2426755859995
2363,0.2651177825,0.0001113056793,0.257939394,0.158584896,591.5006149799995
2364,0.2652290882,0.0001113048922,0.25019645,0.151193681,591.7508114299994
2365,0.2653403931,0.0001113041117,0.251710525,0.153334724,592.0025219549995
2366,0.2654516972,0.0001113033378,0.249110201,0.15047343600000002,592.2516321559995
2367,0.2655630006,0.0001113025702,0.250295999,0.15099163399999999,592.5019281549994
2368,0.2656743031,0.000111301809,0.247914763,0.150403879,592.7498429179994
2369,0.2657856049,0.0001113010542,0.248216053,0.150341845,592.9980589709994
2370,0.265896906,0.0001113003058,0.248730394,0.14989650100000002,593.2467893649994
2371,0.2660082063,0.000111299564,0.248800183,0.150551299,593.4955895479993
2372,0.2661195059,0.0001112988286,0.249297477,0.151297843,593.7448870249993
2373,0.2662308047,0.0001112980996,0.248951016,0.150321336,593.9938380409993
2374,0.2663421028,0.0001112973769,0.254197332,0.155291104,594.2480353729993
2375,0.2664534002,0.0001112966604,0.252930426,0.153787993,594.5009657989993
2376,0.2665646968,0.0001112959499,0.250232841,0.151248273,594.7511986399993
2377,0.2666759928,0.0001112952452,0.249236017,0.150604404,595.0004346569993
2378,0.266787288,0.0001112945461,0.259771164,0.159533392,595.2602058209993
2379,0.2668985826,0.0001112938524,0.253494888,0.15330729799999998,595.5137007089993
2380,0.2670098764,0.000111293164,0.25104762,0.151635283,595.7647483289993
2381,0.2671211696,0.0001112924806,0.249517958,0.150414524,596.0142662869993
2382,0.2672324621,0.000111291802,0.24924717,0.150850917,596.2635134569992
2383,0.2673437539,0.000111291128,0.249591065,0.15054615799999999,596.5131045219993
2384,0.267455045,0.0001112904585,0.248739185,0.15004373599999998,596.7618437069992
2385,0.2675663355,0.0001112897932,0.248558322,0.149804522,597.0104020289992
2386,0.2676776253,0.0001112891321,0.248712764,0.150049599,597.2591147929992
2387,0.2677889144,0.0001112884749,0.248568358,0.150296153,597.5076831509991
2388,0.2679002029,0.0001112878214,0.254145576,0.155610655,597.7618287269992
2389,0.2680114907,0.0001112871717,0.24977844,0.15158441,598.0116071669992
2390,0.2681227779,0.0001112865254,0.249488864,0.150447612,598.2610960309992
2391,0.2682340644,0.0001112858824,0.248725693,0.150655051,598.5098217239992
2392,0.2683453503,0.0001112852426,0.249417745,0.150768445,598.7592394689991
2393,0.2684566355,0.0001112846059,0.254312915,0.15573052799999998,599.0135523839991
2394,0.2685679201,0.000111283972,0.248908406,0.15079358,599.2624607899992
2395,0.2686792041,0.000111283341,0.248867822,0.15067851100000001,599.5113286119991
2396,0.2687904874,0.0001112827127,0.250867963,0.152934492,599.7621965749992
2397,0.2689017701,0.000111282087,0.248653695,0.150056027,600.0108502699992
2398,0.2690130522,0.0001112814637,0.252202911,0.15325645999999998,600.2630531809992
2399,0.2691243337,0.000111280843,0.249925225,0.150919452,600.5129784059992
2400,0.2692356145,0.0001112802247,0.255668228,0.15682469500000001,600.7686466339992
2401,0.2693468948,0.000111279609,0.248886532,0.150471711,601.0175331659992
2402,0.2694581744,0.0001112789958,0.249885482,0.151613058,601.2674186479992
2403,0.2695694534,0.0001112783853,0.248605917,0.149635402,601.5160245649992
2404,0.2696807317,0.0001112777775,0.249364114,0.15065353,601.7653886789991
2405,0.2697920095,0.0001039952364,0.247744548,0.15031587400000002,602.0131332269991
2406,0.2698960048,0.0001039952364,0.248243057,0.150285227,602.2613762839991
2407,0.27,0.0001112758615,0.249877326,0.151152717,602.5112536099991
2408,0.2701112759,0.0001112753745,0.248560319,0.150115844,602.7598139289992
2409,0.2702225512,0.0001112747784,0.249313684,0.15129819900000002,603.0091276129991
2410,0.270333826,0.0001112741893,0.249566874,0.149962832,603.2586944869992
2411,0.2704451002,0.000111273605,0.248768284,0.150037947,603.5074627709992
2412,0.2705563738,0.0001112730236,0.250034925,0.150801035,603.7574976959992
2413,0.2706676468,0.0001112724444,0.249814968,0.150974913,604.0073126639992
2414,0.2707789193,0.000111271867,0.249289738,0.15092776,604.2566024019992
2415,0.2708901911,0.0001112712915,0.249042609,0.149922524,604.5056450109992
2416,0.2710014624,0.0001112707178,0.248362514,0.150379563,604.7540075249991
2417,0.2711127332,0.0001112701458,0.248792719,0.14992491400000002,605.0028002439991
2418,0.2712240033,0.0001112695756,0.249023586,0.151003232,605.2518238299991
2419,0.2713352729,0.0001112690071,0.248549783,0.150257545,605.5003736129992
2420,0.2714465419,0.0001112684404,0.257013587,0.15797982900000002,605.7573871999991
2421,0.2715578103,0.0001112678753,0.264580214,0.15122466,606.0219674139992
2422,0.2716690782,0.0001112673119,0.250620968,0.151378457,606.2725883819992
2423,0.2717803455,0.0001112667502,0.261699343,0.16313773399999998,606.5342877249992
2424,0.2718916123,0.0001112661903,0.24910522,0.150739258,606.7833929449993
2425,0.2720028784,0.0001112656321,0.249831792,0.151347719,607.0332247369993
2426,0.2721141441,0.0001112650756,0.252373404,0.154335444,607.2855981409992
2427,0.2722254092,0.000111264521,0.255677577,0.157877127,607.5412757179993
2428,0.2723366737,0.0001112639683,0.250093351,0.151783266,607.7913690689993
2429,0.2724479376,0.0001112634174,0.248552879,0.150567967,608.0399219479993
2430,0.2725592011,0.0001112628686,0.249305437,0.150915776,608.2892273849993
2431,0.2726704639,0.0001112623218,0.249946206,0.150758843,608.5391735909993
2432,0.2727817263,0.0001112617771,0.250369231,0.15205276299999998,608.7895428219994
2433,0.272892988,0.0001112612346,0.249458055,0.150921101,609.0390008769994
2434,0.2730042493,0.0001112606943,0.251985958,0.153426908,609.2909868349993
2435,0.27311551,0.0001112601563,0.252613124,0.153463964,609.5435999589994
2436,0.2732267701,0.0001112596208,0.250312519,0.151695316,609.7939124779994
2437,0.2733380297,0.0001112590877,0.249775628,0.150973957,610.0436881059993
2438,0.2734492888,0.0001112585572,0.24943612,0.150657438,610.2931242259993
2439,0.2735605474,0.0001112580293,0.248079214,0.14970915899999998,610.5412034399993
2440,0.2736718054,0.0001112575042,0.250066661,0.150738315,610.7912701009993
2441,0.2737830629,0.0001112569818,0.258756371,0.160206648,611.0500264719993
2442,0.2738943199,0.0001112564624,0.248589886,0.150531291,611.2986163579993
2443,0.2740055764,0.0001112559459,0.249974842,0.151472324,611.5485911999994
2444,0.2741168323,0.0001112554324,0.250726863,0.151595169,611.7993180629993
2445,0.2742280877,0.0001112549219,0.248706031,0.14996428099999998,612.0480240939993
2446,0.2743393427,0.0001112544145,0.249761124,0.15137203,612.2977852179993
2447,0.2744505971,0.0001112539102,0.249495029,0.150901914,612.5472802469992
2448,0.274561851,0.000111253409,0.24898002,0.150829569,612.7962602669992
2449,0.2746731044,0.0001112529109,0.249625575,0.15081209699999998,613.0458858419992
2450,0.2747843573,0.0001112524161,0.250177542,0.15140511099999998,613.2960633839991
2451,0.2748956097,0.0001112519245,0.250100882,0.150946783,613.5461642659991
2452,0.2750068616,0.0001112514361,0.250663048,0.15078255899999998,613.7968273139991
2453,0.2751181131,0.0001112509509,0.248173429,0.149935029,614.045000742999
2454,0.275229364,0.000111250469,0.248141234,0.149897065,614.293141976999
2455,0.2753406145,0.0001112499903,0.24944975,0.15072030800000003,614.542591726999
2456,0.2754518645,0.0001112495149,0.249694117,0.15088230600000002,614.792285843999
2457,0.275563114,0.0001112490426,0.24849758,0.150492314,615.0407834239991
2458,0.275674363,0.0001112485736,0.249567227,0.150437031,615.290350650999
2459,0.2757856116,0.0001112481077,0.249396038,0.151025251,615.539746688999
2460,0.2758968597,0.0001112476449,0.250628813,0.15137265100000002,615.790375501999
2461,0.2760081074,0.0001112471853,0.248593876,0.149927109,616.038969377999
2462,0.2761193546,0.0001112467288,0.250941342,0.15171112,616.289910719999
2463,0.2762306013,0.0001112462755,0.248199257,0.149877048,616.5381099769991
2464,0.2763418476,0.0001112458253,0.249089903,0.15045902900000002,616.7871998799991
2465,0.2764530934,0.0001112453782,0.248210316,0.149824393,617.0354101959991
2466,0.2765643388,0.0001112449343,0.250384479,0.151483027,617.2857946749991
2467,0.2766755837,0.0001112444936,0.249428487,0.15067566599999999,617.5352231619992
2468,0.2767868282,0.0001112440559,0.249499382,0.15119413199999998,617.7847225439991
2469,0.2768980723,0.0001112436214,0.249314061,0.15089605,618.0340366049991
2470,0.2770093159,0.00011124319,0.249862102,0.150836808,618.283898706999
2471,0.2771205591,0.0001112427617,0.248318087,0.150295417,618.532216793999
2472,0.2772318018,0.0001112423365,0.248797367,0.15065621,618.781014160999
2473,0.2773430442,0.0001112419143,0.249973901,0.151037538,619.030988061999
2474,0.2774542861,0.0001112414951,0.248980993,0.15013237299999999,619.279969054999
2475,0.2775655276,0.0001112410789,0.249332043,0.15057376500000003,619.529301097999
2476,0.2776767687,0.0001112406656,0.250128224,0.151780365,619.779429321999
2477,0.2777880093,0.0001112402551,0.247967746,0.15016812200000001,620.027397067999
2478,0.2778992496,0.0001112398474,0.24819601,0.150574974,620.275593077999
2479,0.2780104894,0.0001112394423,0.248171861,0.150221326,620.523764938999
2480,0.2781217289,0.0001112390397,0.248690162,0.150089089,620.772455100999
2481,0.2782329679,0.0001112386396,0.252872209,0.155164682,621.0253273099989
2482,0.2783442065,0.0001112382423,0.249788191,0.151191625,621.2751155009989
2483,0.2784554448,0.0001112378477,0.248955603,0.15023377300000001,621.524071103999
2484,0.2785666826,0.0001112374557,0.248830356,0.150126581,621.7729014599989
2485,0.2786779201,0.0001112370666,0.248541134,0.150106664,622.0214425939989
2486,0.2787891572,0.0001112366808,0.253949634,0.155666613,622.275392227999
2487,0.2789003938,0.0001112362988,0.254954089,0.14996947300000002,622.5303463169989
2488,0.2790116301,0.0001112359213,0.248117043,0.150654327,622.7784633599989
2489,0.2791228661,0.0001112355484,0.248831391,0.15047423,623.0272947509989
2490,0.2792341016,0.0001112351806,0.248587607,0.149844066,623.2758823579989
2491,0.2793453368,0.0001112348182,0.248592586,0.1498535,623.5244749439988
2492,0.2794565716,0.0001112344613,0.249921984,0.151082784,623.7743969279989
2493,0.2795678061,0.00011123411,0.248883362,0.150187063,624.0232802899989
2494,0.2796790402,0.0001112337645,0.249409712,0.150808332,624.2726900019989
2495,0.2797902739,0.0001048630319,0.247794166,0.150145643,624.5204841679988
2496,0.279895137,0.0001048630319,0.248499259,0.15024534,624.7689834269988
2497,0.28,0.0001112326268,0.250016279,0.150709916,625.0189997059988
2498,0.2801112326,0.0001112324122,0.249351456,0.15132657700000002,625.2683511619988
2499,0.280222465,0.0001112320938,0.249073688,0.15050844400000002,625.5174248499987
2500,0.2803336971,0.0001112317835,0.249170986,0.150623401,625.7665958359987
2501,0.2804449289,0.0001112314801,0.249282354,0.150837254,626.0158781899987
2502,0.2805561604,0.0001112311819,0.248256096,0.14973583299999998,626.2641342859987
2503,0.2806673916,0.0001112308883,0.248511747,0.150109141,626.5126460329986
2504,0.2807786225,0.0001112305988,0.250602231,0.152587392,626.7632482639987
2505,0.2808898531,0.0001112303132,0.264392616,0.155639869,627.0276408799987
2506,0.2810010834,0.0001112300314,0.247754579,0.14943201499999997,627.2753954589987
2507,0.2811123134,0.0001112297533,0.253809885,0.155529839,627.5292053439987
2508,0.2812235432,0.0001112294786,0.250067909,0.150892531,627.7792732529987
2509,0.2813347726,0.0001112292073,0.254446992,0.15597477799999998,628.0337202449987
2510,0.2814460018,0.0001112289392,0.264788625,0.150129762,628.2985088699987
2511,0.2815572308,0.0001112286741,0.248195363,0.150037424,628.5467042329988
2512,0.2816684595,0.0001112284119,0.250237335,0.15101631,628.7969415679987
2513,0.2817796879,0.0001112281523,0.250247449,0.151613727,629.0471890169987
2514,0.281890916,0.000111227895,0.248464413,0.150589971,629.2956534299987
2515,0.2820021439,0.0001112276398,0.24822437,0.1497968,629.5438777999987
2516,0.2821133716,0.0001112273867,0.249624391,0.151357828,629.7935021909987
2517,0.2822245989,0.0001112271356,0.249144467,0.15096068099999999,630.0426466579986
2518,0.2823358261,0.00011122689,0.247977796,0.150060788,630.2906244539986
2519,0.282447053,0.0001112266517,0.249073994,0.150512686,630.5396984479986
2520,0.2825582796,0.0001112264198,0.249408063,0.15066214700000002,630.7891065109986
2521,0.282669506,0.0001112261932,0.248465252,0.150583857,631.0375717629986
2522,0.2827807322,0.0001112259712,0.249256798,0.151071927,631.2868285609986
2523,0.2828919582,0.0001112257531,0.249384779,0.151378589,631.5362133399987
2524,0.283003184,0.0001112255383,0.248746878,0.15031064300000002,631.7849602179987
2525,0.2831144095,0.0001112253263,0.248228325,0.150170141,632.0331885429987
2526,0.2832256348,0.0001112251169,0.249863263,0.15129758199999999,632.2830518059986
2527,0.2833368599,0.0001112249096,0.248259851,0.14927069999999998,632.5313116569986
2528,0.2834480849,0.0001112247043,0.252921257,0.154252762,632.7842329139986
2529,0.2835593096,0.0001112245009,0.249794386,0.15120357099999998,633.0340272999986
2530,0.2836705341,0.000111224299,0.24916878,0.15067900499999998,633.2831960799986
2531,0.2837817584,0.0001112240986,0.248849646,0.15065013700000002,633.5320457259986
2532,0.2838929825,0.0001112238996,0.257157229,0.159020842,633.7892029549986
2533,0.2840042064,0.0001112237021,0.24871562,0.150219161,634.0379185749986
2534,0.2841154301,0.0001112235059,0.248556664,0.150500248,634.2864752389986
2535,0.2842266536,0.0001112233113,0.24770528,0.149638472,634.5341805189986
2536,0.2843378769,0.0001112231183,0.248511049,0.149937086,634.7826915679985
2537,0.2844491,0.0001112229271,0.24773643,0.149877476,635.0304279979986
2538,0.2845603229,0.0001112227376,0.249314221,0.15063769300000002,635.2797422189985
2539,0.2846715457,0.00011122255,0.252931338,0.15394849,635.5326735569986
2540,0.2847827682,0.0001112223643,0.256271899,0.15747085100000002,635.7889454559986
2541,0.2848939906,0.0001112221803,0.249538549,0.15131372199999998,636.0384840049986
2542,0.2850052128,0.0001112219981,0.249770619,0.150829821,636.2882546239986
2543,0.2851164348,0.0001112218174,0.24790764,0.149771296,636.5361622639986
2544,0.2852276566,0.0001112216381,0.248258343,0.149799065,636.7844206069985
2545,0.2853388782,0.0001112214601,0.249984913,0.151099919,637.0344055199986
2546,0.2854500997,0.0001112212832,0.24989273,0.151436037,637.2842982499986
2547,0.285561321,0.0001112211071,0.249416222,0.15097471499999998,637.5337144719987
2548,0.2856725421,0.0001112209318,0.24882518,0.15032952500000002,637.7825396519987
2549,0.285783763,0.0001112207569,0.249773839,0.151140952,638.0323134909987
2550,0.2858949837,0.0001112205822,0.249352292,0.150947724,638.2816657829987
2551,0.2860062043,0.0001112204077,0.249513026,0.15088196,638.5311788089988
2552,0.2861174247,0.0001112202331,0.251527022,0.153479022,638.7827058309988
2553,0.286228645,0.0001112200583,0.248250895,0.14989750000000002,639.0309567259987
2554,0.286339865,0.0001112198832,0.248896761,0.150426363,639.2798534869987
2555,0.2864510849,0.0001112197077,0.249913738,0.151557379,639.5297672249987
2556,0.2865623046,0.0001112195317,0.249229976,0.150470557,639.7789972009988
2557,0.2866735241,0.0001112193553,0.249747843,0.151368891,640.0287450439988
2558,0.2867847435,0.0001112191783,0.247989937,0.149894579,640.2767349809989
2559,0.2868959627,0.0001112190009,0.249074698,0.150548626,640.5258096789988
2560,0.2870071817,0.0001112188231,0.249484672,0.151055356,640.7752943509988
2561,0.2871184005,0.0001112186449,0.24908506,0.150297636,641.0243794109988
2562,0.2872296192,0.0001112184664,0.24951584,0.15071705000000002,641.2738952509987
2563,0.2873408376,0.0001112182877,0.250395165,0.151932921,641.5242904159987
2564,0.2874520559,0.0001112181089,0.24897734,0.15034609799999998,641.7732677559987
2565,0.287563274,0.0001112179301,0.249028192,0.150291017,642.0222959479987
2566,0.2876744919,0.0001112177514,0.249942631,0.151035517,642.2722385789987
2567,0.2877857097,0.0001112175729,0.249086127,0.15034497000000002,642.5213247059987
2568,0.2878969273,0.0001112173948,0.249652216,0.15072871999999998,642.7709769219987
2569,0.2880081447,0.0001112172173,0.248806547,0.15038031000000002,643.0197834689986
2570,0.2881193619,0.0001112170403,0.249762252,0.150531214,643.2695457209986
2571,0.2882305789,0.0001112168641,0.250233635,0.151455269,643.5197793559986
2572,0.2883417958,0.0001112166887,0.249404332,0.150688556,643.7691836879986
2573,0.2884530125,0.0001112165143,0.248343657,0.150231391,644.0175273449986
2574,0.288564229,0.0001112163409,0.249131818,0.15096542899999998,644.2666591629986
2575,0.2886754453,0.0001112161686,0.252174071,0.15343047799999998,644.5188332339986
2576,0.2887866615,0.0001112159974,0.249374875,0.15075382599999998,644.7682081089986
2577,0.2888978775,0.0001112158275,0.249896225,0.15134519600000002,645.0181043339986
2578,0.2890090933,0.000111215659,0.248667337,0.150060081,645.2667716709987
2579,0.289120309,0.0001112154918,0.249440069,0.15091725099999997,645.5162117399987
2580,0.2892315245,0.000111215326,0.250745842,0.151697261,645.7669575819987
2581,0.2893427398,0.0001112151617,0.249110992,0.150839047,646.0160685739987
2582,0.289453955,0.0001112149989,0.248726719,0.15055469700000002,646.2647952929988
2583,0.28956517,0.0001112148376,0.249772539,0.15144360099999998,646.5145678319988
2584,0.2896763848,0.0001112146779,0.249091003,0.15088621400000002,646.7636588349988
2585,0.2897875995,0.0001062002618,0.254877017,0.156118409,647.0185358519988
2586,0.2898937997,0.0001062002618,0.248704662,0.15003567499999998,647.2672405139988
2587,0.29,0.0001112140834,0.250939764,0.152073226,647.5181802779988
2588,0.2901112141,0.0001112140207,0.250140783,0.15143563,647.7683210609988
2589,0.2902224281,0.0001112138687,0.25072057,0.15110925800000002,648.0190416309988
2590,0.290333642,0.0001112137198,0.250486111,0.15145537399999998,648.2695277419988
2591,0.2904448557,0.0001112135739,0.254380062,0.15500045899999998,648.5239078039988
2592,0.2905560693,0.0001112134299,0.24847992,0.150736529,648.7723877239988
2593,0.2906672827,0.0001112132873,0.248805479,0.15059916899999998,649.0211932029988
2594,0.290778496,0.000111213146,0.249167665,0.15053600099999997,649.2703608679988
2595,0.2908897091,0.0001112130059,0.249454581,0.150496116,649.5198154489988
2596,0.2910009221,0.0001112128672,0.248458192,0.150026525,649.7682736409988
2597,0.291112135,0.0001112127298,0.248662589,0.149570372,650.0169362299988
2598,0.2912233477,0.0001112125938,0.249793996,0.15084688200000002,650.2667302259988
2599,0.2913345603,0.0001112124592,0.249362314,0.150376107,650.5160925399988
2600,0.2914457728,0.000111212326,0.268644836,0.150576452,650.7847373759988
2601,0.2915569851,0.0001112121943,0.249062698,0.150152706,651.0338000739988
2602,0.2916681973,0.000111212064,0.249026051,0.151373817,651.2828261249988
2603,0.2917794094,0.0001112119353,0.252256125,0.154004039,651.5350822499988
2604,0.2918906213,0.0001112118081,0.248873715,0.15079199199999999,651.7839559649988
2605,0.2920018331,0.0001112116824,0.249153184,0.150408123,652.0331091489987
2606,0.2921130448,0.0001112115583,0.249607317,0.15167836099999998,652.2827164659988
2607,0.2922242564,0.0001112114358,0.250262565,0.151610198,652.5329790309987
2608,0.2923354678,0.0001112113148,0.250123055,0.151294803,652.7831020859987
2609,0.2924466791,0.0001112111954,0.248955457,0.150465122,653.0320575429987
2610,0.2925578903,0.0001112110776,0.249767208,0.15106023899999999,653.2818247509987
2611,0.2926691014,0.0001112109614,0.248934666,0.150489465,653.5307594169986
2612,0.2927803123,0.0001112108467,0.248711561,0.150790082,653.7794709779987
2613,0.2928915232,0.0001112107336,0.249003974,0.150635619,654.0284749519986
2614,0.2930027339,0.0001112106221,0.250422281,0.152418474,654.2788972329987
2615,0.2931139445,0.0001112105122,0.253006576,0.154497848,654.5319038089987
2616,0.2932251551,0.0001112104038,0.2489116,0.150062845,654.7808154089987
2617,0.2933363655,0.0001112102969,0.247949097,0.149310322,655.0287645059987
2618,0.2934475758,0.0001112101916,0.249381254,0.150741506,655.2781457599987
2619,0.2935587859,0.0001112100878,0.249617046,0.150633527,655.5277628059987
2620,0.293669996,0.0001112099855,0.248475758,0.150159902,655.7762385639987
2621,0.293781206,0.0001112098847,0.248457491,0.15001717,656.0246960549987
2622,0.2938924159,0.0001112097855,0.248587858,0.150080661,656.2732839129986
2623,0.2940036257,0.0001112096877,0.248236121,0.149780808,656.5215200339986
2624,0.2941148354,0.0001112095915,0.249491099,0.15020482000000002,656.7710111329986
2625,0.294226045,0.0001112094967,0.247950691,0.15019719399999998,657.0189618239987
2626,0.2943372545,0.0001112094034,0.249844222,0.15122064400000002,657.2688060459986
2627,0.2944484639,0.0001112093115,0.250470962,0.15209177200000001,657.5192770079987
2628,0.2945596732,0.0001112092211,0.253898813,0.15518813,657.7731758209986
2629,0.2946708824,0.0001112091322,0.248485867,0.150072482,658.0216616879986
2630,0.2947820915,0.0001112090447,0.248578599,0.149352003,658.2702402869986
2631,0.2948933006,0.0001112089586,0.249574779,0.150917728,658.5198150659986
2632,0.2950045095,0.0001112088739,0.248355063,0.150562297,658.7681701289986
2633,0.2951157184,0.0001112087908,0.248653652,0.15027667,659.0168237809986
2634,0.2952269272,0.000111208709,0.251462049,0.152758536,659.2682858299986
2635,0.2953381359,0.0001112086288,0.256996411,0.157396631,659.5252822409986
2636,0.2954493445,0.0001112085506,0.2489742,0.150037023,659.7742564409987
2637,0.2955605531,0.0001112084777,0.247233511,0.149396025,660.0214899519987
2638,0.2956717616,0.0001112084121,0.248125578,0.149875254,660.2696155299986
2639,0.29578297,0.0001112083549,0.24941836,0.15083191,660.5190338899987
2640,0.2958941783,0.0001112083068,0.249130689,0.15023514300000002,660.7681645789987
2641,0.2960053866,0.0001112082681,0.249368668,0.150760193,661.0175332469987
2642,0.2961165949,0.0001112082388,0.250655358,0.151524907,661.2681886049987
2643,0.2962278031,0.000111208219,0.249756712,0.150939547,661.5179453169987
2644,0.2963390114,0.0001112082083,0.249159733,0.150320589,661.7671050499988
2645,0.2964502196,0.0001112082065,0.251591666,0.153110561,662.0186967159988
2646,0.2965614278,0.0001112082131,0.2486453,0.14970069800000002,662.2673420159988
2647,0.296672636,0.0001112082277,0.250328702,0.151714438,662.5176707179988
2648,0.2967838442,0.0001112082499,0.254683856,0.157009782,662.7723545739989
2649,0.2968950525,0.000111208279,0.248319974,0.15054398000000002,663.0206745479989
2650,0.2970062608,0.0001112083147,0.249721703,0.150361782,663.2703962509988
2651,0.2971174691,0.0001112083564,0.249875009,0.151074043,663.5202712599988
2652,0.2972286774,0.0001112084038,0.254061072,0.156037972,663.7743323319988
2653,0.2973398858,0.0001112084562,0.249185422,0.15086002599999998,664.0235177539988
2654,0.2974510943,0.0001112085134,0.248637103,0.149919582,664.2721548569988
2655,0.2975623028,0.0001112085749,0.249508675,0.150999333,664.5216635319988
2656,0.2976735114,0.0001112086404,0.250383215,0.151273797,664.7720467469989
2657,0.29778472,0.0001112087095,0.249733472,0.151361203,665.0217802189989
2658,0.2978959287,0.0001112087819,0.259585808,0.15017531,665.2813660269989
2659,0.2980071375,0.0001112088573,0.249697095,0.150904414,665.5310631219988
2660,0.2981183464,0.0001112089354,0.249171082,0.149851387,665.7802342039988
2661,0.2982295553,0.0001112090159,0.248385799,0.150209779,666.0286200029988
2662,0.2983407643,0.0001112090988,0.247324557,0.149818278,666.2759445599987
2663,0.2984519734,0.0001112091837,0.250006661,0.151650012,666.5259512209988
2664,0.2985631826,0.0001112092705,0.247972281,0.150000405,666.7739235019988
2665,0.2986743919,0.0001112093591,0.248782314,0.15117610199999998,667.0227058159987
2666,0.2987856012,0.0001112094493,0.24895814,0.150304767,667.2716639559987
2667,0.2988968107,0.0001112095411,0.249648072,0.1510451,667.5213120279988
2668,0.2990080202,0.0001112096345,0.249398653,0.150407973,667.7707106809987
2669,0.2991192298,0.0001112097293,0.249252524,0.15095196100000002,668.0199632049987
2670,0.2992304396,0.0001112098255,0.247863563,0.150065328,668.2678267679987
2671,0.2993416494,0.0001112099229,0.253044117,0.154571468,668.5208708849987
2672,0.2994528593,0.0001112100215,0.248167087,0.150225877,668.7690379719986
2673,0.2995640693,0.0001112101213,0.248007633,0.149970977,669.0170456049987
2674,0.2996752795,0.0001112102223,0.248225306,0.15024324500000003,669.2652709109987
2675,0.2997864897,0.0001067551542,0.24873235,0.150238491,669.5140032609986
2676,0.2998932448,0.0001067551542,0.249559747,0.15074010300000001,669.7635630079986
2677,0.3,0.0001112103995,0.248839194,0.150091547,670.0124022019986
2678,0.3001112104,0.0001112105858,0.248393002,0.15038004700000002,670.2607952039986
2679,0.300222421,0.0001112106905,0.2498595,0.150866139,670.5106547039985
2680,0.3003336317,0.0001112107971,0.248820445,0.14941677,670.7594751489985
2681,0.3004448425,0.0001112109056,0.248787779,0.150874288,671.0082629279985
2682,0.3005560534,0.000111211015,0.249792995,0.150599809,671.2580559229986
2683,0.3006672644,0.000111211125,0.249204845,0.151011387,671.5072607679986
2684,0.3007784755,0.0001112112353,0.248628559,0.150399786,671.7558893269986
2685,0.3008896868,0.0001112113458,0.255065978,0.155827216,672.0109553049986
2686,0.3010008981,0.0001112114567,0.249440004,0.15063394,672.2603953089986
2687,0.3011121096,0.0001112115678,0.271106402,0.15107827000000001,672.5315017109986
2688,0.3012233211,0.0001112116791,0.258609498,0.14962619700000002,672.7901112089986
2689,0.3013345328,0.0001112117907,0.249769869,0.150737866,673.0398810779986
2690,0.3014457446,0.0001112119026,0.250261026,0.150307452,673.2901421039986
2691,0.3015569565,0.0001112120148,0.250735149,0.150088651,673.5408772529986
2692,0.3016681685,0.0001112121273,0.249455779,0.15048382999999999,673.7903330319986
2693,0.3017793806,0.0001112122401,0.248347695,0.15033787999999998,674.0386807269986
2694,0.3018905929,0.0001112123533,0.250311679,0.150672808,674.2889924059986
2695,0.3020018052,0.0001112124668,0.249908729,0.15051638,674.5389011349986
2696,0.3021130177,0.0001112125806,0.249402584,0.15091491899999998,674.7883037189986
2697,0.3022242303,0.0001112126948,0.25138034,0.151237185,675.0396840589985
2698,0.302335443,0.0001112128093,0.249476215,0.150888589,675.2891602739985
2699,0.3024466558,0.0001112129243,0.249253662,0.15157557,675.5384139359985
2700,0.3025578687,0.0001112130398,0.248159142,0.150150104,675.7865730779985
2701,0.3026690817,0.0001112131558,0.249476324,0.150770664,676.0360494019985
2702,0.3027802949,0.0001112132724,0.248218116,0.15011544,676.2842675179985
2703,0.3028915082,0.0001112133897,0.248249945,0.14957599,676.5325174629985
2704,0.3030027216,0.0001112135075,0.248243448,0.150033233,676.7807609109985
2705,0.3031139351,0.0001112136262,0.248726815,0.149725258,677.0294877259986
2706,0.3032251487,0.0001112137455,0.248577796,0.15038938200000002,677.2780655219985
2707,0.3033363624,0.0001112138656,0.24889245,0.150669677,677.5269579719985
2708,0.3034475763,0.0001112139866,0.249470749,0.15120081000000002,677.7764287209985
2709,0.3035587903,0.0001112141083,0.254357977,0.155568446,678.0307866979986
2710,0.3036700044,0.0001112142308,0.248746528,0.149873584,678.2795332259985
2711,0.3037812186,0.0001112143541,0.247484237,0.149506199,678.5270174629985
2712,0.303892433,0.0001112144783,0.250043393,0.151730863,678.7770608559986
2713,0.3040036475,0.0001112146032,0.250420575,0.151617054,679.0274814309986
2714,0.3041148621,0.000111214729,0.249320702,0.150996779,679.2768021329986
2715,0.3042260768,0.0001112148556,0.248270112,0.150201543,679.5250722449986
2716,0.3043372917,0.000111214983,0.248016151,0.149506375,679.7730883959986
2717,0.3044485066,0.0001112151111,0.248548666,0.149882636,680.0216370619986
2718,0.3045597218,0.00011121524,0.248539618,0.15023455400000002,680.2701766799986
2719,0.304670937,0.0001112153696,0.256884089,0.158762273,680.5270607689986
2720,0.3047821524,0.0001112154998,0.24956003,0.150878727,680.7766207989986
2721,0.3048933679,0.0001112156305,0.24788655,0.150032683,681.0245073489986
2722,0.3050045835,0.0001112157619,0.248019488,0.15004628,681.2725268369985
2723,0.3051157993,0.0001112158942,0.248819036,0.15091026899999999,681.5213458729985
2724,0.3052270151,0.0001112160274,0.247535133,0.149863189,681.7688810059985
2725,0.3053382312,0.0001112161617,0.247885542,0.14967687600000001,682.0167665479985
2726,0.3054494473,0.0001112162969,0.250117905,0.151524745,682.2668844529985
2727,0.3055606636,0.0001112164323,0.249376146,0.15088884,682.5162605989985
2728,0.3056718801,0.0001112165677,0.24887419,0.150969441,682.7651347889986
2729,0.3057830966,0.0001112167028,0.247302114,0.14916134599999997,683.0124369029986
2730,0.3058943133,0.0001112168373,0.247338401,0.149463321,683.2597753039986
2731,0.3060055302,0.0001112169709,0.247607658,0.14971336899999999,683.5073829619986
2732,0.3061167471,0.0001112171031,0.247842617,0.149540132,683.7552255789985
2733,0.3062279642,0.0001112172337,0.250102521,0.152123055,684.0053280999986
2734,0.3063391815,0.0001112173621,0.248952494,0.150459175,684.2542805939986
2735,0.3064503988,0.0001112174881,0.248407917,0.149857983,684.5026885109986
2736,0.3065616163,0.0001112176114,0.248813916,0.15027214300000002,684.7515024269986
2737,0.3066728339,0.0001112177318,0.248886497,0.150217842,685.0003889239986
2738,0.3067840517,0.0001112178489,0.250153886,0.151561877,685.2505428099986
2739,0.3068952695,0.0001112179627,0.248462504,0.150617843,685.4990053139986
2740,0.3070064875,0.000111218073,0.248997583,0.15077929499999998,685.7480028969986
2741,0.3071177056,0.0001112181799,0.247897697,0.149489478,685.9959005939986
2742,0.3072289237,0.0001112182832,0.249015701,0.150779971,686.2449162949986
2743,0.307340142,0.0001112183831,0.248934967,0.150847677,686.4938512619985
2744,0.3074513604,0.0001112184796,0.249337737,0.151252934,686.7431889989986
2745,0.3075625789,0.0001112185728,0.248754085,0.150252802,686.9919430839985
2746,0.3076737975,0.0001112186629,0.24921115,0.150451364,687.2411542339985
2747,0.3077850161,0.00011121875,0.247818212,0.150331782,687.4889724459985
2748,0.3078962349,0.0001112188343,0.248882899,0.151188502,687.7378553449985
2749,0.3080074537,0.000111218916,0.246935196,0.14914121,687.9847905409985
2750,0.3081186726,0.0001112189953,0.249249905,0.150701258,688.2340404459985
2751,0.3082298916,0.0001112190723,0.248213464,0.149518532,688.4822539099985
2752,0.3083411107,0.0001112191473,0.248632885,0.150013634,688.7308867949985
2753,0.3084523298,0.0001112192206,0.26443067,0.165449563,688.9953174649985
2754,0.3085635491,0.0001112192925,0.247821788,0.149564521,689.2431392529985
2755,0.3086747683,0.0001112193632,0.248286835,0.149533158,689.4914260879985
2756,0.3087859877,0.0001112194329,0.248278293,0.150514738,689.7397043809985
2757,0.3088972071,0.0001112195019,0.248469013,0.150169977,689.9881733939985
2758,0.3090084266,0.0001112195705,0.248709304,0.150118101,690.2368826979986
2759,0.3091196462,0.0001112196387,0.248326561,0.150786574,690.4852092589986
2760,0.3092308659,0.0001112197068,0.248453571,0.149817586,690.7336628299986
2761,0.3093420856,0.0001112197747,0.24841747,0.150157054,690.9820802999986
2762,0.3094533053,0.0001112198427,0.250008104,0.15126267300000001,691.2320884039987
2763,0.3095645252,0.0001112199108,0.248352774,0.150424194,691.4804411779986
2764,0.3096757451,0.0001112199789,0.248816254,0.150007849,691.7292574319986
2765,0.3097869651,0.0001065174654,0.248763884,0.149775859,691.9780213159986
2766,0.3098934825,0.0001065174654,0.248566908,0.150573377,692.2265882239986
2767,0.31,0.0001112200545,0.248276796,0.149973499,692.4748650199987
2768,0.3101112201,0.0001112202142,0.250096927,0.151639305,692.7249619469986
2769,0.3102224403,0.0001112202859,0.248413885,0.14993816199999999,692.9733758319986
2770,0.3103336606,0.0001112203571,0.249062629,0.150621005,693.2224384609987
2771,0.3104448809,0.0001112204284,0.248099059,0.150061539,693.4705375199986
2772,0.3105561013,0.000111220499,0.249021698,0.150549666,693.7195592179986
2773,0.3106673218,0.0001112205687,0.251998183,0.15389818,693.9715574009986
2774,0.3107785424,0.0001112206373,0.248309352,0.150500101,694.2198667529985
2775,0.310889763,0.0001112207052,0.248297003,0.14985806699999998,694.4681637559985
2776,0.3110009838,0.0001112207724,0.249415886,0.150127475,694.7175796419984
2777,0.3111122045,0.0001112208391,0.248374659,0.150128132,694.9659543009984
2778,0.3112234254,0.0001112209054,0.250048007,0.151435202,695.2160023079985
2779,0.3113346463,0.0001112209713,0.248723877,0.150278011,695.4647261849984
2780,0.3114458672,0.0001112210369,0.249313264,0.150482905,695.7140394489984
2781,0.3115570883,0.0001112211022,0.249091926,0.15073331899999998,695.9631313749984
2782,0.3116683094,0.0001112211673,0.248435774,0.150038003,696.2115671489984
2783,0.3117795305,0.0001112212321,0.248091788,0.149892404,696.4596589369984
2784,0.3118907518,0.0001112212967,0.249320823,0.15106712,696.7089797599983
2785,0.3120019731,0.0001112213611,0.248835261,0.15029574499999998,696.9578150209983
2786,0.3121131944,0.0001112214252,0.249269783,0.15112660900000002,697.2070848039983
2787,0.3122244159,0.0001112214892,0.248826468,0.150651537,697.4559112719983
2788,0.3123356373,0.0001112215529,0.247692458,0.14991892699999998,697.7036037299982
2789,0.3124468589,0.0001112216165,0.248119383,0.14993499100000002,697.9517231129983
2790,0.3125580805,0.0001112216799,0.25263442,0.152728228,698.2043575329983
2791,0.3126693022,0.0001112217431,0.259729035,0.161236579,698.4640865679983
2792,0.3127805239,0.0001112218062,0.252414252,0.153637107,698.7165008199983
2793,0.3128917457,0.0001112218691,0.249532108,0.151151177,698.9660329279983
2794,0.3130029676,0.0001112219318,0.249950461,0.151383556,699.2159833889983
2795,0.3131141895,0.0001112219944,0.249187917,0.15094835499999998,699.4651713059983
2796,0.3132254115,0.000111222057,0.248425587,0.15020484,699.7135968929983
2797,0.3133366336,0.0001112221194,0.250188467,0.150901221,699.9637853599984
2798,0.3134478557,0.0001112221817,0.249786689,0.151250746,700.2135720489983
2799,0.3135590779,0.000111222244,0.248406811,0.150126471,700.4619788599983
2800,0.3136703001,0.0001112223062,0.249914047,0.15107637299999999,700.7118929069983
2801,0.3137815225,0.0001112223683,0.248816903,0.150730847,700.9607098099983
2802,0.3138927448,0.0001112224304,0.24894964,0.15030004600000002,701.2096594499983
2803,0.3140039673,0.0001112224926,0.249089503,0.150837041,701.4587489529983
2804,0.3141151897,0.0001112225547,0.248170395,0.149651027,701.7069193479983
2805,0.3142264123,0.0001112226169,0.249532843,0.151146325,701.9564521909983
2806,0.3143376349,0.0001112226792,0.248969194,0.15043400899999998,702.2054213849983
2807,0.3144488576,0.0001112227416,0.248007717,0.14992356099999998,702.4534291019983
2808,0.3145600803,0.0001112228041,0.248772086,0.150567666,702.7022011879983
2809,0.3146713031,0.0001112228666,0.248406315,0.15038204500000002,702.9506075029983
2810,0.314782526,0.0001112229293,0.249921984,0.150618787,703.2005294869983
2811,0.3148937489,0.0001112229925,0.248828644,0.149841768,703.4493581309983
2812,0.3150049719,0.0001112230561,0.248477462,0.150526361,703.6978355929983
2813,0.315116195,0.0001112231205,0.249195151,0.150635886,703.9470307439983
2814,0.3152274181,0.0001112231857,0.249917313,0.151486977,704.1969480569983
2815,0.3153386413,0.0001112232518,0.249838447,0.150802267,704.4467865039983
2816,0.3154498645,0.000111223319,0.248388354,0.149936974,704.6951748579983
2817,0.3155610879,0.0001112233873,0.249699907,0.15099088900000002,704.9448747649983
2818,0.3156723112,0.0001112234568,0.248974325,0.150678609,705.1938490899983
2819,0.3157835347,0.0001112235276,0.249541505,0.150947783,705.4433905949983
2820,0.3158947582,0.0001112235997,0.253255149,0.154477154,705.6966457439983
2821,0.3160059818,0.0001112236732,0.248208806,0.149686282,705.9448545499982
2822,0.3161172055,0.000111223748,0.248443685,0.150167991,706.1932982349982
2823,0.3162284293,0.0001112238243,0.248852982,0.14956191800000002,706.4421512169982
2824,0.3163396531,0.0001112239018,0.249296658,0.150602525,706.6914478749983
2825,0.316450877,0.0001112239807,0.249321608,0.150376611,706.9407694829982
2826,0.316562101,0.0001112240608,0.250778566,0.15217286200000002,707.1915480489982
2827,0.316673325,0.0001112241421,0.249701812,0.15150108699999998,707.4412498609983
2828,0.3167845492,0.0001112242247,0.248413415,0.150587792,707.6896632759982
2829,0.3168957734,0.0001112243083,0.249005177,0.15076796599999998,707.9386684529982
2830,0.3170069977,0.0001112243931,0.24915383,0.14972981000000002,708.1878222829981
2831,0.3171182221,0.0001112244789,0.24853853,0.149900864,708.4363608129981
2832,0.3172294466,0.0001112245657,0.259924556,0.161352706,708.6962853689981
2833,0.3173406711,0.0001112246534,0.248050657,0.15034513300000002,708.9443360259982
2834,0.3174518958,0.0001112247421,0.248538913,0.150463648,709.1928749389981
2835,0.3175631205,0.0001112248316,0.258930423,0.160252603,709.4518053619981
2836,0.3176743454,0.0001112249219,0.249008563,0.150465972,709.7008139249981
2837,0.3177855703,0.000111225013,0.248379747,0.149697608,709.949193671998
2838,0.3178967953,0.0001112251049,0.250928182,0.151779462,710.2001218539981
2839,0.3180080204,0.0001112251975,0.249360538,0.151197632,710.4494823919981
2840,0.3181192456,0.0001112252907,0.249132587,0.150475778,710.6986149789981
2841,0.3182304709,0.0001112253844,0.248560201,0.149981019,710.9471751799981
2842,0.3183416963,0.0001112254788,0.249891576,0.15074500400000002,711.1970667559981
2843,0.3184529218,0.0001112255737,0.250153635,0.15109091800000002,711.447220390998
2844,0.3185641473,0.0001112256691,0.249290883,0.15029662700000002,711.696511273998
2845,0.318675373,0.0001112257651,0.248648124,0.1505221,711.945159397998
2846,0.3187865988,0.0001112258615,0.249867326,0.150891246,712.195026723998
2847,0.3188978246,0.0001112259584,0.248843323,0.150148786,712.443870046998
2848,0.3190090506,0.0001112260558,0.254662681,0.156592768,712.698532727998
2849,0.3191202766,0.0001112261535,0.248908925,0.15034349400000002,712.947441652998
2850,0.3192315028,0.0001112262517,0.249587223,0.150676175,713.1970288759981
2851,0.319342729,0.0001112263502,0.248497017,0.150087865,713.445525892998
2852,0.3194539554,0.0001112264492,0.24861093,0.150569628,713.6941368229981
2853,0.3195651818,0.0001112265485,0.249140164,0.151091661,713.9432769869981
2854,0.3196764084,0.0001112266483,0.248836826,0.150606792,714.1921138129981
2855,0.319787635,0.0001061824816,0.248391963,0.150723267,714.4405057759981
2856,0.3198938175,0.0001061824816,0.248969845,0.150944806,714.6894756209981
2857,0.32,0.0001112268095,0.253251467,0.154880415,714.9427270879982
2858,0.3201112268,0.0001112270096,0.250512957,0.15196390599999998,715.1932400449981
2859,0.3202224538,0.000111227115,0.248918002,0.151149627,715.4421580469981
2860,0.3203336809,0.0001112272206,0.247872064,0.14947987899999998,715.6900301109981
2861,0.3204449082,0.0001112273269,0.248574706,0.150433594,715.9386048169981
2862,0.3205561355,0.0001112274331,0.249510235,0.150757317,716.1881150519981
2863,0.3206673629,0.0001112275443,0.263290564,0.164595466,716.4514056159982
2864,0.3207785905,0.0001112276707,0.248224981,0.14989524199999998,716.6996305969982
2865,0.3208898181,0.0001112278107,0.248758137,0.150367629,716.9483887339982
2866,0.3210010459,0.000111227963,0.253424959,0.154695254,717.2018136929981
2867,0.3211122739,0.0001112281265,0.248606084,0.149806434,717.4504197769982
2868,0.321223502,0.0001112283001,0.24896261,0.150126014,717.6993823869982
2869,0.3213347303,0.0001112284828,0.24812406,0.149766365,717.9475064469982
2870,0.3214459588,0.0001112286738,0.250197415,0.15140873,718.1977038619982
2871,0.3215571875,0.0001112288722,0.249399146,0.151126014,718.4471030079982
2872,0.3216684164,0.0001112290774,0.248226958,0.150044793,718.6953299659982
2873,0.3217796454,0.0001112292886,0.250390958,0.151791817,718.9457209239982
2874,0.3218908747,0.0001112295052,0.248910843,0.150390698,719.1946317669982
2875,0.3220021042,0.0001112297266,0.250055083,0.151454158,719.4446868499982
2876,0.322113334,0.0001112299524,0.249249813,0.150665914,719.6939366629982
2877,0.3222245639,0.0001112301819,0.249877709,0.151811223,719.9438143719982
2878,0.3223357941,0.0001112304149,0.248500103,0.150464292,720.1923144749982
2879,0.3224470245,0.0001112306509,0.2498232,0.15090976099999998,720.4421376749982
2880,0.3225582552,0.0001112308897,0.248627179,0.149965492,720.6907648539982
2881,0.322669486,0.0001112311308,0.253926871,0.155362073,720.9446917249982
2882,0.3227807172,0.0001112313741,0.249475282,0.151049404,721.1941670069982
2883,0.3228919486,0.0001112316193,0.247983928,0.150450199,721.4421509349983
2884,0.3230031802,0.0001112318661,0.254930949,0.15670024,721.6970818839983
2885,0.323114412,0.0001112321144,0.248675917,0.15028227900000002,721.9457578009983
2886,0.3232256442,0.0001112323639,0.248300385,0.15031504099999998,722.1940581859983
2887,0.3233368765,0.0001112326145,0.253951276,0.15536397899999999,722.4480094619983
2888,0.3234481091,0.0001112328662,0.248756189,0.150957693,722.6967656509983
2889,0.323559342,0.0001112331186,0.250055971,0.151891642,722.9468216219983
2890,0.3236705751,0.0001112333718,0.24998702,0.150590388,723.1968086419984
2891,0.3237818085,0.0001112336256,0.24991287,0.151750241,723.4467215119984
2892,0.3238930421,0.00011123388,0.248742689,0.150314227,723.6954642009983
2893,0.324004276,0.0001112341348,0.264442798,0.151395314,723.9599069989983
2894,0.3241155101,0.0001112343899,0.249064327,0.15113302,724.2089713259984
2895,0.3242267445,0.0001112346454,0.262775852,0.15076877900000002,724.4717471779984
2896,0.3243379792,0.0001112349012,0.248945364,0.150370298,724.7206925419983
2897,0.3244492141,0.0001112351572,0.248604728,0.151068076,724.9692972699984
2898,0.3245604492,0.0001112354133,0.248058561,0.149694347,725.2173558309984
2899,0.3246716846,0.0001112356696,0.248652558,0.149825579,725.4660083889984
2900,0.3247829203,0.0001112359259,0.25009221,0.15122560699999998,725.7161005989984
2901,0.3248941562,0.0001112361824,0.260113628,0.161807877,725.9762142269984
2902,0.3250053924,0.0001112364388,0.249849844,0.15134155700000002,726.2260640709984
2903,0.3251166288,0.0001112366952,0.248373407,0.150290279,726.4744374779984
2904,0.3252278655,0.0001112369516,0.24919589,0.150347185,726.7236333679984
2905,0.3253391025,0.000111237208,0.250428466,0.15151234,726.9740618339985
2906,0.3254503397,0.0001112374643,0.249499226,0.151471469,727.2235610599985
2907,0.3255615772,0.0001112377205,0.249415559,0.151077945,727.4729766189985
2908,0.3256728149,0.0001112379767,0.248350665,0.149901325,727.7213272839984
2909,0.3257840529,0.0001112382327,0.249523801,0.151401236,727.9708510849985
2910,0.3258952911,0.0001112384887,0.249192084,0.150435855,728.2200431689985
2911,0.3260065296,0.0001112387446,0.249188501,0.150655965,728.4692316699985
2912,0.3261177683,0.0001112390003,0.249583162,0.150890232,728.7188148319985
2913,0.3262290073,0.000111239256,0.249558988,0.151314069,728.9683738199985
2914,0.3263402466,0.0001112395115,0.249825034,0.15102860299999998,729.2181988539985
2915,0.3264514861,0.0001112397674,0.248676788,0.150567051,729.4668756419985
2916,0.3265627259,0.0001112400237,0.258777034,0.16010829199999999,729.7256526759985
2917,0.3266739659,0.0001112402803,0.249883337,0.151192958,729.9755360129985
2918,0.3267852062,0.000111240537,0.249325,0.150937928,730.2248610129985
2919,0.3268964467,0.0001112407938,0.249379912,0.150786309,730.4742409249985
2920,0.3270076875,0.0001112410506,0.248582474,0.14970123200000002,730.7228233989986
2921,0.3271189286,0.0001112413073,0.250024338,0.15134914,730.9728477369986
2922,0.3272301699,0.0001112415639,0.248718673,0.15008345699999998,731.2215664099986
2923,0.3273414114,0.0001112418203,0.249186307,0.150976677,731.4707527169985
2924,0.3274526532,0.0001112420764,0.250055075,0.15138711,731.7208077919985
2925,0.3275638953,0.0001112423324,0.249370671,0.15008554000000002,731.9701784629984
2926,0.3276751377,0.000111242588,0.249246681,0.15102465799999998,732.2194251439985
2927,0.3277863802,0.0001112428434,0.249488321,0.151048401,732.4689134649984
2928,0.3278976231,0.0001112430984,0.248958205,0.150520611,732.7178716699984
2929,0.3280088662,0.0001112433532,0.248969652,0.150587214,732.9668413219985
2930,0.3281201095,0.0001112436077,0.264089022,0.162564215,733.2309303439985
2931,0.3282313531,0.0001112438618,0.253173711,0.154373008,733.4841040549985
2932,0.328342597,0.0001112441157,0.250852767,0.15174466,733.7349568219985
2933,0.3284538411,0.0001112443693,0.249699439,0.151251626,733.9846562609985
2934,0.3285650855,0.0001112446225,0.251003489,0.15096879200000002,734.2356597499985
2935,0.3286763301,0.0001112448755,0.249442028,0.15039297499999998,734.4851017779985
2936,0.328787575,0.0001112451282,0.248799667,0.15050148400000002,734.7339014449984
2937,0.3288988201,0.0001112453807,0.251022409,0.151440663,734.9849238539985
2938,0.3290100655,0.0001112456329,0.248562494,0.149558465,735.2334863479985
2939,0.3291213111,0.0001112458849,0.260180054,0.16198368400000002,735.4936664019984
2940,0.329232557,0.0001112461366,0.24937628,0.151089054,735.7430426819984
2941,0.3293438032,0.0001112463881,0.248997054,0.150658074,735.9920397359984
2942,0.3294550495,0.0001112466394,0.249817411,0.15031807,736.2418571469984
2943,0.3295662962,0.0001112468904,0.247788482,0.14977833699999998,736.4896456289985
2944,0.3296775431,0.0001112471412,0.248254725,0.14999521999999998,736.7379003539985
2945,0.3297887902,0.0001056048946,0.248565031,0.150170748,736.9864653849985
2946,0.3298943951,0.0001056048946,0.248524461,0.150687959,737.2349898459985
2947,0.33,0.000111247722,0.248895376,0.150421375,737.4838852219984
2948,0.3301112477,0.0001112480855,0.249662517,0.150661568,737.7335477389985
2949,0.3302224958,0.000111248339,0.256526245,0.15849359899999999,737.9900739839985
2950,0.3303337441,0.0001112485918,0.248210036,0.149795121,738.2382840199986
2951,0.3304449927,0.0001112488448,0.249793972,0.151082224,738.4880779919986
2952,0.3305562416,0.0001112490971,0.250051865,0.15086486500000001,738.7381298569986
2953,0.3306674907,0.0001112493483,0.249877981,0.15060183700000002,738.9880078379987
2954,0.33077874,0.0001112495985,0.251948781,0.153357574,739.2399566189987
2955,0.3308899896,0.0001112498477,0.248664747,0.150150719,739.4886213659987
2956,0.3310012395,0.0001112500962,0.255899678,0.157094864,739.7445210439987
2957,0.3311124896,0.000111250344,0.248864411,0.151033468,739.9933854549987
2958,0.3312237399,0.0001112505913,0.255592316,0.15193741100000002,740.2489777709987
2959,0.3313349905,0.0001112508383,0.262102324,0.150041657,740.5110800949988
2960,0.3314462413,0.0001112510849,0.248547065,0.149450904,740.7596271599988
2961,0.3315574924,0.0001112513312,0.249446265,0.15140089099999998,741.0090734249987
2962,0.3316687438,0.0001112515773,0.247909974,0.149664257,741.2569833989987
2963,0.3317799953,0.0001112518234,0.249020841,0.150839395,741.5060042399987
2964,0.3318912472,0.0001112520694,0.249652404,0.150961113,741.7556566439987
2965,0.3320024992,0.0001112523154,0.249544596,0.15127546,742.0052012399987
2966,0.3321137515,0.0001112525614,0.248583035,0.15029728799999997,742.2537842749987
2967,0.3322250041,0.0001112528074,0.255671302,0.14978366999999998,742.5094555769987
2968,0.3323362569,0.0001112530535,0.249361137,0.150093477,742.7588167139987
2969,0.33244751,0.0001112532996,0.247767228,0.14966924399999998,743.0065839419988
2970,0.3325587633,0.0001112535457,0.248652754,0.150179664,743.2552366959987
2971,0.3326700168,0.0001112537919,0.247888865,0.149860426,743.5031255609988
2972,0.3327812706,0.000111254038,0.248590465,0.150765834,743.7517160259988
2973,0.3328925246,0.0001112542842,0.248962455,0.1506587,744.0006784809988
2974,0.3330037789,0.0001112545303,0.248483692,0.150207093,744.2491621729988
2975,0.3331150335,0.0001112547765,0.249116506,0.150834234,744.4982786789988
2976,0.3332262882,0.0001112550226,0.248661124,0.149637919,744.7469398029988
2977,0.3333375433,0.0001112552687,0.248769024,0.149640775,744.9957088269988
2978,0.3334487985,0.0001112555147,0.248089277,0.149693146,745.2437981039988
2979,0.333560054,0.0001112557608,0.248797992,0.15043825500000002,745.4925960959988
2980,0.3336713098,0.0001112560068,0.263559251,0.164864661,745.7561553469988
2981,0.3337825658,0.0001112562527,0.255180982,0.157230476,746.0113363289987
2982,0.3338938221,0.0001112564986,0.249486461,0.15067512,746.2608227899987
2983,0.3340050786,0.0001112567445,0.249112861,0.150204956,746.5099356509986
2984,0.3341163353,0.0001112569904,0.249895326,0.151540083,746.7598309769986
2985,0.3342275923,0.0001112572362,0.249141144,0.150638611,747.0089721209986
2986,0.3343388495,0.0001112574819,0.249506287,0.151398981,747.2584784079986
2987,0.334450107,0.0001112577277,0.251236803,0.152893959,747.5097152109986
2988,0.3345613647,0.0001112579733,0.248898803,0.150409625,747.7586140139986
2989,0.3346726227,0.000111258219,0.248960127,0.150470513,748.0075741409986
2990,0.3347838809,0.0001112584646,0.250100436,0.15050763099999998,748.2576745769986
2991,0.3348951394,0.0001112587102,0.248475803,0.149982471,748.5061503799986
2992,0.3350063981,0.0001112589557,0.248697944,0.15047792799999998,748.7548483239987
2993,0.3351176571,0.0001112592012,0.24875202,0.15071473600000002,749.0036003439986
2994,0.3352289163,0.0001112594466,0.24875057,0.15100642,749.2523509139986
2995,0.3353401757,0.000111259692,0.248526386,0.150355962,749.5008772999986
2996,0.3354514354,0.0001112599374,0.24860245,0.149990566,749.7494797499986
2997,0.3355626953,0.0001112601827,0.25004879,0.15118986099999998,749.9995285399987
2998,0.3356739555,0.000111260428,0.248450017,0.1502693,750.2479785569986
2999,0.335785216,0.0001112606732,0.24991666,0.151083321,750.4978952169987
3000,0.3358964766,0.0001112609184,0.249822104,0.150518093,750.7477173209987
3001,0.3360077375,0.0001112611637,0.249206055,0.150650653,750.9969233759987
3002,0.3361189987,0.0001112614093,0.249275961,0.150814085,751.2461993369986
3003,0.3362302601,0.000111261655,0.24943488,0.15059936499999999,751.4956342169986
3004,0.3363415218,0.000111261901,0.248464204,0.150262609,751.7440984209986
3005,0.3364527837,0.0001112621473,0.249825016,0.15172142,751.9939234369987
3006,0.3365640458,0.0001112623939,0.24903375,0.150089096,752.2429571869986
3007,0.3366753082,0.0001112626408,0.248336797,0.1503034,752.4912939839986
3008,0.3367865709,0.0001112628879,0.248816867,0.150429775,752.7401108509986
3009,0.3368978337,0.0001112631354,0.248192694,0.14969470299999998,752.9883035449985
3010,0.3370090969,0.0001112633831,0.249623638,0.151104905,753.2379271829985
3011,0.3371203603,0.0001112636311,0.249388794,0.150971972,753.4873159769985
3012,0.3372316239,0.0001112638794,0.249058116,0.150034271,753.7363740929985
3013,0.3373428878,0.000111264128,0.24962727,0.15077670799999998,753.9860013629985
3014,0.3374541519,0.0001112643767,0.248206946,0.149514342,754.2342083089985
3015,0.3375654163,0.0001112646257,0.249564136,0.15063869800000002,754.4837724449985
3016,0.3376766809,0.0001112648749,0.250067465,0.151453463,754.7338399099986
3017,0.3377879458,0.0001112651243,0.24916394,0.150603139,754.9830038499986
3018,0.3378992109,0.0001112653739,0.253142401,0.15124747,755.2361462509986
3019,0.3380104763,0.0001112656236,0.262798226,0.164709521,755.4989444769985
3020,0.3381217419,0.0001112658735,0.261467816,0.162858744,755.7604122929986
3021,0.3382330078,0.0001112661234,0.249097894,0.15103327300000002,756.0095101869986
3022,0.3383442739,0.0001112663735,0.248810047,0.15055735,756.2583202339986
3023,0.3384555403,0.0001112666237,0.249521546,0.15095304999999998,756.5078417799986
3024,0.3385668069,0.000111266874,0.249309749,0.149866775,756.7571515289985
3025,0.3386780738,0.0001112671243,0.249979589,0.150215632,757.0071311179985
3026,0.3387893409,0.0001112673747,0.250198506,0.150969727,757.2573296239984
3027,0.3389006083,0.0001112676251,0.248731873,0.15013982199999998,757.5060614969984
3028,0.3390118759,0.0001112678756,0.249652049,0.151531802,757.7557135459984
3029,0.3391231438,0.0001112681261,0.250594724,0.151361316,758.0063082699985
3030,0.3392344119,0.0001112683766,0.250539842,0.151547796,758.2568481119985
3031,0.3393456803,0.0001112686271,0.248894923,0.15069623399999998,758.5057430349984
3032,0.3394569489,0.0001112688775,0.249830122,0.151283086,758.7555731569985
3033,0.3395682178,0.0001112691279,0.249463402,0.151469959,759.0050365589984
3034,0.3396794869,0.000111269378,0.248607932,0.150738817,759.2536444909985
3035,0.3397907563,0.0001046218608,0.246824103,0.14911814899999998,759.5004685939984
3036,0.3398953781,0.0001046218608,0.248487643,0.150555614,759.7489562369984
3037,0.34,0.0001112699278,0.250099052,0.151080337,759.9990552889984
3038,0.3401112699,0.0001112703136,0.250200745,0.15195292500000002,760.2492560339984
3039,0.3402225402,0.0001112705639,0.249997171,0.15122508,760.4992532049985
3040,0.3403338108,0.0001112708108,0.264658053,0.165517265,760.7639112579984
3041,0.3404450816,0.0001112710552,0.247896101,0.149521866,761.0118073589985
3042,0.3405563527,0.0001112712957,0.249241308,0.150780598,761.2610486669985
3043,0.340667624,0.0001112715315,0.247794609,0.14970884299999998,761.5088432759985
3044,0.3407788955,0.0001112717623,0.249785843,0.151185953,761.7586291189986
3045,0.3408901673,0.0001112719879,0.247569864,0.149767291,762.0061989829985
3046,0.3410014392,0.0001112722086,0.254211308,0.15617900299999998,762.2604102909985
3047,0.3411127115,0.0001112724242,0.251438305,0.149576518,762.5118485959985
3048,0.3412239839,0.0001112726349,0.24961804,0.15115004199999998,762.7614666359984
3049,0.3413352565,0.0001112728409,0.249507965,0.15079125799999998,763.0109746009985
3050,0.3414465294,0.0001112730424,0.249496943,0.151146911,763.2604715439985
3051,0.3415578024,0.0001112732394,0.250133526,0.152197267,763.5106050699985
3052,0.3416690756,0.0001112734323,0.249847863,0.15155555199999998,763.7604529329985
3053,0.3417803491,0.0001112736213,0.248939795,0.150436832,764.0093927279985
3054,0.3418916227,0.0001112738065,0.2565201,0.15764612,764.2659128279985
3055,0.3420028965,0.0001112739882,0.248210425,0.149561595,764.5141232529985
3056,0.3421141705,0.0001112741666,0.251575998,0.153124242,764.7656992509985
3057,0.3422254447,0.000111274342,0.248870756,0.150727573,765.0145700069985
3058,0.342336719,0.0001112745145,0.248411467,0.15032989400000002,765.2629814739985
3059,0.3424479935,0.0001112746844,0.249494278,0.151616794,765.5124757519985
3060,0.3425592682,0.0001112748519,0.249094188,0.150117345,765.7615699399985
3061,0.342670543,0.0001112750171,0.248657475,0.150172774,766.0102274149984
3062,0.3427818181,0.0001112751803,0.249997588,0.15100133599999999,766.2602250029985
3063,0.3428930932,0.0001112753416,0.248672142,0.15038048199999998,766.5088971449985
3064,0.3430043686,0.0001112755013,0.250520806,0.151286888,766.7594179509986
3065,0.3431156441,0.0001112756594,0.248899542,0.15058516300000002,767.0083174929986
3066,0.3432269197,0.000111275816,0.257865997,0.158504818,767.2661834899985
3067,0.3433381956,0.0001112759714,0.248104452,0.150236848,767.5142879419985
3068,0.3434494715,0.0001112761256,0.249134567,0.150752871,767.7634225089986
3069,0.3435607477,0.0001112762788,0.248868045,0.15048345200000002,768.0122905539986
3070,0.3436720239,0.000111276431,0.250875893,0.15168199599999999,768.2631664469986
3071,0.3437833004,0.0001112765823,0.248333553,0.150012114,768.5114999999986
3072,0.343894577,0.0001112767329,0.249429853,0.150587375,768.7609298529986
3073,0.3440058537,0.0001112768828,0.247718208,0.149622266,769.0086480609987
3074,0.3441171306,0.0001112770321,0.249340373,0.151212489,769.2579884339987
3075,0.3442284076,0.0001112771808,0.248188425,0.15014581500000002,769.5061768589986
3076,0.3443396848,0.000111277329,0.249335969,0.15086844700000002,769.7555128279986
3077,0.3444509621,0.0001112774768,0.24811499,0.15009111,770.0036278179986
3078,0.3445622396,0.0001112776242,0.249619199,0.151000408,770.2532470169986
3079,0.3446735172,0.0001112777712,0.24836389,0.149637743,770.5016109069985
3080,0.344784795,0.0001112779179,0.24943093,0.151593943,770.7510418369985
3081,0.3448960729,0.0001112780644,0.248570606,0.14964438600000002,770.9996124429986
3082,0.345007351,0.0001112782106,0.248964512,0.150764115,771.2485769549986
3083,0.3451186292,0.0001112783566,0.24822662,0.15041669400000002,771.4968035749986
3084,0.3452299075,0.0001112785024,0.248413863,0.150580852,771.7452174379986
3085,0.345341186,0.000111278648,0.247958921,0.14969639499999998,771.9931763589985
3086,0.3454524647,0.0001112787935,0.248857543,0.150220791,772.2420339019985
3087,0.3455637435,0.0001112789389,0.248980345,0.15081303000000001,772.4910142469985
3088,0.3456750224,0.0001112790841,0.248850611,0.151103355,772.7398648579984
3089,0.3457863015,0.0001112792293,0.248409694,0.150671853,772.9882745519984
3090,0.3458975807,0.0001112793744,0.247735582,0.14981046399999998,773.2360101339984
3091,0.3460088601,0.0001112795194,0.249179776,0.150719677,773.4851899099984
3092,0.3461201396,0.0001112796644,0.251854884,0.153243982,773.7370447939984
3093,0.3462314193,0.0001112798093,0.247607197,0.148976985,773.9846519909984
3094,0.3463426991,0.0001112799542,0.248508804,0.150528805,774.2331607949984
3095,0.346453979,0.000111280099,0.249100391,0.151213011,774.4822611859984
3096,0.3465652591,0.0001112802438,0.249410007,0.15141584600000002,774.7316711929984
3097,0.3466765394,0.0001112803887,0.248827683,0.15047978099999998,774.9804988759984
3098,0.3467878198,0.0001112805335,0.248375634,0.149742963,775.2288745099984
3099,0.3468991003,0.0001112806783,0.248637675,0.14999489500000002,775.4775121849984
3100,0.347010381,0.0001112808232,0.28289435,0.15050581,775.7604065349984
3101,0.3471216618,0.0001112809681,0.263259065,0.164721242,776.0236655999985
3102,0.3472329428,0.000111281113,0.248834351,0.150338929,776.2724999509985
3103,0.3473442239,0.000111281258,0.24832283,0.15016575,776.5208227809985
3104,0.3474555052,0.000111281403,0.248473503,0.15039479,776.7692962839985
3105,0.3475667866,0.000111281548,0.24816132,0.150068419,777.0174576039985
3106,0.3476780681,0.0001112816932,0.248796539,0.151116896,777.2662541429985
3107,0.3477893498,0.0001112818384,0.248292155,0.14985146700000002,777.5145462979984
3108,0.3479006316,0.0001112819836,0.24965961,0.1514919,777.7642059079984
3109,0.3480119136,0.0001112821289,0.247281168,0.149890682,778.0114870759984
3110,0.3481231957,0.0001112822744,0.249004714,0.150183116,778.2604917899984
3111,0.348234478,0.0001112824198,0.248569927,0.14964826399999998,778.5090617169983
3112,0.3483457604,0.0001112825654,0.249142415,0.15075302200000001,778.7582041319984
3113,0.348457043,0.0001112827111,0.248214406,0.149892566,779.0064185379983
3114,0.3485683257,0.0001112828568,0.247935694,0.15032300599999998,779.2543542319984
3115,0.3486796086,0.0001112830027,0.247768837,0.14941807000000001,779.5021230689983
3116,0.3487908916,0.0001112831486,0.247823764,0.149898806,779.7499468329984
3117,0.3489021747,0.0001112832946,0.247927277,0.149844416,779.9978741099984
3118,0.349013458,0.0001112834407,0.2486189,0.15056651,780.2464930099984
3119,0.3491247415,0.0001112835869,0.248063865,0.149669104,780.4945568749984
3120,0.3492360251,0.0001112837332,0.248853392,0.150275212,780.7434102669984
3121,0.3493473088,0.0001112838796,0.248362019,0.150296946,780.9917722859983
3122,0.3494585927,0.0001112840261,0.249304803,0.150703485,781.2410770889983
3123,0.3495698767,0.0001112841727,0.248252893,0.149663878,781.4893299819983
3124,0.3496811609,0.0001112843194,0.247916892,0.14998083699999998,781.7372468739983
3125,0.3497924452,0.0001037774094,0.256005152,0.15696654,781.9932520259982
3126,0.3498962226,0.0001037774094,0.248234174,0.149980844,782.2414861999982
3127,0.35,0.0001112845511,0.249971804,0.151020229,782.4914580039982
3128,0.3501112846,0.0001112848578,0.249651702,0.151047255,782.7411097059983
3129,0.3502225694,0.0001112850095,0.254966749,0.156821814,782.9960764549983
3130,0.3503338544,0.0001112851598,0.249870031,0.151194879,783.2459464859983
3131,0.3504451396,0.0001112853104,0.259546292,0.149533511,783.5054927779983
3132,0.3505564249,0.0001112854605,0.25820322,0.150183683,783.7636959979983
3133,0.3506677103,0.0001112856095,0.248214719,0.150092594,784.0119107169983
3134,0.350778996,0.0001112857575,0.247842877,0.150269459,784.2597535939983
3135,0.3508902817,0.0001112859046,0.248063968,0.15023004,784.5078175619983
3136,0.3510015676,0.000111286051,0.249510492,0.151198155,784.7573280539983
3137,0.3511128537,0.0001112861968,0.247449713,0.149328504,785.0047777669984
3138,0.3512241399,0.0001112863422,0.24988981,0.15043834,785.2546675769984
3139,0.3513354262,0.0001112864874,0.24894931,0.15028367999999998,785.5036168869983
3140,0.3514467127,0.0001112866325,0.249219451,0.15085132,785.7528363379984
3141,0.3515579993,0.0001112867774,0.248344875,0.149890408,786.0011812129984
3142,0.3516692861,0.0001112869224,0.249274097,0.15090927999999998,786.2504553099984
3143,0.351780573,0.0001112870675,0.249179637,0.15058976699999999,786.4996349469984
3144,0.3518918601,0.0001112872127,0.249341587,0.151109042,786.7489765339984
3145,0.3520031473,0.000111287358,0.248158639,0.149853049,786.9971351729985
3146,0.3521144347,0.0001112875034,0.248570065,0.15042276,787.2457052379984
3147,0.3522257222,0.0001112876491,0.248407648,0.149657794,787.4941128859984
3148,0.3523370098,0.0001112877948,0.248800853,0.15050621,787.7429137389985
3149,0.3524482976,0.0001112879408,0.24815331,0.150103102,787.9910670489985
3150,0.3525595856,0.0001112880869,0.248467731,0.15018382,788.2395347799985
3151,0.3526708736,0.0001112882332,0.248565625,0.149969305,788.4881004049985
3152,0.3527821619,0.0001112883796,0.249903926,0.150824693,788.7380043309985
3153,0.3528934503,0.0001112885262,0.248582919,0.150213586,788.9865872499985
3154,0.3530047388,0.000111288673,0.249166684,0.150346599,789.2357539339985
3155,0.3531160275,0.0001112888198,0.248699258,0.150787014,789.4844531919985
3156,0.3532273163,0.0001112889668,0.248664005,0.150286843,789.7331171969985
3157,0.3533386052,0.0001112891139,0.248559861,0.150694679,789.9816770579985
3158,0.3534498944,0.0001112892611,0.248774517,0.15070510599999998,790.2304515749985
3159,0.3535611836,0.0001112894084,0.260323176,0.161659683,790.4907747509985
3160,0.353672473,0.0001112895557,0.249537971,0.150975446,790.7403127219985
3161,0.3537837626,0.0001112897032,0.249463008,0.151217092,790.9897757299985
3162,0.3538950523,0.0001112898507,0.248503218,0.150600297,791.2382789479985
3163,0.3540063421,0.0001112899983,0.248647119,0.150606063,791.4869260669985
3164,0.3541176321,0.0001112901461,0.249011232,0.150959913,791.7359372989986
3165,0.3542289223,0.0001112902939,0.248346885,0.14972596300000002,791.9842841839986
3166,0.3543402126,0.0001112904419,0.249176139,0.150366097,792.2334603229987
3167,0.354451503,0.0001112905899,0.248027708,0.150017448,792.4814880309987
3168,0.3545627936,0.0001112907379,0.248996826,0.151007835,792.7304848569987
3169,0.3546740843,0.0001112908859,0.249553869,0.151005173,792.9800387259987
3170,0.3547853752,0.000111291034,0.249765621,0.15081159,793.2298043469988
3171,0.3548966663,0.0001112911821,0.255952526,0.157074088,793.4857568729988
3172,0.3550079574,0.0001112913301,0.248246773,0.150105079,793.7340036459988
3173,0.3551192488,0.0001112914782,0.248114653,0.149819389,793.9821182989988
3174,0.3552305403,0.0001112916262,0.248484576,0.149843463,794.2306028749988
3175,0.3553418319,0.0001112917742,0.248862523,0.150803336,794.4794653979988
3176,0.3554531237,0.0001112919221,0.253170171,0.151162614,794.7326355689987
3177,0.3555644156,0.00011129207,0.251615798,0.152484076,794.9842513669987
3178,0.3556757076,0.0001112922178,0.248802311,0.150498592,795.2330536779987
3179,0.3557869999,0.0001112923656,0.248681622,0.15035078200000002,795.4817352999987
3180,0.3558982922,0.0001112925133,0.249327269,0.150747888,795.7310625689987
3181,0.3560095847,0.0001112926608,0.248700747,0.150095222,795.9797633159988
3182,0.3561208774,0.0001112928083,0.248527674,0.150088173,796.2282909899988
3183,0.3562321702,0.0001112929557,0.249327384,0.151505021,796.4776183739988
3184,0.3563434632,0.000111293103,0.248990354,0.15072059100000001,796.7266087279987
3185,0.3564547563,0.0001112932502,0.248714106,0.15080000500000001,796.9753228339987
3186,0.3565660495,0.0001112933973,0.249310171,0.150605218,797.2246330049987
3187,0.3566773429,0.0001112935443,0.249256947,0.15088589400000002,797.4738899519988
3188,0.3567886365,0.0001112936912,0.248563859,0.150700644,797.7224538109988
3189,0.3568999302,0.0001112938379,0.249740057,0.151269041,797.9721938679988
3190,0.357011224,0.0001112939846,0.248670862,0.15027853800000002,798.2208647299989
3191,0.357122518,0.0001112941311,0.264064412,0.165645009,798.4849291419989
3192,0.3572338121,0.0001112942775,0.249126255,0.15046934099999998,798.7340553969989
3193,0.3573451064,0.0001112944238,0.261498153,0.162683531,798.9955535499989
3194,0.3574564008,0.00011129457,0.247396006,0.149404692,799.242949555999
3195,0.3575676954,0.0001112947161,0.24827372,0.150133509,799.491223275999
3196,0.3576789901,0.0001112948621,0.248709122,0.150371531,799.739932397999
3197,0.357790285,0.000111295008,0.247958304,0.14982159,799.987890701999
3198,0.35790158,0.0001112951538,0.250022835,0.151183207,800.237913536999
3199,0.3580128751,0.0001112952995,0.248910632,0.150373771,800.4868241689991
3200,0.3581241704,0.0001112954451,0.248823251,0.150330402,800.735647419999
3201,0.3582354659,0.0001112955906,0.248095817,0.149753991,800.9837432369991
3202,0.3583467615,0.000111295736,0.255380051,0.15679996699999998,801.2391232879991
3203,0.3584580572,0.0001112958813,0.248649963,0.150269431,801.4877732509991
3204,0.3585693531,0.0001112960265,0.249931953,0.15118226299999998,801.7377052039991
3205,0.3586806491,0.0001112961717,0.248811632,0.150785917,801.986516835999
3206,0.3587919453,0.0001112963168,0.248568725,0.15095691700000002,802.2350855609991
3207,0.3589032416,0.0001112964617,0.249048357,0.150525438,802.4841339179991
3208,0.359014538,0.0001112966066,0.25405512,0.15543334,802.7381890379991
3209,0.3591258347,0.0001112967515,0.249630159,0.150671746,802.9878191969991
3210,0.3592371314,0.0001112968962,0.248695466,0.14984304,803.2365146629991
3211,0.3593484283,0.0001112970409,0.248865258,0.149885185,803.4853799209991
3212,0.3594597253,0.0001112971855,0.249183828,0.151273638,803.7345637489991
3213,0.3595710225,0.0001112973301,0.248296174,0.150397386,803.9828599229991
3214,0.3596823199,0.0001112974745,0.249105995,0.150464969,804.2319659179991
3215,0.3597936173,0.0001031913332,0.258569618,0.16016753,804.4905355359991
3216,0.3598968087,0.0001031913332,0.24955237,0.15077513799999998,804.7400879059991
3217,0.36,0.0001112976839,0.248647509,0.15006592400000002,804.988735414999
3218,0.3601112977,0.0001112980039,0.249567803,0.151566759,805.238303217999
3219,0.3602225957,0.0001112981528,0.248573418,0.150478407,805.486876635999
3220,0.3603338938,0.0001112982997,0.249534763,0.15109477300000002,805.736411398999
3221,0.3604451921,0.0001112984469,0.248337755,0.15023049,805.984749153999
3222,0.3605564906,0.0001112985934,0.248020516,0.149947771,806.232769669999
3223,0.3606677892,0.0001112987388,0.249958192,0.151009293,806.482727861999
3224,0.3607790879,0.0001112988829,0.248456664,0.15014925699999998,806.731184525999
3225,0.3608903868,0.000111299026,0.248057195,0.149858979,806.979241720999
3226,0.3610016858,0.0001112991682,0.248545979,0.150451705,807.227787699999
3227,0.361112985,0.0001112993098,0.249251428,0.151016974,807.477039127999
3228,0.3612242843,0.0001112994508,0.247886967,0.15015222,807.724926094999
3229,0.3613355838,0.0001112995915,0.252335592,0.15349426500000002,807.977261686999
3230,0.3614468833,0.000111299732,0.249358732,0.150343355,808.226620418999
3231,0.3615581831,0.0001112998723,0.248267803,0.150787346,808.474888221999
3232,0.361669483,0.0001113000126,0.248204224,0.150255819,808.723092445999
3233,0.361780783,0.0001113001529,0.249384439,0.151680328,808.972476884999
3234,0.3618920831,0.0001113002932,0.248689288,0.150757829,809.221166172999
3235,0.3620033834,0.0001113004336,0.264573197,0.16625769899999998,809.485739369999
3236,0.3621146838,0.0001113005741,0.249096577,0.150516437,809.734835946999
3237,0.3622259844,0.0001113007147,0.248825644,0.150157336,809.9836615909991
3238,0.3623372851,0.0001113008555,0.248823708,0.150227058,810.2324852989991
3239,0.362448586,0.0001113009963,0.249040723,0.150779339,810.4815260219991
3240,0.362559887,0.0001113011373,0.24941867,0.151015793,810.7309446919991
3241,0.3626711881,0.0001113012784,0.248587338,0.14980914,810.9795320299991
3242,0.3627824894,0.0001113014196,0.24947224,0.151022113,811.2290042699991
3243,0.3628937908,0.000111301561,0.250560076,0.151419318,811.4795643459992
3244,0.3630050924,0.0001113017024,0.257661454,0.15891221,811.7372257999991
3245,0.3631163941,0.0001113018439,0.253581621,0.15345808,811.9908074209991
3246,0.3632276959,0.0001113019854,0.253054744,0.15262420399999999,812.2438621649991
3247,0.3633389979,0.0001113021271,0.250486531,0.15167924700000002,812.4943486959991
3248,0.3634503,0.0001113022687,0.248868129,0.151087677,812.7432168249991
3249,0.3635616023,0.0001113024105,0.248396155,0.150385095,812.9916129799991
3250,0.3636729047,0.0001113025522,0.249234421,0.150515845,813.2408474009991
3251,0.3637842073,0.000111302694,0.247499015,0.149479452,813.4883464159991
3252,0.36389551,0.0001113028358,0.248766256,0.150520905,813.7371126719991
3253,0.3640068128,0.0001113029777,0.247474613,0.149170888,813.9845872849991
3254,0.3641181158,0.0001113031195,0.248030632,0.149706064,814.2326179169991
3255,0.3642294189,0.0001113032613,0.249826168,0.15187038,814.4824440849991
3256,0.3643407222,0.0001113034032,0.248338154,0.149941844,814.730782238999
3257,0.3644520256,0.000111303545,0.248747145,0.150339689,814.9795293839991
3258,0.3645633291,0.0001113036868,0.248125829,0.149900086,815.227655212999
3259,0.3646746328,0.0001113038285,0.248678675,0.150618737,815.476333887999
3260,0.3647859366,0.0001113039703,0.249824384,0.15132037,815.726158271999
3261,0.3648972406,0.000111304112,0.248236929,0.150534381,815.974395200999
3262,0.3650085447,0.0001113042537,0.248780483,0.149932558,816.223175683999
3263,0.365119849,0.0001113043953,0.248276442,0.1504287,816.471452125999
3264,0.3652311534,0.0001113045369,0.248215059,0.1500593,816.719667184999
3265,0.3653424579,0.0001113046785,0.248741913,0.150470256,816.968409097999
3266,0.3654537626,0.00011130482,0.248574917,0.1505961,817.2169840149991
3267,0.3655650674,0.0001113049614,0.247481898,0.149764278,817.4644659129991
3268,0.3656763724,0.0001113051028,0.248359147,0.150580577,817.7128250599991
3269,0.3657876775,0.0001113052441,0.24806648,0.149642226,817.9608915399991
3270,0.3658989827,0.0001113053853,0.248484324,0.150203273,818.2093758639991
3271,0.3660102881,0.0001113055265,0.249030839,0.15117338400000002,818.4584067029991
3272,0.3661215936,0.0001113056676,0.24848115,0.150255238,818.7068878529991
3273,0.3662328993,0.0001113058086,0.24859603,0.15022549400000001,818.9554838829991
3274,0.3663442051,0.0001113059496,0.248782494,0.150648387,819.2042663769992
3275,0.366455511,0.0001113060904,0.249462934,0.15087383399999998,819.4537293109992
3276,0.3665668171,0.0001113062312,0.248767044,0.150415527,819.7024963549992
3277,0.3666781234,0.0001113063719,0.261400413,0.150353187,819.9638967679992
3278,0.3667894297,0.0001113065125,0.247805582,0.149799544,820.2117023499992
3279,0.3669007362,0.0001113066529,0.248981425,0.150780347,820.4606837749992
3280,0.3670120429,0.0001113067933,0.252463615,0.154105059,820.7131473899992
3281,0.3671233497,0.0001113069336,0.248837228,0.15017581400000002,820.9619846179992
3282,0.3672346566,0.0001113070742,0.249281341,0.15070272099999998,821.2112659589992
3283,0.3673459637,0.0001113072153,0.249314531,0.150786271,821.4605804899992
3284,0.3674572709,0.0001113073572,0.248629163,0.150614039,821.7092096529992
3285,0.3675685783,0.0001113075,0.250896315,0.151904843,821.9601059679992
3286,0.3676798858,0.0001113076437,0.248509552,0.150544717,822.2086155199992
3287,0.3677911934,0.0001113077885,0.248542282,0.150347222,822.4571578019992
3288,0.3679025012,0.0001113079342,0.24847436,0.150194545,822.7056321619992
3289,0.3680138091,0.0001113080809,0.249363445,0.150638127,822.9549956069992
3290,0.3681251172,0.0001113082286,0.261608402,0.163518334,823.2166040089992
3291,0.3682364254,0.0001113083771,0.249320934,0.150534387,823.4659249429992
3292,0.3683477338,0.0001113085265,0.249268705,0.15041079200000002,823.7151936479992
3293,0.3684590423,0.0001113086766,0.249001136,0.15084989599999998,823.9641947839991
3294,0.368570351,0.0001113088275,0.24882271,0.150824387,824.2130174939991
3295,0.3686816599,0.000111308979,0.250205792,0.1511289,824.4632232859991
3296,0.3687929688,0.0001113091311,0.254669061,0.155752101,824.7178923469991
3297,0.368904278,0.0001113092837,0.248273965,0.14989908200000002,824.966166311999
3298,0.3690155872,0.0001113094369,0.248664151,0.15046565099999998,825.214830462999
3299,0.3691268967,0.0001113095904,0.248703438,0.150658754,825.463533900999
3300,0.3692382063,0.0001113097443,0.248500797,0.149817479,825.712034697999
3301,0.369349516,0.0001113098986,0.247741842,0.14973697,825.959776539999
3302,0.3694608259,0.0001113100531,0.249078541,0.15055883599999997,826.208855080999
3303,0.369572136,0.0001113102079,0.248409345,0.150316895,826.457264425999
3304,0.3696834462,0.0001113103628,0.249163495,0.150755804,826.706427920999
3305,0.3697947565,0.0001026217298,0.249723951,0.152025323,826.9561518719989
3306,0.3698973783,0.0001026217298,0.24917429,0.150717168,827.205326161999
3307,0.37,0.0001113105889,0.249854068,0.151151254,827.455180229999
3308,0.3701113106,0.0001113109358,0.249280077,0.15099463899999999,827.704460306999
3309,0.3702226215,0.0001113110965,0.249402165,0.151113475,827.953862471999
3310,0.3703339326,0.0001113112549,0.248836067,0.14996968300000002,828.2026985389989
3311,0.3704452439,0.0001113114138,0.249775561,0.15120544800000002,828.4524740999989
3312,0.3705565553,0.000111311572,0.24836804,0.150572434,828.7008421399988
3313,0.3706678669,0.000111311729,0.24912534,0.150663203,828.9499674799988
3314,0.3707791786,0.0001113118847,0.248129915,0.15077081,829.1980973949989
3315,0.3708904905,0.0001113120393,0.250565909,0.15186298399999998,829.4486633039988
3316,0.3710018025,0.000111312193,0.248817801,0.150064801,829.6974811049988
3317,0.3711131147,0.0001113123459,0.248508509,0.15068209500000002,829.9459896139988
3318,0.3712244271,0.0001113124983,0.253452997,0.154993283,830.1994426109987
3319,0.3713357396,0.0001113126502,0.249693505,0.150941176,830.4491361159987
3320,0.3714470522,0.0001113128019,0.250012055,0.150796677,830.6991481709987
3321,0.371558365,0.0001113129533,0.248550779,0.149587806,830.9476989499987
3322,0.371669678,0.0001113131046,0.248805712,0.150300365,831.1965046619987
3323,0.3717809911,0.0001113132558,0.249576043,0.151411794,831.4460807049987
3324,0.3718923043,0.0001113134071,0.249255831,0.150644811,831.6953365359988
3325,0.3720036177,0.0001113135583,0.248827066,0.15069555299999998,831.9441636019988
3326,0.3721149313,0.0001113137095,0.248735979,0.15059345899999999,832.1928995809988
3327,0.372226245,0.0001113138608,0.25030139,0.15141748,832.4432009709988
3328,0.3723375589,0.0001113140122,0.248923664,0.150219274,832.6921246349988
3329,0.3724488729,0.0001113141636,0.249289224,0.150901861,832.9414138589988
3330,0.372560187,0.000111314315,0.249410349,0.151047815,833.1908242079987
3331,0.3726715013,0.0001113144664,0.257233885,0.15842805199999999,833.4480580929987
3332,0.3727828158,0.0001113146179,0.249372089,0.150673622,833.6974301819987
3333,0.3728941304,0.0001113147694,0.249593426,0.15093542999999998,833.9470236079987
3334,0.3730054452,0.0001113149209,0.249114526,0.150168954,834.1961381339987
3335,0.3731167601,0.0001113150724,0.250340473,0.15119307199999998,834.4464786069988
3336,0.3732280752,0.0001113152239,0.24940486,0.15120996,834.6958834669988
3337,0.3733393904,0.0001113153753,0.249371757,0.15134566900000002,834.9452552239987
3338,0.3734507058,0.0001113155267,0.248522466,0.150253961,835.1937776899988
3339,0.3735620213,0.000111315678,0.252249257,0.153988664,835.4460269469988
3340,0.373673337,0.0001113158292,0.250150608,0.15127311300000001,835.6961775549988
3341,0.3737846528,0.0001113159804,0.248741923,0.150390143,835.9449194779988
3342,0.3738959688,0.0001113161315,0.248900018,0.150069628,836.1938194959988
3343,0.3740072849,0.0001113162824,0.248705242,0.15067185700000002,836.4425247379988
3344,0.3741186012,0.0001113164333,0.249203959,0.150804543,836.6917286969989
3345,0.3742299177,0.0001113165841,0.248707767,0.150900973,836.9404364639989
3346,0.3743412342,0.0001113167347,0.248321025,0.15051841,837.1887574889989
3347,0.374452551,0.0001113168852,0.249103984,0.150765385,837.437861472999
3348,0.3745638679,0.0001113170356,0.250084327,0.151167429,837.6879457999989
3349,0.3746751849,0.0001113171858,0.249032366,0.150205574,837.936978165999
3350,0.3747865021,0.0001113173359,0.24934657,0.150958959,838.1863247359989
3351,0.3748978194,0.0001113174859,0.255806804,0.156842592,838.442131539999
3352,0.3750091369,0.0001113176357,0.249534003,0.151135054,838.691665542999
3353,0.3751204545,0.0001113177853,0.24937375,0.150589922,838.941039292999
3354,0.3752317723,0.0001113179348,0.248702196,0.150224839,839.189741488999
3355,0.3753430903,0.0001113180841,0.24880849,0.150586269,839.4385499789989
3356,0.3754544083,0.0001113182333,0.252451926,0.153669355,839.691001904999
3357,0.3755657266,0.0001113183823,0.248731761,0.150646083,839.939733665999
3358,0.375677045,0.0001113185313,0.248508508,0.150477228,840.188242173999
3359,0.3757883635,0.0001113186803,0.248799532,0.15095874799999998,840.437041705999
3360,0.3758996822,0.0001113188292,0.248259436,0.14927611000000002,840.685301141999
3361,0.376011001,0.0001113189782,0.248156012,0.15001474599999998,840.933457153999
3362,0.37612232,0.0001113191272,0.249046654,0.150850224,841.1825038079991
3363,0.3762336391,0.0001113192762,0.247716715,0.150200754,841.4302205229991
3364,0.3763449584,0.0001113194251,0.248861633,0.150803915,841.6790821559991
3365,0.3764562778,0.0001113195742,0.248838996,0.150131932,841.9279211519992
3366,0.3765675974,0.0001113197231,0.249575257,0.150642261,842.1774964089991
3367,0.3766789171,0.0001113198721,0.248596157,0.15027875000000002,842.426092565999
3368,0.376790237,0.0001113200211,0.24892468,0.150418204,842.675017245999
3369,0.376901557,0.00011132017,0.248694236,0.150591892,842.923711481999
3370,0.3770128772,0.0001113203189,0.249364919,0.150538185,843.173076400999
3371,0.3771241975,0.0001113204677,0.249118918,0.150668168,843.422195318999
3372,0.3772355179,0.0001113206164,0.248546377,0.149871046,843.670741695999
3373,0.3773468386,0.0001113207651,0.249157077,0.150862443,843.919898772999
3374,0.3774581593,0.0001113209136,0.249044422,0.150242974,844.168943194999
3375,0.3775694802,0.0001113210621,0.24891847,0.150569872,844.417861664999
3376,0.3776808013,0.0001113212104,0.248659608,0.15047923600000002,844.666521272999
3377,0.3777921225,0.0001113213586,0.248147464,0.150266112,844.914668736999
3378,0.3779034439,0.0001113215067,0.247729689,0.14984149800000002,845.1623984259991
3379,0.3780147654,0.0001113216546,0.247966895,0.150043959,845.4103653209991
3380,0.378126087,0.0001113218023,0.249049444,0.149807192,845.659414764999
3381,0.3782374088,0.0001113219499,0.249343084,0.151068006,845.908757848999
3382,0.3783487308,0.0001113220974,0.249697915,0.15050921900000003,846.158455763999
3383,0.3784600529,0.0001113222446,0.248551786,0.150290194,846.407007549999
3384,0.3785713751,0.0001113223916,0.248392774,0.15028702700000002,846.655400323999
3385,0.3786826975,0.0001113225385,0.248945708,0.15040289,846.9043460319989
3386,0.3787940201,0.0001113226852,0.247550567,0.14960920500000002,847.1518965989989
3387,0.3789053427,0.0001113228317,0.248607463,0.15047429099999998,847.4005040619988
3388,0.3790166656,0.000111322978,0.248673024,0.15028141,847.6491770859989
3389,0.3791279886,0.0001113231242,0.248841063,0.150190812,847.8980181489989
3390,0.3792393117,0.0001113232701,0.24980997,0.151056993,848.1478281189989
3391,0.379350635,0.000111323416,0.248467343,0.15010114,848.3962954619989
3392,0.3794619584,0.0001113235616,0.248572756,0.150239601,848.6448682179989
3393,0.3795732819,0.000111323707,0.247321566,0.149642575,848.8921897839989
3394,0.3796846056,0.0001113238523,0.248849895,0.150637264,849.1410396789989
3395,0.3797959295,0.0001020352564,0.249289752,0.15105164,849.3903294309989
3396,0.3798979647,0.0001020352564,0.248337463,0.150499115,849.6386668939989
3397,0.38,0.000111324034,0.2487955,0.150355283,849.8874623939989
3398,0.380111324,0.0001113243857,0.249170133,0.150883454,850.1366325269989
3399,0.3802226484,0.0001113245354,0.248910239,0.151033224,850.3855427659989
3400,0.380333973,0.0001113246822,0.249325623,0.150722266,850.6348683889989
3401,0.3804452976,0.0001113248292,0.249513114,0.150592065,850.884381502999
3402,0.3805566225,0.0001113249753,0.24863788,0.150577162,851.133019382999
3403,0.3806679474,0.0001113251199,0.248623257,0.150233456,851.381642639999
3404,0.3807792726,0.0001113252628,0.248831715,0.150026318,851.630474354999
3405,0.3808905978,0.0001113254044,0.25361769,0.15563637800000002,851.8840920449991
3406,0.3810019232,0.0001113255448,0.248254972,0.150170185,852.1323470169991
3407,0.3811132488,0.0001113256843,0.249099549,0.150791279,852.3814465659991
3408,0.3812245745,0.0001113258232,0.250415171,0.15136509399999998,852.6318617369991
3409,0.3813359003,0.0001113259616,0.251355404,0.151719644,852.8832171409991
3410,0.3814472262,0.0001113260996,0.250816664,0.152095596,853.1340338049991
3411,0.3815585523,0.0001113262373,0.251499154,0.152905295,853.3855329589992
3412,0.3816698786,0.0001113263749,0.250775704,0.152119942,853.6363086629992
3413,0.381781205,0.0001113265123,0.251031245,0.151649358,853.8873399079993
3414,0.3818925315,0.0001113266495,0.250418873,0.152022894,854.1377587809992
3415,0.3820038581,0.0001113267865,0.252352353,0.153844782,854.3901111339992
3416,0.3821151849,0.0001113269233,0.248503118,0.15018948,854.6386142519992
3417,0.3822265118,0.0001113270598,0.249468581,0.150035314,854.8880828329992
3418,0.3823378389,0.0001113271959,0.249066234,0.150483188,855.1371490669992
3419,0.3824491661,0.0001113273317,0.247914042,0.150444539,855.3850631089992
3420,0.3825604934,0.000111327467,0.248622727,0.150204809,855.6336858359992
3421,0.3826718209,0.0001113276018,0.249088328,0.150671633,855.8827741639992
3422,0.3827831485,0.0001113277361,0.251496883,0.15334866,856.1342710469992
3423,0.3828944762,0.0001113278698,0.247640343,0.149076455,856.3819113899991
3424,0.3830058041,0.0001113280028,0.247309102,0.149022247,856.6292204919991
3425,0.3831171321,0.0001113281352,0.24735819,0.149425749,856.8765786819991
3426,0.3832284602,0.0001113282669,0.25149319,0.153686655,857.1280718719992
3427,0.3833397885,0.0001113283978,0.252980155,0.155491822,857.3810520269992
3428,0.3834511169,0.000111328528,0.247987551,0.15019518999999998,857.6290395779993
3429,0.3835624454,0.0001113286575,0.247643711,0.14963378900000002,857.8766832889993
3430,0.3836737741,0.0001113287862,0.250242489,0.150889441,858.1269257779993
3431,0.3837851029,0.0001113289142,0.248207852,0.149722648,858.3751336299993
3432,0.3838964318,0.0001113290414,0.247812677,0.149692894,858.6229463069992
3433,0.3840077608,0.0001113291678,0.256253944,0.155969989,858.8792002509992
3434,0.38411909,0.0001113292936,0.248693483,0.150600776,859.1278937339993
3435,0.3842304193,0.0001113294185,0.24811561,0.149961689,859.3760093439993
3436,0.3843417487,0.0001113295428,0.249511665,0.150815902,859.6255210089993
3437,0.3844530782,0.0001113296664,0.248220945,0.150065701,859.8737419539992
3438,0.3845644079,0.0001113297893,0.248609019,0.15043682600000002,860.1223509729992
3439,0.3846757377,0.0001113299115,0.248214914,0.150216029,860.3705658869992
3440,0.3847870676,0.0001113300331,0.248721441,0.15047885500000002,860.6192873279992
3441,0.3848983976,0.0001113301541,0.249206136,0.150833643,860.8684934639992
3442,0.3850097278,0.0001113302745,0.248726829,0.150838742,861.1172202929993
3443,0.3851210581,0.0001113303943,0.248167972,0.150307263,861.3653882649993
3444,0.3852323885,0.0001113305135,0.249085153,0.151080261,861.6144734179993
3445,0.385343719,0.0001113306322,0.248102262,0.150009687,861.8625756799993
3446,0.3854550496,0.0001113307503,0.24892751,0.149778978,862.1115031899993
3447,0.3855663804,0.0001113308679,0.248292123,0.150272065,862.3597953129994
3448,0.3856777112,0.0001113309851,0.249650295,0.151262619,862.6094456079994
3449,0.3857890422,0.0001113311017,0.247663171,0.14991734699999998,862.8571087789994
3450,0.3859003733,0.0001113312179,0.249976742,0.151086364,863.1070855209994
3451,0.3860117045,0.0001113313337,0.250226422,0.151084493,863.3573119429993
3452,0.3861230359,0.000111331449,0.249323661,0.15090257699999998,863.6066356039993
3453,0.3862343673,0.0001113315639,0.25347723,0.154749424,863.8601128339993
3454,0.3863456989,0.0001113316784,0.249065425,0.150523393,864.1091782589993
3455,0.3864570306,0.0001113317924,0.247822959,0.150174493,864.3570012179994
3456,0.3865683624,0.0001113319061,0.248547135,0.150425027,864.6055483529993
3457,0.3866796943,0.0001113320194,0.2478903,0.149788749,864.8534386529993
3458,0.3867910263,0.0001113321324,0.256808939,0.158765299,865.1102475919994
3459,0.3869023584,0.0001113322449,0.248021803,0.14928051,865.3582693949994
3460,0.3870136907,0.0001113323572,0.248288262,0.15019012799999998,865.6065576569994
3461,0.387125023,0.000111332469,0.248529649,0.15027022299999998,865.8550873059994
3462,0.3872363555,0.0001113325806,0.249051647,0.15083044699999998,866.1041389529994
3463,0.3873476881,0.0001113326917,0.247708604,0.14990039500000002,866.3518475569994
3464,0.3874590208,0.0001113328026,0.246818376,0.149368408,866.5986659329993
3465,0.3875703536,0.0001113329131,0.252390313,0.154686163,866.8510562459993
3466,0.3876816865,0.0001113330234,0.258526042,0.16048093600000002,867.1095822879993
3467,0.3877930195,0.0001113331333,0.247539452,0.14998735600000002,867.3571217399992
3468,0.3879043526,0.0001113332428,0.247670207,0.14979567,867.6047919469993
3469,0.3880156859,0.0001113333521,0.248003148,0.14998557099999998,867.8527950949992
3470,0.3881270192,0.0001113334611,0.248082279,0.149776057,868.1008773739992
3471,0.3882383527,0.0001113335697,0.247716862,0.14987572100000002,868.3485942359991
3472,0.3883496862,0.0001113336781,0.248045405,0.149983891,868.5966396409991
3473,0.3884610199,0.0001113337862,0.248758108,0.150701591,868.8453977489991
3474,0.3885723537,0.0001113338939,0.248900306,0.150728064,869.0942980549991
3475,0.3886836876,0.0001113340014,0.249632999,0.150718116,869.3439310539991
3476,0.3887950216,0.0001113341086,0.247919158,0.149809658,869.591850211999
3477,0.3889063557,0.0001113342155,0.249104528,0.150877037,869.840954739999
3478,0.3890176899,0.0001113343221,0.248103416,0.150004356,870.089058155999
3479,0.3891290243,0.0001113344284,0.249073055,0.15067764,870.3381312109991
3480,0.3892403587,0.0001113345344,0.24873045,0.150433637,870.5868616609991
3481,0.3893516932,0.0001113346401,0.24938794,0.151060366,870.8362496009992
3482,0.3894630279,0.0001113347456,0.248527588,0.150228318,871.0847771889992
3483,0.3895743626,0.0001113348507,0.250108992,0.151239842,871.3348861809992
3484,0.3896856975,0.0001113349556,0.248356679,0.150429243,871.5832428599992
3485,0.3897970324,0.0001014837949,0.252250106,0.153651882,871.8354929659993
3486,0.3898985162,0.0001014837949,0.249701769,0.151502808,872.0851947349993
3487,0.39,0.0001113350088,0.248611402,0.150052321,872.3338061369993
3488,0.390111335,0.0001113353346,0.248745607,0.14985551600000002,872.5825517439994
3489,0.3902226703,0.0001113354438,0.248642506,0.149894468,872.8311942499994
3490,0.3903340058,0.0001113355497,0.248062412,0.14943119700000002,873.0792566619994
3491,0.3904453413,0.0001113356558,0.248008953,0.150311697,873.3272656149993
3492,0.390556677,0.000111335761,0.249138329,0.150378297,873.5764039439993
3493,0.3906680128,0.0001113358647,0.248111123,0.150446311,873.8245150669992
3494,0.3907793486,0.0001113359667,0.249388095,0.151146805,874.0739031619992
3495,0.3908906846,0.0001113360673,0.248650237,0.150346327,874.3225533989992
3496,0.3910020207,0.0001113361666,0.249079483,0.150446221,874.5716328819991
3497,0.3911133568,0.0001113362649,0.247693816,0.14976864699999998,874.8193266979991
3498,0.3912246931,0.0001113363625,0.261197028,0.162581317,875.0805237259991
3499,0.3913360294,0.0001113364594,0.268524007,0.15003650699999999,875.3490477329991
3500,0.3914473659,0.000111336556,0.26231371,0.150200475,875.611361442999
3501,0.3915587025,0.0001113366521,0.270367962,0.150114593,875.8817294049991
3502,0.3916700391,0.0001113367481,0.248397335,0.15009420299999998,876.1301267399991
3503,0.3917813759,0.0001113368439,0.248671348,0.15091041,876.3787980879991
3504,0.3918927127,0.0001113369396,0.24884607,0.150510038,876.6276441579992
3505,0.3920040496,0.0001113370352,0.248340623,0.15021917099999998,876.8759847809991
3506,0.3921153867,0.0001113371308,0.24826416,0.150505529,877.1242489409991
3507,0.3922267238,0.0001113372264,0.248185083,0.15010731,877.3724340239991
3508,0.392338061,0.000111337322,0.247462976,0.15001014000000001,877.619896999999
3509,0.3924493984,0.0001113374176,0.248169192,0.149984302,877.868066191999
3510,0.3925607358,0.0001113375132,0.250317641,0.15128955,878.118383832999
3511,0.3926720733,0.0001113376087,0.249580001,0.151578531,878.367963833999
3512,0.3927834109,0.0001113377043,0.248329233,0.149576539,878.6162930669991
3513,0.3928947486,0.0001113377998,0.248254502,0.150198612,878.8645475689991
3514,0.3930060864,0.0001113378953,0.24857083,0.15068499600000002,879.1131183989991
3515,0.3931174243,0.0001113379908,0.261871983,0.16355013699999998,879.374990381999
3516,0.3932287623,0.0001113380862,0.248102674,0.149860152,879.6230930559991
3517,0.3933401004,0.0001113381816,0.248813043,0.150727727,879.8719060989991
3518,0.3934514386,0.0001113382768,0.262329202,0.164277503,880.1342353009992
3519,0.3935627768,0.000111338372,0.248257123,0.150249243,880.3824924239992
3520,0.3936741152,0.0001113384671,0.248989756,0.150524945,880.6314821799992
3521,0.3937854537,0.0001113385622,0.248248918,0.149897435,880.8797310979992
3522,0.3938967922,0.0001113386571,0.260947589,0.162815108,881.1406786869992
3523,0.3940081309,0.0001113387519,0.248505011,0.150126231,881.3891836979992
3524,0.3941194696,0.0001113388465,0.25667549,0.158110632,881.6458591879992
3525,0.3942308085,0.0001113389411,0.249627959,0.150970441,881.8954871469992
3526,0.3943421474,0.0001113390355,0.249465531,0.150850819,882.1449526779993
3527,0.3944534865,0.0001113391298,0.249304998,0.150837292,882.3942576759993
3528,0.3945648256,0.000111339224,0.248462427,0.150175524,882.6427201029993
3529,0.3946761648,0.000111339318,0.249608443,0.151211143,882.8923285459994
3530,0.3947875041,0.0001113394118,0.248938745,0.150694803,883.1412672909994
3531,0.3948988436,0.0001113395056,0.247714111,0.14967930200000001,883.3889814019994
3532,0.3950101831,0.0001113395992,0.248277314,0.150362196,883.6372587159995
3533,0.3951215227,0.0001113396926,0.247603995,0.149377716,883.8848627109994
3534,0.3952328623,0.0001113397859,0.248785297,0.150537996,884.1336480079995
3535,0.3953442021,0.000111339879,0.24952639,0.151438287,884.3831743979995
3536,0.395455542,0.000111339972,0.25022653,0.151206767,884.6334009279994
3537,0.395566882,0.0001113400648,0.248147911,0.149444311,884.8815488389995
3538,0.3956782221,0.0001113401575,0.248663623,0.150711277,885.1302124619995
3539,0.3957895622,0.00011134025,0.249328755,0.150381333,885.3795412169994
3540,0.3959009025,0.0001113403424,0.249214525,0.150862501,885.6287557419994
3541,0.3960122428,0.0001113404346,0.249449302,0.151082191,885.8782050439994
3542,0.3961235832,0.0001113405267,0.248530586,0.15058749500000002,886.1267356299994
3543,0.3962349238,0.0001113406186,0.248452609,0.150769075,886.3751882389994
3544,0.3963462644,0.0001113407103,0.248218356,0.150191283,886.6234065949994
3545,0.3964576051,0.0001113408019,0.255325694,0.156837943,886.8787322889995
3546,0.3965689459,0.0001113408934,0.249509585,0.151199808,887.1282418739995
3547,0.3966802868,0.0001113409846,0.248817423,0.15091250299999998,887.3770592969995
3548,0.3967916278,0.0001113410758,0.24921979,0.150727377,887.6262790869995
3549,0.3969029688,0.0001113411668,0.249695409,0.150867413,887.8759744959995
3550,0.39701431,0.0001113412576,0.248863386,0.149750161,888.1248378819995
3551,0.3971256513,0.0001113413483,0.249207156,0.150161357,888.3740450379995
3552,0.3972369926,0.0001113414388,0.254810009,0.156387726,888.6288550469995
3553,0.3973483341,0.0001113415291,0.248321204,0.150423637,888.8771762509996
3554,0.3974596756,0.0001113416194,0.249273264,0.15091112099999998,889.1264495149995
3555,0.3975710172,0.0001113417094,0.248810662,0.150653874,889.3752601769995
3556,0.3976823589,0.0001113417993,0.248561792,0.150650811,889.6238219689996
3557,0.3977937007,0.0001113418891,0.24935939,0.15072504399999997,889.8731813589995
3558,0.3979050426,0.0001113419787,0.248620926,0.150557546,890.1218022849995
3559,0.3980163846,0.0001113420682,0.248386895,0.150132996,890.3701891799994
3560,0.3981277267,0.0001113421575,0.255950705,0.157451719,890.6261398849995
3561,0.3982390688,0.0001113422467,0.247986824,0.150188648,890.8741267089995
3562,0.3983504111,0.0001113423357,0.249298266,0.150650225,891.1234249749995
3563,0.3984617534,0.0001113424246,0.248886604,0.150651849,891.3723115789994
3564,0.3985730958,0.0001113425133,0.248502329,0.150462666,891.6208139079994
3565,0.3986844383,0.0001113426019,0.24890073,0.150628027,891.8697146379993
3566,0.3987957809,0.0001113426904,0.248164818,0.150221536,892.1178794559993
3567,0.3989071236,0.0001113427787,0.247897611,0.150308047,892.3657770669993
3568,0.3990184664,0.0001113428668,0.247923128,0.15051546700000001,892.6137001949993
3569,0.3991298093,0.0001113429549,0.249415482,0.15121268999999998,892.8631156769993
3570,0.3992411522,0.0001113430428,0.249424509,0.15066892,893.1125401859994
3571,0.3993524953,0.0001113431305,0.248836304,0.15076614,893.3613764899993
3572,0.3994638384,0.0001113432181,0.248977914,0.150784076,893.6103544039993
3573,0.3995751816,0.0001113433056,0.250185797,0.151614545,893.8605402009993
3574,0.3996865249,0.0001113433929,0.250071372,0.15118469499999998,894.1106115729992
3575,0.3997978683,0.0001010658443,0.248782572,0.150668728,894.3593941449992
3576,0.3998989342,0.0001010658443,0.248834715,0.15106233400000002,894.6082288599993
3577,0.4,0.0001111724287,0.249472258,0.150739333,894.8577011179992
3578,0.4001111724,0.0001113437035,0.249149473,0.15043705899999998,895.1068505909992
3579,0.4002225161,0.0001113437997,0.249569705,0.151163312,895.3564202959992
3580,0.4003338599,0.0001113438889,0.248735398,0.149912594,895.6051556939992
3581,0.4004452038,0.0001113439783,0.259197995,0.150970264,895.8643536889992
3582,0.4005565478,0.000111344067,0.249464528,0.151121103,896.1138182169992
3583,0.4006678919,0.0001113441543,0.250717317,0.152680412,896.3645355339992
3584,0.400779236,0.00011134424,0.254185413,0.151439987,896.6187209469991
3585,0.4008905803,0.0001113443243,0.258305107,0.150347649,896.8770260539991
3586,0.4010019246,0.0001113444075,0.248781609,0.15072122300000002,897.1258076629991
3587,0.401113269,0.0001113444898,0.249777315,0.15141749,897.3755849779991
3588,0.4012246135,0.0001113445714,0.249112939,0.15056006900000002,897.6246979169991
3589,0.4013359581,0.0001113446526,0.24960486,0.15107294599999999,897.8743027769991
3590,0.4014473027,0.0001113447335,0.249606304,0.15099551900000002,898.1239090809992
3591,0.4015586474,0.0001113448142,0.250194477,0.15159467100000001,898.3741035579992
3592,0.4016699923,0.0001113448949,0.249152567,0.15104704600000002,898.6232561249992
3593,0.4017813371,0.0001113449755,0.250069032,0.15142610299999998,898.8733251569993
3594,0.4018926821,0.0001113450561,0.252227893,0.15373710200000001,899.1255530499993
3595,0.4020040272,0.0001113451369,0.247898358,0.150127485,899.3734514079994
3596,0.4021153723,0.0001113452177,0.249219299,0.151119653,899.6226707069993
3597,0.4022267175,0.0001113452987,0.249397087,0.15123360600000002,899.8720677939993
3598,0.4023380628,0.0001113453798,0.24949823,0.15082244700000003,900.1215660239993
3599,0.4024494082,0.0001113454611,0.248144699,0.150004842,900.3697107229993
3600,0.4025607537,0.0001113455425,0.249180401,0.150881609,900.6188911239993
3601,0.4026720992,0.0001113456241,0.254263617,0.155999623,900.8731547409993
3602,0.4027834448,0.0001113457057,0.249156669,0.151316009,901.1223114099993
3603,0.4028947905,0.0001113457875,0.251841166,0.153704007,901.3741525759992
3604,0.4030061363,0.0001113458694,0.250439402,0.152466141,901.6245919779992
3605,0.4031174822,0.0001113459513,0.249141017,0.150461318,901.8737329949993
3606,0.4032288282,0.0001113460334,0.249795881,0.151287622,902.1235288759992
3607,0.4033401742,0.0001113461155,0.249308519,0.15075913600000002,902.3728373949992
3608,0.4034515203,0.0001113461976,0.249023959,0.15087055900000002,902.6218613539993
3609,0.4035628665,0.0001113462798,0.250201577,0.152010054,902.8720629309993
3610,0.4036742128,0.000111346362,0.249493852,0.150185093,903.1215567829993
3611,0.4037855591,0.0001113464442,0.249299368,0.151013476,903.3708561509993
3612,0.4038969056,0.0001113465264,0.248600254,0.150258258,903.6194564049994
3613,0.4040082521,0.0001113466086,0.249815807,0.150868196,903.8692722119994
3614,0.4041195987,0.0001113466907,0.247930208,0.149752112,904.1172024199993
3615,0.4042309454,0.0001113467729,0.248770963,0.15084295199999997,904.3659733829993
3616,0.4043422922,0.000111346855,0.249681544,0.15098064,904.6156549269994
3617,0.404453639,0.0001113469371,0.24999861,0.151622121,904.8656535369994
3618,0.404564986,0.0001113470191,0.250063324,0.151482835,905.1157168609994
3619,0.404676333,0.000111347101,0.249072098,0.15085822799999998,905.3647889589995
3620,0.4047876801,0.0001113471829,0.250617879,0.151935008,905.6154068379994
3621,0.4048990273,0.0001113472648,0.249385328,0.151295907,905.8647921659995
3622,0.4050103745,0.0001113473466,0.248924363,0.150610821,906.1137165289995
3623,0.4051217219,0.0001113474283,0.248482412,0.150175276,906.3621989409995
3624,0.4052330693,0.0001113475099,0.259943779,0.161625012,906.6221427199995
3625,0.4053444168,0.0001113475914,0.249450669,0.151213123,906.8715933889995
3626,0.4054557644,0.0001113476729,0.247512306,0.15000240399999998,907.1191056949995
3627,0.4055671121,0.0001113477542,0.249483435,0.15109108100000002,907.3685891299995
3628,0.4056784598,0.0001113478355,0.249070439,0.15045452,907.6176595689994
3629,0.4057898077,0.0001113479167,0.250069683,0.151114287,907.8677292519994
3630,0.4059011556,0.0001113479978,0.248324959,0.150187001,908.1160542109994
3631,0.4060125036,0.0001113480788,0.248800132,0.150514321,908.3648543429995
3632,0.4061238517,0.0001113481598,0.248768307,0.150481109,908.6136226499995
3633,0.4062351998,0.0001113482406,0.2499902,0.15161416500000002,908.8636128499994
3634,0.4063465481,0.0001113483213,0.250430975,0.151464657,909.1140438249994
3635,0.4064578964,0.0001113484019,0.247860079,0.149791815,909.3619039039994
3636,0.4065692448,0.0001113484824,0.248348672,0.149856174,909.6102525759994
3637,0.4066805933,0.0001113485628,0.249247936,0.151097898,909.8595005119994
3638,0.4067919418,0.0001113486431,0.249144586,0.150217186,910.1086450979994
3639,0.4069032905,0.0001113487232,0.249263386,0.151060851,910.3579084839995
3640,0.4070146392,0.0001113488032,0.249073901,0.150140824,910.6069823849995
3641,0.407125988,0.0001113488831,0.248279396,0.149982791,910.8552617809995
3642,0.4072373369,0.0001113489628,0.248469997,0.149934295,911.1037317779995
3643,0.4073486859,0.0001113490424,0.248516373,0.150294492,911.3522481509996
3644,0.4074600349,0.0001113491219,0.248869421,0.15042328900000002,911.6011175719996
3645,0.407571384,0.0001113492013,0.24819556,0.150203476,911.8493131319996
3646,0.4076827332,0.0001113492805,0.248992156,0.151219128,912.0983052879996
3647,0.4077940825,0.0001113493596,0.248222169,0.150184853,912.3465274569995
3648,0.4079054319,0.0001113494386,0.249835812,0.150995713,912.5963632689995
3649,0.4080167813,0.0001113495174,0.249821947,0.15055626,912.8461852159995
3650,0.4081281308,0.0001113495961,0.247969387,0.149451143,913.0941546029995
3651,0.4082394804,0.0001113496747,0.248173926,0.14978849100000002,913.3423285289996
3652,0.4083508301,0.0001113497531,0.249515139,0.15077933100000002,913.5918436679996
3653,0.4084621798,0.0001113498314,0.249968063,0.151619031,913.8418117309996
3654,0.4085735297,0.0001113499096,0.248054936,0.150504468,914.0898666669996
3655,0.4086848796,0.0001113499876,0.2497126,0.150813324,914.3395792669995
3656,0.4087962296,0.0001113500655,0.249310162,0.149960013,914.5888894289996
3657,0.4089075796,0.0001113501433,0.250191527,0.150585902,914.8390809559995
3658,0.4090189298,0.0001113502209,0.248087963,0.14959315699999998,915.0871689189995
3659,0.40913028,0.0001113502984,0.248579429,0.14996388,915.3357483479995
3660,0.4092416303,0.0001113503758,0.248076939,0.149641172,915.5838252869995
3661,0.4093529807,0.0001113504531,0.252782903,0.154056225,915.8366081899995
3662,0.4094643311,0.0001113505302,0.248977924,0.150149636,916.0855861139995
3663,0.4095756817,0.0001113506071,0.247896131,0.14973571000000002,916.3334822449995
3664,0.4096870323,0.000111350684,0.248109305,0.14992017200000002,916.5815915499994
3665,0.409798383,0.0001008085227,0.249686196,0.152087699,916.8312777459994
3666,0.4098991915,0.0001008085227,0.249629395,0.15132451000000002,917.0809071409994
3667,0.41,0.0001108893749,0.249135011,0.150503727,917.3300421519995
3668,0.4101108894,0.0001113509491,0.248964834,0.15028717800000002,917.5790069859995
3669,0.4102222403,0.0001113510415,0.249933945,0.151575882,917.8289409309995
3670,0.4103335914,0.0001113511202,0.249253724,0.149863478,918.0781946549995
3671,0.4104449425,0.000111351199,0.248839741,0.150271922,918.3270343959995
3672,0.4105562937,0.0001113512771,0.249043331,0.15032558299999998,918.5760777269995
3673,0.410667645,0.0001113513537,0.252766425,0.15437093600000001,918.8288441519995
3674,0.4107789963,0.0001113514287,0.248603169,0.150479339,919.0774473209996
3675,0.4108903477,0.0001113515024,0.248502748,0.15030760599999998,919.3259500689995
3676,0.4110016992,0.0001113515748,0.247449332,0.149926805,919.5733994009995
3677,0.4111130508,0.000111351646,0.248304084,0.15047118799999998,919.8217034849995
3678,0.4112244025,0.0001113517156,0.248045764,0.150196029,920.0697492489995
3679,0.4113357542,0.0001113517832,0.248421342,0.149911501,920.3181705909996
3680,0.411447106,0.0001113518488,0.248600359,0.150182009,920.5667709499995
3681,0.4115584578,0.0001113519124,0.248651517,0.15050882399999999,920.8154224669995
3682,0.4116698097,0.000111351974,0.248289304,0.150473137,921.0637117709995
3683,0.4117811617,0.0001113520337,0.248593963,0.150910179,921.3123057339994
3684,0.4118925137,0.0001113520916,0.249236395,0.150850185,921.5615421289995
3685,0.4120038658,0.0001113521477,0.24964019,0.15089039199999998,921.8111823189995
3686,0.412115218,0.0001113522024,0.250215693,0.15128070700000001,922.0613980119995
3687,0.4122265702,0.0001113522555,0.260821744,0.16259338699999998,922.3222197559995
3688,0.4123379224,0.0001113523073,0.249673601,0.151412557,922.5718933569996
3689,0.4124492747,0.0001113523578,0.248995939,0.15029936500000002,922.8208892959996
3690,0.4125606271,0.0001113524072,0.248699483,0.14980972199999998,923.0695887789996
3691,0.4126719795,0.0001113524556,0.249223214,0.150291183,923.3188119929996
3692,0.412783332,0.000111352503,0.249257752,0.150222679,923.5680697449995
3693,0.4128946845,0.0001113525495,0.248720455,0.150525135,923.8167901999996
3694,0.413006037,0.0001113525953,0.25738285,0.157474576,924.0741730499996
3695,0.4131173896,0.0001113526404,0.25344129,0.15357368999999998,924.3276143399995
3696,0.4132287422,0.0001113526849,0.254463627,0.15531815,924.5820779669995
3697,0.4133400949,0.0001113527288,0.249098629,0.150704597,924.8311765959994
3698,0.4134514477,0.0001113527722,0.249781678,0.151449219,925.0809582739994
3699,0.4135628004,0.0001113528151,0.249534639,0.151180226,925.3304929129994
3700,0.4136741532,0.0001113528576,0.250202993,0.15152880800000001,925.5806959059994
3701,0.4137855061,0.0001113528997,0.250065754,0.151267898,925.8307616599994
3702,0.413896859,0.0001113529414,0.248614389,0.150335778,926.0793760489994
3703,0.4140082119,0.0001113529829,0.248354043,0.150040216,926.3277300919993
3704,0.4141195649,0.000111353024,0.248061395,0.15022727200000002,926.5757914869994
3705,0.414230918,0.000111353065,0.249442226,0.150997863,926.8252337129994
3706,0.414342271,0.0001113531056,0.247887048,0.15023799,927.0731207609995
3707,0.4144536241,0.0001113531461,0.247769649,0.15019451,927.3208904099995
3708,0.4145649773,0.0001113531863,0.247493915,0.149502995,927.5683843249994
3709,0.4146763305,0.0001113532263,0.248919406,0.150842437,927.8173037309995
3710,0.4147876837,0.0001113532662,0.249593743,0.15056635499999999,928.0668974739995
3711,0.414899037,0.0001113533059,0.248739725,0.15053688199999998,928.3156371989994
3712,0.4150103903,0.0001113533454,0.247923433,0.149673568,928.5635606319994
3713,0.4151217436,0.0001113533848,0.249491581,0.150998903,928.8130522129994
3714,0.415233097,0.0001113534241,0.249313078,0.15079099499999998,929.0623652909994
3715,0.4153444504,0.0001113534632,0.248441494,0.150220688,929.3108067849994
3716,0.4154558039,0.0001113535022,0.249100624,0.149902135,929.5599074089994
3717,0.4155671574,0.000111353541,0.248836608,0.15075541799999997,929.8087440169994
3718,0.4156785109,0.0001113535797,0.248371659,0.15022444499999998,930.0571156759994
3719,0.4157898645,0.0001113536183,0.248045371,0.15037711,930.3051610469994
3720,0.4159012181,0.0001113536568,0.248456974,0.150115591,930.5536180209994
3721,0.4160125718,0.0001113536952,0.249310353,0.151234863,930.8029283739994
3722,0.4161239255,0.0001113537335,0.249003483,0.15032836,931.0519318569994
3723,0.4162352792,0.0001113537716,0.248779984,0.15037551,931.3007118409994
3724,0.416346633,0.0001113538097,0.248327795,0.15002364099999999,931.5490396359994
3725,0.4164579868,0.0001113538476,0.249584381,0.151586442,931.7986240169994
3726,0.4165693406,0.0001113538855,0.248173383,0.149608713,932.0467973999994
3727,0.4166806945,0.0001113539232,0.249296962,0.150789596,932.2960943619994
3728,0.4167920484,0.0001113539609,0.248622098,0.150282623,932.5447164599994
3729,0.4169034024,0.0001113539984,0.24834499,0.150526881,932.7930614499994
3730,0.4170147564,0.0001113540358,0.248683564,0.149748779,933.0417450139994
3731,0.4171261104,0.0001113540732,0.248370001,0.149686736,933.2901150149994
3732,0.4172374645,0.0001113541104,0.247666449,0.149494442,933.5377814639994
3733,0.4173488186,0.0001113541475,0.248864159,0.151039442,933.7866456229995
3734,0.4174601728,0.0001113541846,0.247560944,0.149762279,934.0342065669995
3735,0.4175715269,0.0001113542215,0.247233313,0.149598082,934.2814398799995
3736,0.4176828812,0.0001113542584,0.249342942,0.15094666499999998,934.5307828219995
3737,0.4177942354,0.0001113542951,0.249084979,0.150666582,934.7798678009996
3738,0.4179055897,0.0001113543318,0.255094896,0.15630931399999998,935.0349626969995
3739,0.4180169441,0.0001113543683,0.248329848,0.150598287,935.2832925449995
3740,0.4181282984,0.0001113544048,0.247767195,0.14975640299999998,935.5310597399996
3741,0.4182396528,0.0001113544411,0.252324086,0.153831838,935.7833838259996
3742,0.4183510073,0.0001113544774,0.249659649,0.150485491,936.0330434749997
3743,0.4184623617,0.0001113545136,0.24936508,0.150537358,936.2824085549996
3744,0.4185737163,0.0001113545497,0.249592638,0.150993406,936.5320011929996
3745,0.4186850708,0.0001113545856,0.249606464,0.151339693,936.7816076569995
3746,0.4187964254,0.0001113546215,0.248683623,0.150282289,937.0302912799996
3747,0.41890778,0.0001113546573,0.248359134,0.150171861,937.2786504139996
3748,0.4190191347,0.000111354693,0.249282479,0.150649855,937.5279328929996
3749,0.4191304894,0.0001113547287,0.250140645,0.151407601,937.7780735379996
3750,0.4192418441,0.0001113547642,0.248808447,0.14945266000000001,938.0268819849996
3751,0.4193531989,0.0001113547996,0.2480356,0.150223524,938.2749175849996
3752,0.4194645537,0.000111354835,0.247767705,0.14972600800000002,938.5226852899996
3753,0.4195759085,0.0001113548702,0.249586528,0.151224411,938.7722718179996
3754,0.4196872634,0.0001113549054,0.248620323,0.15031221,939.0208921409995
3755,0.4197986183,0.0001006908644,0.248788955,0.15081433,939.2696810959995
3756,0.4198993091,0.0001006908644,0.249387946,0.151202229,939.5190690419995
3757,0.42,0.0001107599509,0.249548304,0.151135163,939.7686173459995
3758,0.42011076,0.0001113550077,0.248598992,0.150685821,940.0172163379995
3759,0.420222115,0.0001113550601,0.250512933,0.151615889,940.2677292709994
3760,0.42033347,0.0001113550957,0.248806832,0.149673663,940.5165361029995
3761,0.4204448251,0.0001113551317,0.249862265,0.151374851,940.7663983679995
3762,0.4205561802,0.0001113551671,0.250553846,0.15159953399999998,941.0169522139995
3763,0.4206675354,0.0001113552013,0.260050679,0.151851507,941.2770028929995
3764,0.4207788906,0.0001113552343,0.284714284,0.15215324000000002,941.5617171769994
3765,0.4208902458,0.000111355266,0.248963545,0.150712198,941.8106807219995
3766,0.4210016011,0.0001113552968,0.249237205,0.15063400799999999,942.0599179269994
3767,0.4211129564,0.000111355327,0.251236986,0.15323859499999998,942.3111549129994
3768,0.4212243117,0.0001113553567,0.248854307,0.150665,942.5600092199994
3769,0.4213356671,0.0001113553862,0.24916762,0.150476411,942.8091768399994
3770,0.4214470225,0.0001113554155,0.24851961,0.149741017,943.0576964499994
3771,0.4215583779,0.0001113554447,0.249926926,0.150583315,943.3076233759994
3772,0.4216697333,0.0001113554741,0.25542858,0.156637592,943.5630519559993
3773,0.4217810888,0.0001113555035,0.258668508,0.149996949,943.8217204639993
3774,0.4218924443,0.0001113555331,0.24782067,0.150319925,944.0695411339993
3775,0.4220037999,0.0001113555629,0.249333558,0.150894138,944.3188746919993
3776,0.4221151554,0.0001113555929,0.24908588,0.150845009,944.5679605719994
3777,0.422226511,0.0001113556231,0.249239278,0.15026524800000002,944.8171998499994
3778,0.4223378666,0.0001113556535,0.249293602,0.150060014,945.0664934519993
3779,0.4224492223,0.0001113556841,0.248459645,0.150231879,945.3149530969994
3780,0.422560578,0.0001113557149,0.2522119,0.153493867,945.5671649969994
3781,0.4226719337,0.0001113557458,0.24998953,0.151457091,945.8171545269994
3782,0.4227832894,0.000111355777,0.249128929,0.15045451999999998,946.0662834559994
3783,0.4228946452,0.0001113558082,0.249025368,0.150027678,946.3153088239994
3784,0.423006001,0.0001113558396,0.248744295,0.149982318,946.5640531189995
3785,0.4231173569,0.0001113558712,0.248706982,0.15084266899999998,946.8127601009995
3786,0.4232287127,0.0001113559028,0.248802529,0.150723757,947.0615626299996
3787,0.4233400686,0.0001113559345,0.249135577,0.151018815,947.3106982069995
3788,0.4234514246,0.0001113559663,0.248951231,0.150044672,947.5596494379995
3789,0.4235627805,0.0001113559981,0.248832599,0.150102591,947.8084820369995
3790,0.4236741365,0.00011135603,0.249861935,0.151004686,948.0583439719995
3791,0.4237854926,0.0001113560619,0.249813089,0.151056798,948.3081570609995
3792,0.4238968486,0.0001113560939,0.248825803,0.150721891,948.5569828639996
3793,0.4240082047,0.0001113561259,0.248717609,0.150425661,948.8057004729995
3794,0.4241195608,0.0001113561579,0.249142681,0.150726558,949.0548431539995
3795,0.424230917,0.0001113561899,0.249819846,0.151644641,949.3046629999996
3796,0.4243422732,0.0001113562219,0.251603723,0.15242874499999998,949.5562667229996
3797,0.4244536294,0.0001113562539,0.249093469,0.15110869700000001,949.8053601919995
3798,0.4245649857,0.0001113562859,0.249340172,0.151245717,950.0547003639995
3799,0.4246763419,0.0001113563179,0.248998555,0.151026045,950.3036989189994
3800,0.4247876983,0.0001113563499,0.257261692,0.158463348,950.5609606109995
3801,0.4248990546,0.0001113563818,0.248265828,0.15052539199999998,950.8092264389994
3802,0.425010411,0.0001113564137,0.24952211,0.151474521,951.0587485489995
3803,0.4251217674,0.0001113564456,0.248991033,0.150593638,951.3077395819995
3804,0.4252331239,0.0001113564774,0.24946066,0.15127807100000001,951.5572002419995
3805,0.4253444803,0.0001113565092,0.248829676,0.15038637700000002,951.8060299179995
3806,0.4254558368,0.000111356541,0.269358234,0.15231592100000002,952.0753881519995
3807,0.4255671934,0.0001113565727,0.248554445,0.15037549,952.3239425969995
3808,0.42567855,0.0001113566044,0.248964622,0.150331045,952.5729072189995
3809,0.4257899066,0.0001113566361,0.251515738,0.152202599,952.8244229569995
3810,0.4259012632,0.0001113566677,0.249442673,0.150914822,953.0738656299994
3811,0.4260126199,0.0001113566992,0.248841767,0.150760062,953.3227073969995
3812,0.4261239766,0.0001113567307,0.250730404,0.15206988999999999,953.5734378009995
3813,0.4262353333,0.0001113567622,0.249306268,0.150857097,953.8227440689996
3814,0.4263466901,0.0001113567936,0.248411631,0.150696056,954.0711556999995
3815,0.4264580469,0.0001113568249,0.247412196,0.148654706,954.3185678959995
3816,0.4265694037,0.0001113568562,0.249297251,0.15049782,954.5678651469996
3817,0.4266807605,0.0001113568874,0.249358198,0.15076232,954.8172233449995
3818,0.4267921174,0.0001113569186,0.247499947,0.149420457,955.0647232919996
3819,0.4269034743,0.0001113569497,0.249080722,0.150626916,955.3138040139996
3820,0.4270148313,0.0001113569808,0.249650397,0.150644593,955.5634544109996
3821,0.4271261883,0.0001113570118,0.249121153,0.150492465,955.8125755639996
3822,0.4272375453,0.0001113570427,0.248758416,0.15041432999999998,956.0613339799996
3823,0.4273489023,0.0001113570736,0.24865051,0.149553804,956.3099844899996
3824,0.4274602594,0.0001113571044,0.257483373,0.159384463,956.5674678629996
3825,0.4275716165,0.0001113571352,0.247235007,0.149229358,956.8147028699996
3826,0.4276829736,0.0001113571658,0.247684211,0.149285486,957.0623870809995
3827,0.4277943308,0.0001113571965,0.248569826,0.150881735,957.3109569069995
3828,0.427905688,0.000111357227,0.251423911,0.15292684299999998,957.5623808179995
3829,0.4280170452,0.0001113572575,0.248849699,0.150335188,957.8112305169994
3830,0.4281284025,0.000111357288,0.248740781,0.15005254299999998,958.0599712979995
3831,0.4282397598,0.0001113573184,0.249167557,0.150946623,958.3091388549994
3832,0.4283511171,0.0001113573487,0.250200751,0.151757107,958.5593396059994
3833,0.4284624744,0.0001113573789,0.24945924,0.150933934,958.8087988459994
3834,0.4285738318,0.0001113574091,0.249974067,0.15117277899999998,959.0587729129994
3835,0.4286851892,0.0001113574393,0.248849156,0.149946027,959.3076220689994
3836,0.4287965467,0.0001113574694,0.250379782,0.151607322,959.5580018509994
3837,0.4289079041,0.0001113574994,0.250043458,0.151327362,959.8080453089995
3838,0.4290192616,0.0001113575293,0.249506829,0.15106095,960.0575521379994
3839,0.4291306192,0.0001113575592,0.249666086,0.151339955,960.3072182239995
3840,0.4292419767,0.0001113575891,0.253741972,0.154946755,960.5609601959994
3841,0.4293533343,0.0001113576188,0.248876202,0.150744621,960.8098363979994
3842,0.4294646919,0.0001113576486,0.252651841,0.154377122,961.0624882389994
3843,0.4295760496,0.0001113576782,0.24833524,0.150311649,961.3108234789994
3844,0.4296874073,0.0001113577078,0.259151872,0.160029263,961.5699753509994
3845,0.429798765,0.0001006175171,0.247985166,0.14996417,961.8179605169994
3846,0.4298993825,0.0001006175171,0.248494524,0.150245182,962.0664550409994
3847,0.43,0.0001106792688,0.248570721,0.149937554,962.3150257619993
3848,0.4301106793,0.0001113577886,0.250889679,0.151730407,962.5659154409993
3849,0.4302220371,0.0001113578377,0.252565182,0.154503365,962.8184806229993
3850,0.4303333949,0.0001113578678,0.250215945,0.150865195,963.0686965679994
3851,0.4304447528,0.0001113578983,0.248349929,0.150249627,963.3170464969994
3852,0.4305561107,0.0001113579282,0.249020069,0.151081307,963.5660665659994
3853,0.4306674686,0.000111357957,0.248814175,0.150632238,963.8148807409995
3854,0.4307788265,0.0001113579845,0.250760092,0.152225864,964.0656408329994
3855,0.4308901845,0.0001113580109,0.248210327,0.14985579300000001,964.3138511599994
3856,0.4310015425,0.0001113580364,0.249305835,0.15031119799999998,964.5631569949994
3857,0.4311129006,0.0001113580612,0.248452136,0.150150917,964.8116091309994
3858,0.4312242586,0.0001113580857,0.2489303,0.15068789300000002,965.0605394309994
3859,0.4313356167,0.0001113581099,0.261320143,0.162311425,965.3218595739994
3860,0.4314469748,0.000111358134,0.25706022,0.15067889099999998,965.5789197939994
3861,0.431558333,0.0001113581581,0.262728364,0.15006916,965.8416481579994
3862,0.4316696911,0.0001113581824,0.248639633,0.15066225300000002,966.0902877909995
3863,0.4317810493,0.0001113582067,0.273323149,0.151353048,966.3636109399995
3864,0.4318924075,0.0001113582313,0.249627675,0.150884871,966.6132386149995
3865,0.4320037657,0.0001113582561,0.249075093,0.150212394,966.8623137079995
3866,0.432115124,0.0001113582812,0.248916617,0.150387163,967.1112303249995
3867,0.4322264823,0.0001113583064,0.249610372,0.15070874,967.3608406969995
3868,0.4323378406,0.0001113583319,0.255825892,0.157258688,967.6166665889995
3869,0.4324491989,0.0001113583577,0.249211929,0.15070969,967.8658785179995
3870,0.4325605573,0.0001113583837,0.248458113,0.149669924,968.1143366309994
3871,0.4326719157,0.0001113584098,0.248311144,0.149541496,968.3626477749995
3872,0.4327832741,0.0001113584362,0.249514987,0.150090554,968.6121627619995
3873,0.4328946325,0.0001113584627,0.249687879,0.151519483,968.8618506409995
3874,0.433005991,0.0001113584894,0.249028569,0.150586053,969.1108792099994
3875,0.4331173495,0.0001113585163,0.251511338,0.15174042,969.3623905479994
3876,0.433228708,0.0001113585433,0.251360027,0.15251394000000001,969.6137505749995
3877,0.4333400665,0.0001113585704,0.248360027,0.15003023100000001,969.8621106019995
3878,0.4334514251,0.0001113585976,0.249578732,0.150814775,970.1116893339995
3879,0.4335627837,0.0001113586248,0.249982393,0.15114507900000002,970.3616717269995
3880,0.4336741423,0.0001113586522,0.251844861,0.151531732,970.6135165879995
3881,0.433785501,0.0001113586796,0.254136201,0.154696251,970.8676527889995
3882,0.4338968596,0.0001113587071,0.25080948,0.152338871,971.1184622689996
3883,0.4340082184,0.0001113587346,0.24941078,0.151017142,971.3678730489995
3884,0.4341195771,0.0001113587621,0.24904234,0.150859272,971.6169153889995
3885,0.4342309359,0.0001113587897,0.249139189,0.150583336,971.8660545779994
3886,0.4343422946,0.0001113588172,0.253777613,0.154677985,972.1198321909994
3887,0.4344536535,0.0001113588448,0.250011219,0.151070275,972.3698434099995
3888,0.4345650123,0.0001113588724,0.249141203,0.150142106,972.6189846129995
3889,0.4346763712,0.0001113589,0.249570972,0.150875675,972.8685555849995
3890,0.4347877301,0.0001113589276,0.248644697,0.14985479000000002,973.1172002819995
3891,0.434899089,0.0001113589552,0.250138206,0.150259744,973.3673384879995
3892,0.435010448,0.0001113589827,0.254271739,0.15575075,973.6216102269996
3893,0.4351218069,0.0001113590103,0.249894054,0.151867268,973.8715042809996
3894,0.435233166,0.0001113590378,0.248688577,0.150559732,974.1201928579997
3895,0.435344525,0.0001113590653,0.248662547,0.150417726,974.3688554049996
3896,0.4354558841,0.0001113590928,0.248999952,0.15011421600000002,974.6178553569996
3897,0.4355672431,0.0001113591202,0.248930286,0.149752945,974.8667856429996
3898,0.4356786023,0.0001113591477,0.248910083,0.150680685,975.1156957259997
3899,0.4357899614,0.000111359175,0.249924108,0.15136497599999998,975.3656198339996
3900,0.4359013206,0.0001113592024,0.248806261,0.15002898999999997,975.6144260949997
3901,0.4360126798,0.0001113592297,0.248620882,0.15009784799999998,975.8630469769996
3902,0.436124039,0.000111359257,0.249079825,0.150412168,976.1121268019996
3903,0.4362353983,0.0001113592842,0.249457647,0.150483741,976.3615844489996
3904,0.4363467576,0.0001113593114,0.249956809,0.15167414299999998,976.6115412579995
3905,0.4364581169,0.0001113593385,0.251588368,0.153283442,976.8631296259995
3906,0.4365694762,0.0001113593657,0.250317195,0.151385121,977.1134468209995
3907,0.4366808356,0.0001113593927,0.249799449,0.150834327,977.3632462699994
3908,0.436792195,0.0001113594197,0.248628565,0.150399846,977.6118748349994
3909,0.4369035544,0.0001113594467,0.249276069,0.150910763,977.8611509039994
3910,0.4370149138,0.0001113594736,0.250266092,0.151588924,978.1114169959993
3911,0.4371262733,0.0001113595005,0.249799053,0.15172787199999999,978.3612160489993
3912,0.4372376328,0.0001113595273,0.24917623,0.151073254,978.6103922789993
3913,0.4373489923,0.0001113595541,0.248902874,0.15029909400000002,978.8592951529993
3914,0.4374603519,0.0001113595808,0.249162581,0.15077115,979.1084577339992
3915,0.4375717115,0.0001113596075,0.248933851,0.15034113100000002,979.3573915849992
3916,0.4376830711,0.0001113596342,0.248863533,0.15030021,979.6062551179991
3917,0.4377944307,0.0001113596607,0.24817116,0.150376232,979.8544262779991
3918,0.4379057904,0.0001113596873,0.250165538,0.15085852900000002,980.1045918159991
3919,0.4380171501,0.0001113597138,0.249595588,0.150661083,980.3541874039992
3920,0.4381285098,0.0001113597402,0.251702775,0.152605717,980.6058901789992
3921,0.4382398695,0.0001113597666,0.248163905,0.149798835,980.8540540839991
3922,0.4383512293,0.0001113597929,0.249134623,0.150852482,981.1031887069992
3923,0.4384625891,0.0001113598192,0.249392578,0.150717664,981.3525812849991
3924,0.4385739489,0.0001113598454,0.254120718,0.15560859,981.6067020029991
3925,0.4386853087,0.0001113598716,0.248923895,0.14983128099999998,981.8556258979991
3926,0.4387966686,0.0001113598978,0.249494964,0.150585859,982.105120861999
3927,0.4389080285,0.0001113599239,0.250101139,0.151896211,982.355222000999
3928,0.4390193884,0.0001113599499,0.249689911,0.15130084900000002,982.604911911999
3929,0.4391307484,0.0001113599759,0.248930925,0.150561218,982.853842836999
3930,0.4392421084,0.0001113600019,0.250986667,0.15222909,983.104829503999
3931,0.4393534684,0.0001113600278,0.249856375,0.151257129,983.354685878999
3932,0.4394648284,0.0001113600536,0.250633826,0.15117083199999998,983.605319704999
3933,0.4395761884,0.0001113600794,0.249024226,0.150382674,983.854343930999
3934,0.4396875485,0.0001113601052,0.249203989,0.151026989,984.103547919999
3935,0.4397989086,0.0001005456857,0.249563165,0.151352977,984.353111084999
3936,0.4398994543,0.0001005456857,0.249502029,0.151392525,984.602613113999
3937,0.44,0.0001106002543,0.249402043,0.15010025999999999,984.8520151569991
3938,0.4401106003,0.0001113601705,0.250034642,0.151416782,985.102049798999
3939,0.4402219604,0.000111360218,0.249856037,0.151278488,985.351905835999
3940,0.4403333206,0.0001113602443,0.250402292,0.150979634,985.602308127999
3941,0.4404446809,0.0001113602708,0.252125132,0.153167445,985.8544332599989
3942,0.4405560412,0.0001113602968,0.258398009,0.159385673,986.1128312689989
3943,0.4406674015,0.0001113603217,0.249672507,0.151004374,986.3625037759989
3944,0.4407787618,0.0001113603453,0.249208208,0.150569026,986.6117119839989
3945,0.4408901221,0.0001113603678,0.248834689,0.150667014,986.8605466729989
3946,0.4410014825,0.0001113603894,0.250053804,0.151345026,987.1106004769989
3947,0.4411128429,0.0001113604105,0.248999019,0.151003851,987.359599495999
3948,0.4412242033,0.0001113604311,0.249660647,0.15072802200000002,987.609260142999
3949,0.4413355637,0.0001113604515,0.249723065,0.151695713,987.858983207999
3950,0.4414469242,0.0001113604718,0.250527107,0.151724796,988.109510314999
3951,0.4415582846,0.0001113604922,0.249385103,0.151001969,988.3588954179991
3952,0.4416696451,0.0001113605126,0.249739741,0.151126813,988.608635158999
3953,0.4417810056,0.0001113605333,0.248659034,0.150060902,988.857294192999
3954,0.4418923662,0.0001113605541,0.248943868,0.150627404,989.106238060999
3955,0.4420037267,0.0001113605752,0.249015959,0.149942879,989.3552540199989
3956,0.4421150873,0.0001113605965,0.254901154,0.156229538,989.6101551739989
3957,0.4422264479,0.0001113606181,0.258483231,0.159689319,989.8686384049989
3958,0.4423378085,0.00011136064,0.249344574,0.150387151,990.117982978999
3959,0.4424491692,0.0001113606621,0.248563084,0.150534535,990.366546062999
3960,0.4425605298,0.0001113606844,0.249738873,0.151043207,990.6162849359989
3961,0.4426718905,0.0001113607069,0.248804456,0.15056006,990.8650893919989
3962,0.4427832512,0.0001113607297,0.248502009,0.150153871,991.113591400999
3963,0.4428946119,0.0001113607526,0.248685685,0.14998756000000002,991.362277085999
3964,0.4430059727,0.0001113607757,0.249174942,0.15069053799999998,991.611452027999
3965,0.4431173335,0.000111360799,0.248779724,0.15034693,991.860231751999
3966,0.4432286943,0.0001113608224,0.249473561,0.151530756,992.1097053129989
3967,0.4433400551,0.0001113608459,0.248932463,0.15052815600000002,992.3586377759989
3968,0.4434514159,0.0001113608696,0.249311464,0.150768751,992.6079492399989
3969,0.4435627768,0.0001113608933,0.249109192,0.150718734,992.8570584319989
3970,0.4436741377,0.0001113609172,0.248450916,0.150213304,993.1055093479989
3971,0.4437854986,0.000111360941,0.249206272,0.150748215,993.354715619999
3972,0.4438968596,0.000111360965,0.249454177,0.1508754,993.6041697969989
3973,0.4440082205,0.000111360989,0.248757017,0.149984605,993.8529268139989
3974,0.4441195815,0.0001113610131,0.250203,0.151594979,994.103129813999
3975,0.4442309425,0.0001113610371,0.248583413,0.15023956300000002,994.351713226999
3976,0.4443423036,0.0001113610613,0.248640005,0.150643801,994.600353231999
3977,0.4444536646,0.0001113610854,0.248246414,0.149981114,994.848599645999
3978,0.4445650257,0.0001113611095,0.258952282,0.160715171,995.107551927999
3979,0.4446763868,0.0001113611337,0.249320706,0.15057771,995.356872633999
3980,0.444787748,0.0001113611579,0.250159399,0.150931027,995.6070320329991
3981,0.4448991091,0.000111361182,0.249531528,0.15070493000000001,995.8565635609991
3982,0.4450104703,0.0001113612062,0.248599462,0.150711964,996.1051630229991
3983,0.4451218315,0.0001113612304,0.249009847,0.150663246,996.3541728699992
3984,0.4452331927,0.0001113612545,0.249072007,0.150871522,996.6032448769992
3985,0.445344554,0.0001113612786,0.249020775,0.150886782,996.8522656519991
3986,0.4454559153,0.0001113613027,0.24886112,0.150264617,997.1011267719991
3987,0.4455672766,0.0001113613268,0.24946506,0.150846657,997.3505918319992
3988,0.4456786379,0.0001113613509,0.249403393,0.150483714,997.5999952249991
3989,0.4457899992,0.000111361375,0.248823439,0.150241395,997.8488186639992
3990,0.4459013606,0.000111361399,0.248561496,0.150057628,998.0973801599991
3991,0.446012722,0.000111361423,0.247834114,0.149366962,998.3452142739992
3992,0.4461240834,0.0001113614469,0.249366446,0.151115208,998.5945807199992
3993,0.4462354449,0.0001113614709,0.248180933,0.150647765,998.8427616529991
3994,0.4463468064,0.0001113614948,0.260080865,0.161844867,999.1028425179991
3995,0.4464581679,0.0001113615186,0.24899285,0.150291418,999.3518353679991
3996,0.4465695294,0.0001113615425,0.248318795,0.15051658099999998,999.6001541629992
3997,0.4466808909,0.0001113615663,0.248121282,0.150132963,999.8482754449992
3998,0.4467922525,0.00011136159,0.249628099,0.151500702,1000.0979035439992
3999,0.4469036141,0.0001113616137,0.248045388,0.149929754,1000.3459489319993
4000,0.4470149757,0.0001113616374,0.24933832,0.15052485,1000.5952872519993
4001,0.4471263373,0.000111361661,0.248896696,0.15020809400000001,1000.8441839479992
4002,0.447237699,0.0001113616846,0.249379296,0.151285397,1001.0935632439993
4003,0.4473490607,0.0001113617081,0.251966389,0.15307854199999998,1001.3455296329993
4004,0.4474604224,0.0001113617316,0.24769413,0.149511866,1001.5932237629993
4005,0.4475717841,0.0001113617551,0.248975508,0.150566356,1001.8421992709992
4006,0.4476831459,0.0001113617785,0.248802128,0.151013854,1002.0910013989992
4007,0.4477945076,0.0001113618018,0.248597734,0.15010442499999999,1002.3395991329992
4008,0.4479058694,0.0001113618251,0.249742623,0.150963971,1002.5893417559992
4009,0.4480172313,0.0001113618484,0.248778336,0.150459922,1002.8381200919991
4010,0.4481285931,0.0001113618716,0.249415553,0.15015083,1003.0875356449991
4011,0.448239955,0.0001113618948,0.257294027,0.15866334799999998,1003.344829671999
4012,0.4483513169,0.0001113619179,0.249855123,0.151653854,1003.594684794999
4013,0.4484626788,0.0001113619409,0.252237545,0.154015929,1003.846922339999
4014,0.4485740407,0.0001113619639,0.249798666,0.150762889,1004.0967210059989
4015,0.4486854027,0.0001113619869,0.249399953,0.150571185,1004.3461209589989
4016,0.4487967647,0.0001113620098,0.249294219,0.151308958,1004.5954151779989
4017,0.4489081267,0.0001113620326,0.249497682,0.15034556100000002,1004.8449128599989
4018,0.4490194887,0.0001113620554,0.251054153,0.152077181,1005.0959670129989
4019,0.4491308508,0.0001113620782,0.253638281,0.155660325,1005.3496052939989
4020,0.4492422129,0.0001113621009,0.250482981,0.151281347,1005.6000882749989
4021,0.449353575,0.0001113621235,0.249555492,0.15066771299999998,1005.849643766999
4022,0.4494649371,0.0001113621461,0.250152053,0.15117475600000002,1006.0997958199989
4023,0.4495762992,0.0001113621686,0.251076394,0.15172434,1006.350872213999
4024,0.4496876614,0.0001113621911,0.252097523,0.153420711,1006.602969736999
4025,0.4497990236,0.0001004881978,0.248632245,0.15050137800000002,1006.8516019819989
4026,0.4498995118,0.0001004881978,0.249029573,0.150228435,1007.1006315549989
4027,0.45,0.0001105370176,0.249840057,0.151040793,1007.350471611999
4028,0.450110537,0.0001113622433,0.248652567,0.150052462,1007.599124178999
4029,0.4502218993,0.0001113622891,0.247695969,0.149926821,1007.846820147999
4030,0.4503332615,0.000111362312,0.249476172,0.15088579200000002,1008.0962963199989
4031,0.4504446239,0.000111362335,0.253650646,0.155348185,1008.3499469659989
4032,0.4505559862,0.0001113623576,0.251408953,0.152100764,1008.6013559189989
4033,0.4506673486,0.000111362379,0.260816973,0.151784619,1008.862172891999
4034,0.4507787109,0.0001113623991,0.265494417,0.15384251999999998,1009.127667308999
4035,0.4508900733,0.0001113624181,0.250043794,0.15164133000000002,1009.377711102999
4036,0.4510014358,0.0001113624363,0.248722247,0.15082108300000002,1009.626433349999
4037,0.4511127982,0.0001113624538,0.250687993,0.151343171,1009.8771213429991
4038,0.4512241606,0.0001113624709,0.249175627,0.15064950900000001,1010.1262969699991
4039,0.4513355231,0.0001113624878,0.253894203,0.155495035,1010.380191172999
4040,0.4514468856,0.0001113625047,0.249538813,0.15084953,1010.629729985999
4041,0.4515582481,0.0001113625215,0.249424578,0.15113221,1010.879154563999
4042,0.4516696106,0.0001113625384,0.248514067,0.149585004,1011.127668630999
4043,0.4517809732,0.0001113625556,0.250363872,0.15219130800000003,1011.378032502999
4044,0.4518923357,0.0001113625729,0.248984716,0.150651488,1011.627017218999
4045,0.4520036983,0.0001113625904,0.249732378,0.150277112,1011.8767495969989
4046,0.4521150609,0.0001113626082,0.250179063,0.151207698,1012.126928659999
4047,0.4522264235,0.0001113626263,0.251555535,0.152772515,1012.3784841949989
4048,0.4523377861,0.0001113626446,0.250284764,0.15140083999999998,1012.6287689589989
4049,0.4524491488,0.0001113626631,0.248584291,0.150489618,1012.8773532499989
4050,0.4525605114,0.0001113626819,0.250237228,0.15120562999999998,1013.1275904779989
4051,0.4526718741,0.0001113627009,0.250835437,0.152498313,1013.3784259149988
4052,0.4527832368,0.00011136272,0.24894774,0.14993731799999999,1013.6273736549988
4053,0.4528945995,0.0001113627394,0.249738968,0.151233745,1013.8771126229988
4054,0.4530059623,0.0001113627589,0.248463484,0.15012033200000002,1014.1255761069988
4055,0.453117325,0.0001113627786,0.250575012,0.15154278300000001,1014.3761511189988
4056,0.4532286878,0.0001113627984,0.249986418,0.150976248,1014.6261375369988
4057,0.4533400506,0.0001113628183,0.250186726,0.15149756,1014.8763242629989
4058,0.4534514134,0.0001113628383,0.249928794,0.151225553,1015.1262530569988
4059,0.4535627763,0.0001113628584,0.249235657,0.150457299,1015.3754887139988
4060,0.4536741391,0.0001113628786,0.248202397,0.14971396199999998,1015.6236911109988
4061,0.453785502,0.0001113628989,0.249513458,0.15065302800000002,1015.8732045689989
4062,0.4538968649,0.0001113629192,0.248921535,0.150968245,1016.1221261039989
4063,0.4540082278,0.0001113629395,0.250274349,0.151530905,1016.3724004529989
4064,0.4541195908,0.0001113629599,0.249289681,0.150373755,1016.621690133999
4065,0.4542309537,0.0001113629803,0.260654498,0.162091923,1016.882344631999
4066,0.4543423167,0.0001113630007,0.254824533,0.155593313,1017.137169164999
4067,0.4544536797,0.0001113630212,0.249318082,0.150317368,1017.386487246999
4068,0.4545650427,0.0001113630416,0.247687258,0.149731811,1017.634174504999
4069,0.4546764058,0.0001113630621,0.248641041,0.15052685700000001,1017.882815545999
4070,0.4547877688,0.0001113630825,0.249721714,0.15080290600000001,1018.132537259999
4071,0.4548991319,0.000111363103,0.249734105,0.150903226,1018.382271364999
4072,0.455010495,0.0001113631234,0.248215368,0.149262859,1018.6304867329991
4073,0.4551218581,0.0001113631438,0.251264332,0.152414199,1018.8817510649991
4074,0.4552332213,0.0001113631642,0.24904827,0.149979009,1019.1307993349991
4075,0.4553445844,0.0001113631846,0.26589898,0.150562348,1019.3966983149991
4076,0.4554559476,0.000111363205,0.249397399,0.15096861299999997,1019.6460957139991
4077,0.4555673108,0.0001113632253,0.2511018,0.15174238499999998,1019.8971975139991
4078,0.4556786741,0.0001113632456,0.247685298,0.14960831800000002,1020.1448828119991
4079,0.4557900373,0.0001113632659,0.247079852,0.149283888,1020.391962663999
4080,0.4559014006,0.0001113632862,0.261617096,0.163547637,1020.653579759999
4081,0.4560127639,0.0001113633064,0.24880613,0.150660951,1020.9023858899991
4082,0.4561241272,0.0001113633266,0.258966972,0.160605384,1021.1613528619991
4083,0.4562354905,0.0001113633467,0.248555603,0.150054717,1021.4099084649991
4084,0.4563468538,0.0001113633668,0.251238777,0.153089307,1021.6611472419992
4085,0.4564582172,0.0001113633869,0.248486122,0.149574724,1021.9096333639992
4086,0.4565695806,0.0001113634069,0.248691328,0.14955715,1022.1583246919992
4087,0.456680944,0.0001113634269,0.248611838,0.150442787,1022.4069365299991
4088,0.4567923074,0.0001113634469,0.248095461,0.150172589,1022.6550319909992
4089,0.4569036709,0.0001113634668,0.247538275,0.14986757,1022.9025702659992
4090,0.4570150343,0.0001113634866,0.248117999,0.149676172,1023.1506882649992
4091,0.4571263978,0.0001113635064,0.249547041,0.150826595,1023.4002353059992
4092,0.4572377613,0.0001113635262,0.248997353,0.150006733,1023.6492326589993
4093,0.4573491249,0.0001113635458,0.248557808,0.151033264,1023.8977904669993
4094,0.4574604884,0.0001113635655,0.254764907,0.156111791,1024.1525553739993
4095,0.457571852,0.000111363585,0.248459697,0.15024404000000002,1024.4010150709994
4096,0.4576832155,0.0001113636045,0.249194721,0.151084528,1024.6502097919995
4097,0.4577945792,0.000111363624,0.249820018,0.151308159,1024.9000298099995
4098,0.4579059428,0.0001113636434,0.250119204,0.151416893,1025.1501490139995
4099,0.4580173064,0.0001113636628,0.250959895,0.151481217,1025.4011089089995
4100,0.4581286701,0.0001113636821,0.248766636,0.14948114299999998,1025.6498755449995
4101,0.4582400338,0.0001113637014,0.248959426,0.150764485,1025.8988349709996
4102,0.4583513975,0.0001113637207,0.24929362,0.150793415,1026.1481285909995
4103,0.4584627612,0.0001113637399,0.250325234,0.152251142,1026.3984538249995
4104,0.4585741249,0.0001113637591,0.248622563,0.15025857199999998,1026.6470763879995
4105,0.4586854887,0.0001113637783,0.248234457,0.149886898,1026.8953108449996
4106,0.4587968525,0.0001113637975,0.248317835,0.150274241,1027.1436286799997
4107,0.4589082163,0.0001113638166,0.249798786,0.15184034000000002,1027.3934274659996
4108,0.4590195801,0.0001113638357,0.249365295,0.150909507,1027.6427927609996
4109,0.4591309439,0.0001113638548,0.250339481,0.151526928,1027.8931322419996
4110,0.4592423078,0.0001113638739,0.249710337,0.15087151,1028.1428425789995
4111,0.4593536716,0.0001113638929,0.248388147,0.150513752,1028.3912307259995
4112,0.4594650355,0.0001113639119,0.24962525,0.15161588399999998,1028.6408559759996
4113,0.4595763994,0.0001113639309,0.249673133,0.15119074300000002,1028.8905291089995
4114,0.4596877634,0.0001113639498,0.249770441,0.15114116700000002,1029.1402995499996
4115,0.4597991273,0.0001004363366,0.248383191,0.150325872,1029.3886827409995
4116,0.4598995637,0.0001004363366,0.24861691,0.150690832,1029.6372996509995
4117,0.46,0.0001104799702,0.248443275,0.150064073,1029.8857429259995
4118,0.46011048,0.000111363988,0.249301082,0.150901097,1030.1350440079996
4119,0.460221844,0.0001113640319,0.25173948,0.153396452,1030.3867834879995
4120,0.460333208,0.0001113640513,0.249639226,0.15071351100000002,1030.6364227139995
4121,0.460444572,0.0001113640708,0.249064836,0.150019952,1030.8854875499994
4122,0.4605559361,0.0001113640898,0.252934072,0.153905897,1031.1384216219994
4123,0.4606673002,0.0001113641076,0.260749564,0.152352588,1031.3991711859994
4124,0.4607786643,0.0001113641242,0.251556236,0.153004258,1031.6507274219994
4125,0.4608900284,0.0001113641397,0.248921024,0.15061240799999998,1031.8996484459994
4126,0.4610013926,0.0001113641544,0.250341632,0.149830827,1032.1499900779995
4127,0.4611127567,0.0001113641684,0.250765488,0.15107782,1032.4007555659996
4128,0.4612241209,0.000111364182,0.248811201,0.15003191500000002,1032.6495667669997
4129,0.4613354851,0.0001113641954,0.249293239,0.150648801,1032.8988600059997
4130,0.4614468493,0.0001113642088,0.250733545,0.150750369,1033.1495935509997
4131,0.4615582135,0.0001113642221,0.250922743,0.151662284,1033.4005162939998
4132,0.4616695777,0.0001113642356,0.248908178,0.150833303,1033.6494244719997
4133,0.4617809419,0.0001113642493,0.250840445,0.151500753,1033.9002649169997
4134,0.4618923062,0.0001113642631,0.249228514,0.150664081,1034.1494934309997
4135,0.4620036705,0.0001113642772,0.249723981,0.151208636,1034.3992174119996
4136,0.4621150347,0.0001113642915,0.251334299,0.151884783,1034.6505517109997
4137,0.462226399,0.0001113643061,0.249204726,0.150442065,1034.8997564369997
4138,0.4623377633,0.000111364321,0.249469568,0.151028829,1035.1492260049997
4139,0.4624491276,0.0001113643361,0.249545902,0.15100404299999998,1035.3987719069996
4140,0.462560492,0.0001113643514,0.248974086,0.15037466500000002,1035.6477459929997
4141,0.4626718563,0.000111364367,0.248430895,0.15025697,1035.8961768879997
4142,0.4627832207,0.0001113643827,0.249317024,0.150556617,1036.1454939119997
4143,0.4628945851,0.0001113643986,0.248600631,0.150748508,1036.3940945429997
4144,0.4630059495,0.0001113644148,0.248280105,0.150634509,1036.6423746479998
4145,0.4631173139,0.000111364431,0.249299928,0.150687601,1036.8916745759998
4146,0.4632286783,0.0001113644474,0.249767674,0.151644988,1037.1414422499997
4147,0.4633400428,0.0001113644639,0.249435809,0.150641325,1037.3908780589998
4148,0.4634514072,0.0001113644806,0.248851162,0.150426136,1037.6397292209997
4149,0.4635627717,0.0001113644973,0.249709191,0.15109870800000003,1037.8894384119997
4150,0.4636741362,0.0001113645141,0.249690816,0.150773112,1038.1391292279998
4151,0.4637855007,0.000111364531,0.248469835,0.15043405599999998,1038.3875990629997
4152,0.4638968653,0.0001113645479,0.248451843,0.150937538,1038.6360509059998
4153,0.4640082298,0.0001113645649,0.249592917,0.15085579,1038.8856438229998
4154,0.4641195944,0.0001113645819,0.249204968,0.15035463500000001,1039.1348487909997
4155,0.464230959,0.000111364599,0.25603922,0.157175,1039.3908880109998
4156,0.4643423236,0.0001113646161,0.249087881,0.151135421,1039.6399758919997
4157,0.4644536882,0.0001113646332,0.249282009,0.15058599,1039.8892579009996
4158,0.4645650528,0.0001113646503,0.249799055,0.15089013499999998,1040.1390569559996
4159,0.4646764175,0.0001113646674,0.249313401,0.150583185,1040.3883703569998
4160,0.4647877821,0.0001113646845,0.248931165,0.149776173,1040.6373015219997
4161,0.4648991468,0.0001113647016,0.250988284,0.151780267,1040.8882898059996
4162,0.4650105115,0.0001113647187,0.249748413,0.150505645,1041.1380382189996
4163,0.4651218762,0.0001113647358,0.24965496,0.150915892,1041.3876931789996
4164,0.465233241,0.0001113647529,0.248723867,0.150258848,1041.6364170459997
4165,0.4653446057,0.00011136477,0.249716565,0.15116406599999999,1041.8861336109997
4166,0.4654559705,0.000111364787,0.248887236,0.150355885,1042.1350208469996
4167,0.4655673353,0.000111364804,0.249972348,0.151562316,1042.3849931949997
4168,0.4656787001,0.000111364821,0.247206505,0.149465458,1042.6321996999995
4169,0.4657900649,0.0001113648379,0.248379093,0.15060975,1042.8805787929996
4170,0.4659014297,0.0001113648549,0.24929401,0.150554822,1043.1298728029997
4171,0.4660127946,0.0001113648718,0.249551495,0.151088294,1043.3794242979998
4172,0.4661241595,0.0001113648886,0.249334778,0.151043709,1043.6287590759998
4173,0.4662355244,0.0001113649055,0.249813196,0.151572616,1043.878572272
4174,0.4663468893,0.0001113649223,0.249773368,0.150786403,1044.12834564
4175,0.4664582542,0.000111364939,0.249111158,0.15095565900000002,1044.377456798
4176,0.4665696191,0.0001113649557,0.250062246,0.15092449200000002,1044.6275190439999
4177,0.4666809841,0.0001113649724,0.250534164,0.151825764,1044.878053208
4178,0.466792349,0.0001113649891,0.24913932,0.150486017,1045.127192528
4179,0.466903714,0.0001113650056,0.25016436,0.151379169,1045.3773568880001
4180,0.467015079,0.0001113650222,0.249265174,0.15024896399999998,1045.626622062
4181,0.4671264441,0.0001113650387,0.249702819,0.15088474699999999,1045.876324881
4182,0.4672378091,0.0001113650552,0.256934837,0.152035968,1046.133259718
4183,0.4673491742,0.0001113650716,0.248629902,0.15046373400000002,1046.38188962
4184,0.4674605392,0.000111365088,0.250055239,0.15131619699999999,1046.631944859
4185,0.4675719043,0.0001113651043,0.248933561,0.15044486499999998,1046.88087842
4186,0.4676832694,0.0001113651206,0.248245257,0.149965682,1047.129123677
4187,0.4677946345,0.0001113651368,0.255854791,0.157575674,1047.384978468
4188,0.4679059997,0.000111365153,0.248779076,0.150046051,1047.633757544
4189,0.4680173648,0.0001113651692,0.249544252,0.150586259,1047.883301796
4190,0.46812873,0.0001113651853,0.259636966,0.161166699,1048.142938762
4191,0.4682400952,0.0001113652014,0.248466409,0.149899047,1048.391405171
4192,0.4683514604,0.0001113652174,0.248356393,0.15042176899999998,1048.639761564
4193,0.4684628256,0.0001113652333,0.249231435,0.15093968400000002,1048.888992999
4194,0.4685741908,0.0001113652493,0.249707187,0.151243925,1049.138700186
4195,0.4686855561,0.0001113652651,0.248854369,0.15049267500000002,1049.387554555
4196,0.4687969214,0.000111365281,0.250224767,0.151477354,1049.637779322
4197,0.4689082866,0.0001113652968,0.250243008,0.15136817400000002,1049.88802233
4198,0.4690196519,0.0001113653125,0.249614747,0.151067533,1050.137637077
4199,0.4691310172,0.0001113653282,0.249999998,0.151266129,1050.387637075
4200,0.4692423826,0.0001113653439,0.249033348,0.150137495,1050.636670423
4201,0.4693537479,0.0001113653595,0.250011001,0.15190025499999998,1050.886681424
4202,0.4694651133,0.0001113653751,0.255795209,0.157463759,1051.1424766330001
4203,0.4695764787,0.0001113653906,0.250397674,0.15110684000000002,1051.392874307
4204,0.469687844,0.0001113654061,0.249230728,0.15014551999999998,1051.642105035
4205,0.4697992094,0.0001003952757,0.248835544,0.150972309,1051.890940579
4206,0.4698996047,0.0001003952757,0.248735581,0.14989384700000002,1052.13967616
4207,0.47,0.0001104348032,0.249739228,0.15105111300000001,1052.3894153879999
4208,0.4701104348,0.0001113654306,0.249906468,0.150977719,1052.639321856
4209,0.4702218002,0.0001113654723,0.250904589,0.151223968,1052.8902264449998
4210,0.4703331657,0.0001113654881,0.249419055,0.15118995899999998,1053.1396455
4211,0.4704445312,0.0001113655041,0.249186628,0.150551135,1053.3888321279999
4212,0.4705558967,0.0001113655195,0.249344629,0.150665771,1053.6381767569999
4213,0.4706672622,0.0001113655339,0.260823642,0.162398621,1053.899000399
4214,0.4707786278,0.0001113655469,0.249998193,0.151004984,1054.148998592
4215,0.4708899933,0.0001113655589,0.250023477,0.151058937,1054.399022069
4216,0.4710013589,0.0001113655701,0.264917067,0.155055771,1054.663939136
4217,0.4711127244,0.0001113655806,0.25042324,0.151338969,1054.9143623759999
4218,0.47122409,0.0001113655908,0.24939079,0.150795634,1055.1637531659999
4219,0.4713354556,0.0001113656007,0.249611828,0.151498136,1055.413364994
4220,0.4714468212,0.0001113656106,0.257729802,0.15816775900000002,1055.671094796
4221,0.4715581868,0.0001113656206,0.249189041,0.15054197800000002,1055.920283837
4222,0.4716695524,0.0001113656307,0.249521646,0.150809543,1056.169805483
4223,0.4717809181,0.0001113656409,0.252428505,0.15293709900000002,1056.4222339879998
4224,0.4718922837,0.0001113656514,0.248923025,0.150564672,1056.6711570129999
4225,0.4720036494,0.0001113656622,0.250584457,0.15154398400000002,1056.92174147
4226,0.472115015,0.0001113656732,0.25003337,0.15060961,1057.17177484
4227,0.4722263807,0.0001113656845,0.250326788,0.15140266200000002,1057.4221016279998
4228,0.4723377464,0.0001113656961,0.249612724,0.150621064,1057.6717143519998
4229,0.4724491121,0.0001113657079,0.249720677,0.151146137,1057.9214350289997
4230,0.4725604778,0.00011136572,0.25353159,0.154394948,1058.1749666189996
4231,0.4726718435,0.0001113657323,0.249403521,0.150355943,1058.4243701399996
4232,0.4727832092,0.0001113657448,0.249452849,0.1509034,1058.6738229889995
4233,0.472894575,0.0001113657576,0.25005759,0.151440058,1058.9238805789996
4234,0.4730059407,0.0001113657705,0.251084466,0.151977975,1059.1749650449997
4235,0.4731173065,0.0001113657836,0.24945463,0.15136616,1059.4244196749996
4236,0.4732286723,0.0001113657968,0.249736511,0.150706132,1059.6741561859997
4237,0.4733400381,0.0001113658102,0.250330586,0.1517444,1059.9244867719997
4238,0.4734514039,0.0001113658237,0.249201169,0.150974053,1060.1736879409996
4239,0.4735627697,0.0001113658373,0.250241492,0.151597659,1060.4239294329996
4240,0.4736741356,0.000111365851,0.250233569,0.151456698,1060.6741630019997
4241,0.4737855014,0.0001113658648,0.249779423,0.151105663,1060.9239424249997
4242,0.4738968673,0.0001113658786,0.249229597,0.150725365,1061.1731720219998
4243,0.4740082331,0.0001113658925,0.249269957,0.150557959,1061.4224419789998
4244,0.474119599,0.0001113659065,0.249398513,0.15074669400000001,1061.6718404919998
4245,0.4742309649,0.0001113659205,0.252756131,0.153268998,1061.9245966229998
4246,0.4743423309,0.0001113659346,0.249010544,0.15106402200000002,1062.1736071669998
4247,0.4744536968,0.0001113659486,0.248836978,0.15058105,1062.4224441449999
4248,0.4745650628,0.0001113659628,0.248213085,0.150148803,1062.67065723
4249,0.4746764287,0.0001113659769,0.251000507,0.151623587,1062.921657737
4250,0.4747877947,0.000111365991,0.249265391,0.149810661,1063.1709231280001
4251,0.4748991607,0.0001113660052,0.248142397,0.15001517,1063.4190655250002
4252,0.4750105267,0.0001113660193,0.252920397,0.154297449,1063.6719859220002
4253,0.4751218927,0.0001113660335,0.250619262,0.15153376400000002,1063.9226051840003
4254,0.4752332587,0.0001113660477,0.249862036,0.150994149,1064.1724672200003
4255,0.4753446248,0.0001113660618,0.247847053,0.149426501,1064.4203142730003
4256,0.4754559908,0.000111366076,0.250330337,0.15080353600000002,1064.6706446100002
4257,0.4755673569,0.0001113660901,0.256688936,0.15373468099999998,1064.9273335460002
4258,0.475678723,0.0001113661042,0.248459832,0.150140665,1065.1757933780002
4259,0.4757900891,0.0001113661184,0.248812526,0.150576654,1065.4246059040001
4260,0.4759014552,0.0001113661325,0.250130785,0.15154457999999998,1065.6747366890002
4261,0.4760128214,0.0001113661466,0.248696076,0.149893281,1065.9234327650001
4262,0.4761241875,0.0001113661606,0.249049767,0.150843353,1066.1724825320002
4263,0.4762355537,0.0001113661747,0.2488582,0.149654599,1066.4213407320003
4264,0.4763469199,0.0001113661887,0.249290017,0.150431309,1066.6706307490003
4265,0.476458286,0.0001113662027,0.251673478,0.153310086,1066.9223042270003
4266,0.4765696522,0.0001113662167,0.253104736,0.154541764,1067.1754089630003
4267,0.4766810185,0.0001113662307,0.249778896,0.15078013899999998,1067.4251878590003
4268,0.4767923847,0.0001113662446,0.25816444,0.15849869300000002,1067.6833522990003
4269,0.4769037509,0.0001113662585,0.249101006,0.14996266800000002,1067.9324533050003
4270,0.4770151172,0.0001113662724,0.250038235,0.150793547,1068.1824915400002
4271,0.4771264835,0.0001113662862,0.248685407,0.15012549800000002,1068.4311769470003
4272,0.4772378498,0.0001113663001,0.250240378,0.151421982,1068.6814173250002
4273,0.4773492161,0.0001113663138,0.248584616,0.15076383,1068.9300019410002
4274,0.4774605824,0.0001113663276,0.249534839,0.15073159000000003,1069.1795367800003
4275,0.4775719487,0.0001113663413,0.250239578,0.150930736,1069.4297763580003
4276,0.477683315,0.000111366355,0.249931693,0.151548737,1069.6797080510003
4277,0.4777946814,0.0001113663687,0.247817252,0.15000466099999998,1069.9275253030003
4278,0.4779060478,0.0001113663823,0.248254936,0.150466862,1070.1757802390002
4279,0.4780174141,0.0001113663959,0.247623783,0.150214243,1070.4234040220003
4280,0.4781287805,0.0001113664094,0.249513809,0.150524456,1070.6729178310004
4281,0.4782401469,0.0001113664229,0.248094613,0.150064568,1070.9210124440003
4282,0.4783515134,0.0001113664364,0.248508664,0.150022543,1071.1695211080003
4283,0.4784628798,0.0001113664499,0.248936363,0.149952931,1071.4184574710002
4284,0.4785742463,0.0001113664633,0.249201445,0.15093428,1071.6676589160002
4285,0.4786856127,0.0001113664766,0.249303518,0.15061358600000002,1071.9169624340002
4286,0.4787969792,0.00011136649,0.248589823,0.150457175,1072.1655522570002
4287,0.4789083457,0.0001113665033,0.24965268,0.150980107,1072.4152049370002
4288,0.4790197122,0.0001113665165,0.249144701,0.150755643,1072.6643496380002
4289,0.4791310787,0.0001113665298,0.249204078,0.150998477,1072.9135537160003
4290,0.4792424452,0.000111366543,0.248422351,0.150270126,1073.1619760670003
4291,0.4793538118,0.0001113665561,0.249316503,0.15113838899999998,1073.4112925700003
4292,0.4794651783,0.0001113665692,0.249163014,0.15085575,1073.6604555840004
4293,0.4795765449,0.0001113665823,0.250396847,0.152400154,1073.9108524310004
4294,0.4796879115,0.0001113665954,0.248752989,0.15022187199999998,1074.1596054200004
4295,0.4797992781,0.000100360959,0.249183812,0.150992432,1074.4087892320003
4296,0.479899639,0.000100360959,0.249154264,0.150554396,1074.6579434960004
4297,0.48,0.0001103970549,0.247915199,0.149927162,1074.9058586950005
4298,0.4801103971,0.0001113666103,0.249938387,0.150598517,1075.1557970820004
4299,0.4802217637,0.0001113666505,0.25022695,0.152025622,1075.4060240320005
4300,0.4803331303,0.000111366664,0.249976637,0.150792408,1075.6560006690004
4301,0.480444497,0.0001113666774,0.266042225,0.151021392,1075.9220428940005
4302,0.4805558637,0.0001113666904,0.250200333,0.151306907,1076.1722432270005
4303,0.4806672303,0.0001113667023,0.257798907,0.158199056,1076.4300421340006
4304,0.480778597,0.0001113667129,0.250266134,0.1514219,1076.6803082680005
4305,0.4808899638,0.0001113667224,0.250566713,0.15187362399999998,1076.9308749810004
4306,0.4810013305,0.0001113667311,0.249655487,0.150726715,1077.1805304680004
4307,0.4811126972,0.0001113667393,0.249337542,0.150771978,1077.4298680100003
4308,0.481224064,0.000111366747,0.249181374,0.15038093800000002,1077.6790493840003
4309,0.4813354307,0.0001113667545,0.253588824,0.155109677,1077.9326382080003
4310,0.4814467975,0.000111366762,0.248933046,0.150187733,1078.1815712540003
4311,0.4815581642,0.0001113667696,0.248904356,0.15036628800000001,1078.4304756100003
4312,0.481669531,0.0001113667772,0.248829553,0.15077774,1078.6793051630002
4313,0.4817808978,0.0001113667851,0.249102562,0.150929676,1078.9284077250002
4314,0.4818922646,0.0001113667932,0.248395159,0.150043178,1079.1768028840002
4315,0.4820036313,0.0001113668016,0.250636305,0.15161481599999999,1079.427439189
4316,0.4821149981,0.0001113668103,0.248623836,0.150147806,1079.676063025
4317,0.482226365,0.0001113668192,0.261937589,0.162543939,1079.938000614
4318,0.4823377318,0.0001113668284,0.249242427,0.150422901,1080.1872430409999
4319,0.4824490986,0.0001113668379,0.24887546,0.15083047700000002,1080.4361185009998
4320,0.4825604654,0.0001113668476,0.250804057,0.151403398,1080.6869225579999
4321,0.4826718323,0.0001113668575,0.250150345,0.151226731,1080.937072903
4322,0.4827831991,0.0001113668677,0.24916468,0.150404007,1081.1862375829999
4323,0.482894566,0.0001113668781,0.251195799,0.152864396,1081.4374333819999
4324,0.4830059329,0.0001113668887,0.249414606,0.151020114,1081.686847988
4325,0.4831172998,0.0001113668995,0.249578419,0.150591031,1081.936426407
4326,0.4832286667,0.0001113669104,0.248760021,0.150528201,1082.185186428
4327,0.4833400336,0.0001113669214,0.249303784,0.150730493,1082.434490212
4328,0.4834514005,0.0001113669326,0.249667735,0.15130750599999998,1082.684157947
4329,0.4835627674,0.0001113669439,0.249898569,0.15110299900000002,1082.9340565159998
4330,0.4836741344,0.0001113669553,0.249203848,0.151014125,1083.1832603639998
4331,0.4837855013,0.0001113669668,0.249842458,0.151188465,1083.433102822
4332,0.4838968683,0.0001113669783,0.248735557,0.149962387,1083.6818383789998
4333,0.4840082353,0.0001113669899,0.258249775,0.159037274,1083.9400881539998
4334,0.4841196023,0.0001113670016,0.249080808,0.150964789,1084.1891689619997
4335,0.4842309693,0.0001113670133,0.248729483,0.15029646000000002,1084.4378984449997
4336,0.4843423363,0.000111367025,0.249550858,0.150595761,1084.6874493029998
4337,0.4844537033,0.0001113670368,0.255101847,0.156088281,1084.9425511499999
4338,0.4845650704,0.0001113670487,0.249851757,0.150878006,1085.1924029069999
4339,0.4846764374,0.0001113670605,0.249717852,0.150997252,1085.4421207589999
4340,0.4847878045,0.0001113670723,0.24980061,0.150678435,1085.6919213689998
4341,0.4848991715,0.0001113670842,0.250768807,0.15201237299999998,1085.9426901759998
4342,0.4850105386,0.0001113670961,0.250167908,0.151629148,1086.192858084
4343,0.4851219057,0.000111367108,0.248714698,0.15018613,1086.4415727819999
4344,0.4852332728,0.0001113671199,0.249476674,0.150344791,1086.691049456
4345,0.4853446399,0.0001113671318,0.250663874,0.151379898,1086.94171333
4346,0.4854560071,0.0001113671436,0.249137099,0.15064633300000002,1087.1908504290002
4347,0.4855673742,0.0001113671555,0.250219429,0.151534474,1087.4410698580002
4348,0.4856787414,0.0001113671674,0.248832827,0.15054741300000002,1087.689902685
4349,0.4857901085,0.0001113671792,0.248963635,0.150987849,1087.9388663200002
4350,0.4859014757,0.0001113671911,0.248397321,0.14944264499999999,1088.1872636410003
4351,0.4860128429,0.0001113672029,0.249052234,0.150341899,1088.4363158750002
4352,0.4861242101,0.0001113672147,0.249881567,0.151044821,1088.6861974420003
4353,0.4862355773,0.0001113672265,0.249160425,0.150708608,1088.9353578670002
4354,0.4863469446,0.0001113672383,0.25062358,0.15185696,1089.1859814470001
4355,0.4864583118,0.0001113672501,0.24926315,0.15034807,1089.435244597
4356,0.486569679,0.0001113672618,0.250300853,0.150773097,1089.68554545
4357,0.4866810463,0.0001113672736,0.250193577,0.15152499800000002,1089.935739027
4358,0.4867924136,0.0001113672853,0.249440057,0.15078659500000002,1090.1851790839999
4359,0.4869037809,0.0001113672969,0.24858559,0.149820222,1090.4337646739998
4360,0.4870151482,0.0001113673086,0.249195176,0.15089492799999998,1090.6829598499999
4361,0.4871265155,0.0001113673202,0.249290926,0.150601995,1090.9322507759998
4362,0.4872378828,0.0001113673318,0.249953539,0.15157300899999998,1091.1822043149998
4363,0.4873492501,0.0001113673433,0.248040239,0.14994996900000002,1091.4302445539997
4364,0.4874606175,0.0001113673549,0.249677925,0.15103998400000002,1091.6799224789997
4365,0.4875719848,0.0001113673664,0.25053638,0.151382603,1091.9304588589998
4366,0.4876833522,0.0001113673779,0.256834496,0.15645937399999998,1092.1872933549998
4367,0.4877947196,0.0001113673893,0.249235755,0.150765211,1092.4365291099998
4368,0.487906087,0.0001113674007,0.250121462,0.150596577,1092.6866505719997
4369,0.4880174544,0.0001113674121,0.249777534,0.150545959,1092.9364281059998
4370,0.4881288218,0.0001113674235,0.250685157,0.151497843,1093.1871132629997
4371,0.4882401892,0.0001113674348,0.249947544,0.151414225,1093.4370608069996
4372,0.4883515566,0.0001113674461,0.263903344,0.15032696899999998,1093.7009641509997
4373,0.4884629241,0.0001113674573,0.24947738,0.150647073,1093.9504415309996
4374,0.4885742915,0.0001113674685,0.249025096,0.15063198,1094.1994666269995
4375,0.488685659,0.0001113674797,0.249303467,0.15056,1094.4487700939994
4376,0.4887970265,0.0001113674909,0.250345525,0.150553288,1094.6991156189995
4377,0.488908394,0.000111367502,0.250169724,0.151358384,1094.9492853429995
4378,0.4890197615,0.0001113675131,0.262349716,0.16408274,1095.2116350589995
4379,0.489131129,0.0001113675242,0.247981176,0.15014544800000001,1095.4596162349994
4380,0.4892424965,0.0001113675352,0.248310708,0.150133683,1095.7079269429994
4381,0.489353864,0.0001113675462,0.248256625,0.15010738499999998,1095.9561835679995
4382,0.4894652316,0.0001113675571,0.249075451,0.150200497,1096.2052590189994
4383,0.4895765991,0.0001113675681,0.24907918,0.150315231,1096.4543381989995
4384,0.4896879667,0.000111367579,0.249403931,0.150611928,1096.7037421299995
4385,0.4897993343,0.0001003328524,0.248908338,0.15078565,1096.9526504679995
4386,0.4898996671,0.0001003328524,0.249176476,0.150707216,1097.2018269439995
4387,0.49,0.0001103661376,0.25080725,0.152659935,1097.4526341939995
4388,0.4901103661,0.0001113675854,0.249498495,0.15027872399999997,1097.7021326889994
4389,0.4902217337,0.0001113676244,0.248686158,0.150404243,1097.9508188469995
4390,0.4903331013,0.0001113676357,0.249576857,0.150809492,1098.2003957039994
4391,0.490444469,0.0001113676469,0.249603149,0.150963922,1098.4499988529994
4392,0.4905558366,0.0001113676577,0.248906779,0.150173178,1098.6989056319994
4393,0.4906672043,0.0001113676674,0.267380494,0.149831568,1098.9662861259994
4394,0.490778572,0.0001113676759,0.248993547,0.150661863,1099.2152796729995
4395,0.4908899396,0.0001113676832,0.249178381,0.150458688,1099.4644580539996
4396,0.4910013073,0.0001113676898,0.248845563,0.150616842,1099.7133036169996
4397,0.491112675,0.0001113676957,0.251131944,0.152098941,1099.9644355609996
4398,0.4912240427,0.0001113677013,0.253934751,0.15591585000000002,1100.2183703119997
4399,0.4913354104,0.0001113677067,0.249173768,0.15077121100000002,1100.4675440799997
4400,0.4914467781,0.0001113677121,0.248629243,0.150013857,1100.7161733229998
4401,0.4915581458,0.0001113677175,0.248488397,0.14990720800000001,1100.9646617199999
4402,0.4916695135,0.0001113677231,0.249658459,0.15067314399999998,1101.214320179
4403,0.4917808813,0.0001113677289,0.249457659,0.150460626,1101.463777838
4404,0.491892249,0.0001113677349,0.259479532,0.161631826,1101.7232573699998
4405,0.4920036167,0.0001113677412,0.249196849,0.150678081,1101.972454219
4406,0.4921149845,0.0001113677477,0.249565098,0.14970454,1102.2220193169999
4407,0.4922263522,0.0001113677546,0.248424231,0.149676279,1102.4704435479998
4408,0.49233772,0.0001113677617,0.248383271,0.14997581399999999,1102.7188268189998
4409,0.4924490877,0.0001113677691,0.248050357,0.14970578,1102.9668771759998
4410,0.4925604555,0.0001113677768,0.249463191,0.150735687,1103.2163403669997
4411,0.4926718233,0.0001113677847,0.249391719,0.15112023800000002,1103.4657320859997
4412,0.4927831911,0.0001113677928,0.248888747,0.15018142499999998,1103.7146208329996
4413,0.4928945589,0.0001113678012,0.250103024,0.151256282,1103.9647238569996
4414,0.4930059267,0.0001113678097,0.249981678,0.15167476,1104.2147055349997
4415,0.4931172945,0.0001113678184,0.25049012,0.15193345600000002,1104.4651956549997
4416,0.4932286623,0.0001113678273,0.24823251,0.149899176,1104.7134281649996
4417,0.4933400301,0.0001113678363,0.248352174,0.15058042,1104.9617803389997
4418,0.4934513979,0.0001113678455,0.248394166,0.149954548,1105.2101745049997
4419,0.4935627658,0.0001113678548,0.255739285,0.157433391,1105.4659137899996
4420,0.4936741336,0.0001113678641,0.253514718,0.154415783,1105.7194285079995
4421,0.4937855015,0.0001113678736,0.248992007,0.150823414,1105.9684205149995
4422,0.4938968694,0.0001113678832,0.250605471,0.152026616,1106.2190259859995
4423,0.4940082373,0.0001113678928,0.249321715,0.150768641,1106.4683477009994
4424,0.4941196052,0.0001113679025,0.248570587,0.150342529,1106.7169182879993
4425,0.4942309731,0.0001113679122,0.248475943,0.150652206,1106.9653942309992
4426,0.494342341,0.000111367922,0.248734228,0.150484955,1107.2141284589993
4427,0.4944537089,0.0001113679318,0.24947816,0.150605762,1107.4636066189994
4428,0.4945650768,0.0001113679416,0.248816577,0.149815956,1107.7124231959995
4429,0.4946764448,0.0001113679515,0.24851344,0.150594043,1107.9609366359994
4430,0.4947878127,0.0001113679614,0.249218408,0.150616864,1108.2101550439993
4431,0.4948991807,0.0001113679713,0.25001955,0.151653504,1108.4601745939992
4432,0.4950105487,0.0001113679812,0.248704778,0.15002278600000002,1108.7088793719993
4433,0.4951219166,0.0001113679912,0.248390462,0.15021240400000002,1108.9572698339994
4434,0.4952332846,0.0001113680011,0.24830843,0.150124621,1109.2055782639993
4435,0.4953446526,0.0001113680111,0.248305444,0.150592975,1109.4538837079992
4436,0.4954560206,0.000111368021,0.248241265,0.15021131100000001,1109.7021249729992
4437,0.4955673887,0.000111368031,0.249048285,0.150491926,1109.9511732579992
4438,0.4956787567,0.0001113680409,0.248749337,0.149708018,1110.1999225949992
4439,0.4957901247,0.0001113680509,0.249011489,0.150262921,1110.4489340839991
4440,0.4959014928,0.0001113680608,0.248781578,0.150107698,1110.6977156619992
4441,0.4960128608,0.0001113680707,0.248933775,0.149861474,1110.9466494369992
4442,0.4961242289,0.0001113680806,0.247839214,0.149894638,1111.1944886509991
4443,0.496235597,0.0001113680905,0.24774358,0.14959232700000002,1111.442232230999
4444,0.4963469651,0.0001113681004,0.247930342,0.149715891,1111.690162572999
4445,0.4964583332,0.0001113681103,0.24781948,0.14972444699999998,1111.9379820529991
4446,0.4965697013,0.0001113681202,0.248391029,0.14972062000000003,1112.1863730819991
4447,0.4966810694,0.00011136813,0.249992032,0.151279027,1112.436365113999
4448,0.4967924375,0.0001113681398,0.248203185,0.15000458,1112.684568298999
4449,0.4969038057,0.0001113681496,0.250839158,0.15274109600000002,1112.935407456999
4450,0.4970151738,0.0001113681594,0.25682283,0.158031908,1113.192230286999
4451,0.497126542,0.0001113681691,0.24893305,0.150876201,1113.441163336999
4452,0.4972379102,0.0001113681789,0.249013275,0.150706185,1113.6901766119988
4453,0.4973492783,0.0001113681886,0.251381433,0.153324195,1113.9415580449988
4454,0.4974606465,0.0001113681983,0.248603006,0.15020620299999998,1114.1901610509988
4455,0.4975720147,0.0001113682079,0.248287802,0.150209858,1114.4384488529988
4456,0.4976833829,0.0001113682176,0.247948451,0.149656782,1114.6863973039988
4457,0.4977947512,0.0001113682272,0.249739446,0.150640256,1114.9361367499987
4458,0.4979061194,0.0001113682367,0.248007839,0.15024055400000003,1115.1841445889986
4459,0.4980174876,0.0001113682463,0.248873576,0.15062600399999998,1115.4330181649987
4460,0.4981288559,0.0001113682558,0.248715542,0.150022019,1115.6817337069986
4461,0.4982402241,0.0001113682653,0.248859692,0.151039861,1115.9305933989986
4462,0.4983515924,0.0001113682748,0.252939061,0.153403135,1116.1835324599986
4463,0.4984629607,0.0001113682842,0.249966055,0.151330346,1116.4334985149985
4464,0.4985743289,0.0001113682936,0.246783277,0.148858985,1116.6802817919986
4465,0.4986856972,0.000111368303,0.249052432,0.15048566400000002,1116.9293342239987
4466,0.4987970655,0.0001113683124,0.248817887,0.15037259,1117.1781521109988
4467,0.4989084339,0.0001113683217,0.248172785,0.150343113,1117.4263248959987
4468,0.4990198022,0.000111368331,0.247915644,0.149916909,1117.6742405399987
4469,0.4991311705,0.0001113683403,0.249428981,0.151834482,1117.9236695209986
4470,0.4992425388,0.0001113683495,0.249095358,0.150577968,1118.1727648789986
4471,0.4993539072,0.0001113683587,0.248237977,0.14964261,1118.4210028559985
4472,0.4994652756,0.0001113683679,0.248659978,0.14998648199999998,1118.6696628339985
4473,0.4995766439,0.0001113683771,0.248147061,0.149409273,1118.9178098949985
4474,0.4996880123,0.0001113683862,0.252749738,0.15399494,1119.1705596329984
4475,0.4997993807,0.0001003096564,0.250814199,0.152607239,1119.4213738319984
4476,0.4998996903,0.0001003096564,0.247836126,0.150168268,1119.6692099579984
